chunk_id,file_name,heading_path,start_line,end_line,tokens,anchor_fragment,jump_url,text,source_path,char_start,char_end,source_url
3ad8fd87-b88f-4d85-8dab-7106b71a6ca6,Abbreviations.md,['Abbreviations'],1,6,23,#abbreviations,,"# Abbreviations
Abbreviations are shortened words. They can hinder people’s understanding, so they have limited uses.
---",Style Guide Content/Abbreviations.md,0,121,
98e6f577-5861-4b8c-bc37-811f3a5d4a29,Abbreviations.md,"['Abbreviations', 'Guidance']",7,16,57,#abbreviations/guidance,,"## Guidance
- Limit the use of abbreviations  
- Don’t put a full stop after most abbreviations  
- Capitalise the same way as the spelt-out version  
- Don’t abbreviate the first word in a sentence  
- Add ‘s’ to create plural abbreviations
---",Style Guide Content/Abbreviations.md,123,368,
5f065dfe-c35f-42f4-8bb4-040c0f3e552e,Abbreviations.md,"['Abbreviations', 'Limit the use of abbreviations']",17,57,340,#abbreviations/limit-the-use-of-abbreviations,,"## Limit the use of abbreviations
Abbreviations contain the first single letter or first few letters of a word. They don’t include the last letter of a word.
**Example**
> app for ‘appendix’  
> vol for ‘volume’  
> cont for ‘continued’  
> p for ‘page’  
> para for ‘paragraph’
Abbreviations are generally not good for readability and can be misunderstood. Avoid using them in general content where possible.
**Like this**
> Thank you for your email about errors in the third paragraph of the webpage *How to apply for a special use permit*.
**Not this**
> Thank you for your email about errors in the third para of the webpage *How to apply for a special use permit*.
Abbreviations are useful in very limited circumstances:
- in a table or chart, where space is unavailable for the full form of the word – provide a note under the table or chart giving the full form  
- when using ‘cont’ to show continuing text in another part of content (for example, on another page of a print newsletter) – the full form of the word is more helpful where space allows.
Semi-formal and informal content uses abbreviations more often. Use abbreviations only if users will understand what they mean. If there’s any doubt, define the abbreviation on first use.
Avoid using abbreviations in any public-facing content.
---
### Accessibility requirements
Avoid (or explain) unusual words, phrases, idioms and so on.
**WCAG quick reference:**
- 3.1.3 Unusual words – level AAA  
- 3.1.4 Abbreviations – level AAA
---",Style Guide Content/Abbreviations.md,370,1868,
794940d6-b94c-488f-9e0b-2de3f3293249,Abbreviations.md,"['Abbreviations', 'Don’t put a full stop after most abbreviations']",58,76,198,#abbreviations/dont-put-a-full-stop-after-most-abbreviations,,"## Don’t put a full stop after most abbreviations
Don’t place a full stop after an abbreviation.
**Exceptions:**
- when the abbreviation ends a sentence and isn’t followed by another punctuation mark  
- for abbreviations of scientific names for plants and animals  
- for the abbreviation ‘n.d.’ (meaning ‘no date’) for the year of publication in references.
**Example**
> It’s listed as a container of ‘misc goods’. [No full stop after the abbreviation]  
> The full name of the company is Sizzling Outback Tours Inc. [A full stop after the abbreviation ends the sentence]  
> Have you reviewed the relevant para? [No full stop after the abbreviation: another punctuation mark ends the sentence]  
> *Xanthorrhoea glauca subsp. angustifolia* [Full stop in the abbreviation for ‘subspecies’]  
> Office of Parliamentary Counsel (n.d.) *Glossary*, Federal Register of Legislation website, accessed 12 January 2020. [No date of publication on this webpage]
---",Style Guide Content/Abbreviations.md,1870,2829,
700d62e6-0f98-4cc6-ab25-20ebd051e54d,Abbreviations.md,"['Abbreviations', 'Capitalise the same way as the spelt-out version']",77,86,37,#abbreviations/capitalise-the-same-way-as-the-spelt-out-version,,"## Capitalise the same way as the spelt-out version
Use the same capitalisation as for the unabbreviated word.
**Example**
> misc for ‘miscellaneous’  
> Dec for ‘December’
---",Style Guide Content/Abbreviations.md,2831,3007,
0c6898a0-a28d-42f4-a03d-218def797c7f,Abbreviations.md,"['Abbreviations', 'Don’t abbreviate the first word in a sentence']",87,95,36,#abbreviations/dont-abbreviate-the-first-word-in-a-sentence,,"## Don’t abbreviate the first word in a sentence
Write out the abbreviated term in full.
**Example**
> Appendix B explains this further. [Not ‘App B’]
---",Style Guide Content/Abbreviations.md,3009,3163,
8c044602-294e-4b3b-9292-9750576a2d0d,Abbreviations.md,"['Abbreviations', 'Add ‘s’ to create plural abbreviations']",96,105,51,#abbreviations/add-s-to-create-plural-abbreviations,,"## Add ‘s’ to create plural abbreviations
Add an ‘s’. One exception is ‘pp’ (pages), which is used when referring to multiple pages.
**Example**
> I’ve sent you some paras to check.  
> Refer to pp 58–64.
---",Style Guide Content/Abbreviations.md,3165,3373,
4266c5c7-90fb-4302-af70-8d64174537ef,Abbreviations.md,"['Abbreviations', 'Release notes']",106,123,259,#abbreviations/release-notes,,"## Release notes
The digital edition recommends avoiding use of abbreviations in general content, and in any public-facing content. It follows the *Content Guide’s* advice to avoid using Latin shortened forms.
The digital edition lists common shortened forms and provides advice on the limited circumstances where they could be used and how to punctuate them.
This is a departure from advice in the sixth edition, which listed ‘thoroughly anglicised’ shortened forms used regularly in publications. It did not explicitly warn against their use. The sixth edition recommended against using ‘i.e.’, ‘e.g.’ and ‘etc.’ in paragraph text and in formal content.
The digital edition removes the sixth edition requirement to use full stops with non-Latin abbreviations. Exceptions to this rule are:
- Latin shortened forms (including for the formal names of plants and animals)  
- the abbreviation for ‘no date’ (n.d.) used in referencing and citation.
The new general rule is supported by corpus information checked with the Australian National Dictionary Centre. It is consistent with the recommendation to use minimal punctuation. The removal of full stops affects style for abbreviations of:
- Australian place names  
- organisation names  
- months and days of the week.",Style Guide Content/Abbreviations.md,3375,4644,
435e5eba-4804-46a5-98cb-3d25b0526a70,Academics and professionals.md,['Academics and professionals'],1,6,48,#academics-and-professionals,,"# Academics and professionals
Follow these rules to address and title academics and professionals correctly. The guidance focuses on academics, medical practitioners, dentists and veterinarians. Apply the rules when writing about individuals in other professions.
---",Style Guide Content/Academics and professionals.md,0,267,
28b965d2-65a7-4c62-8e44-a48f1e1fcd14,Academics and professionals.md,"['Academics and professionals', 'Guidance']",7,21,109,#academics-and-professionals/guidance,,"## Guidance
- Use initial capitals for the titles of individual academics and professionals  
- Use full titles in certain contexts  
- Titles immediately before a name  
- Titles that replace a name  
- Titles after a name  
- Use lower case for titles used in a generic way  
- Use title, name and post-nominals at first mention  
- Write post-nominals after the name in academic and professional titles  
- Titles for academics  
- Titles for medical practitioners, dentists and veterinarians
---",Style Guide Content/Academics and professionals.md,269,768,
496bc477-c13d-4f03-869c-19accc779767,Academics and professionals.md,"['Academics and professionals', 'Use initial capitals for the titles of individual academics and professionals']",22,33,78,#academics-and-professionals/use-initial-capitals-for-the-titles-of-individual-academics-and-professionals,,"## Use initial capitals for the titles of individual academics and professionals
The academic and professional titles held by individuals usually have initial capitals. This includes honorary titles.
Use lower case if you use a title generically.
**Example**
> Adjunct Professor Monty Chiratte [Honorary academic title]  
> All general surgeons at the hospital attended Wednesday’s forum. [Generic use]
---",Style Guide Content/Academics and professionals.md,770,1176,
ff984782-6d6d-4bf0-ad85-0e8039e945d6,Academics and professionals.md,"['Academics and professionals', 'Use full titles in certain contexts']",34,52,148,#academics-and-professionals/use-full-titles-in-certain-contexts,,"## Use full titles in certain contexts
Academics and professionals are often addressed by their ‘full title’. A full title includes the title or honorific (with initial capitals), name, post-nominals, position and organisation.
Use a full title:
- to introduce an individual as speaker  
- in address and signature blocks in correspondence  
- in official records of proceedings  
- in lists in organisational publications such as annual reports  
- if it is important to know where an individual works.
A full title is often about using titles in a display or presentation context (display text).
**Example**
> Professor Margaret Sheil AO, Vice-Chancellor and President, Queensland University of Technology [Full title]
---",Style Guide Content/Academics and professionals.md,1178,1902,
1bc03eb6-6d0c-480d-9cad-64b040a9acad,Academics and professionals.md,"['Academics and professionals', 'Titles immediately before a name']",53,79,404,#academics-and-professionals/titles-immediately-before-a-name,,"## Titles immediately before a name
Use initial capitals for titles that appear immediately before a person’s name. Do this unless the title is generic.
Also use initial capitals for the shortened forms of titles.
**Example**
> Our new vice-chancellor and president is Professor Rufus Black.  
> We welcome Dr Jamilah Mulyadi to our clinic. Dr Mulyadi is now available for skin examinations.
### Shortened forms for titles immediately before a name
Only use shortened forms of titles in limited circumstances. People might understand common contractions like ‘Prof’ for ‘Professor’, but some shortened forms are confusing. For example, the initialism for ‘Pro Vice-Chancellor’ is ‘PVC’. To ensure your content is readable, write the title in full.
Shortened forms are sometimes necessary because of limited space — for example, in tables. List the full form of any title that people might find confusing in a note.
The space available for image captions can be limited, but write the full names and titles as a default. If you have to use initials and the shortened forms of titles in a caption, always include the full forms in body text to provide context.
‘Dr’ is an exception in all instances. Like ‘Ms’ and ‘Mr’, ‘Dr’ is easy to understand when it appears before a name.
**Example**
> Departmental officers recently attended Upsilon University’s annual Copyright Symposium. The academic panel (pictured below), chaired by Vice-Chancellor Tom Dhillon, discussed recent cases with implications for fair dealing provisions of the Copyright Act 1968. [Body text: spelt-out titles]  
> Left to right: Associate Professor Sara Baird, Vice-Chancellor Tom Dhillon, Dean Frank Ealing, Adjunct Professor Olena Iraklidis, Dr Celia Nieminen [Image caption: preferred style]  
> Left to right: Assoc Prof S Baird, VC T Dhillon, Dean F Ealing, Adj Prof O Iraklidis, Dr C Nieminen [Image caption: only for limited space]
---",Style Guide Content/Academics and professionals.md,1904,3818,
8423918a-04d0-498f-9207-e00c3393baff,Academics and professionals.md,"['Academics and professionals', 'Titles that replace a name']",80,100,203,#academics-and-professionals/titles-that-replace-a-name,,"## Titles that replace a name
Use initial capitals for official titles that replace a name.
Titles replacing a name also have initial capitals:
- when you address someone directly  
- for salutations in correspondence.
For all other uses, titles that replace a name should be lower case.
These other uses include abbreviated titles and titles given by an organisation to a role or position. Academic and professional organisations might capitalise such titles as a mark of respect or status, but this is not Australian Government style. Treat them as generic and use lower case.
**Example**
> The Vice-Chancellor of the University of Tasmania visited last week. [Initial capitals: official title replacing name]  
> The vice-chancellor visited Burnie campus last week. [Lower case: abbreviated title replacing name]  
> Dear Chancellor [Initial capital: salutation]  
> ‘We note your concerns Doctor. Thank you for bringing this evidence before the committee’. [Initial capital: direct address]
---",Style Guide Content/Academics and professionals.md,3820,4818,
6692a6f3-262c-43fd-9fec-fb74463a7a98,Academics and professionals.md,"['Academics and professionals', 'Titles after a name']",101,132,289,#academics-and-professionals/titles-after-a-name,,"## Titles after a name
Use lower case for most titles that appear after a name. These titles describe the individual and are generic.
**Exception:** Only use initial capitals for titles after a name in a full title.
This includes for:
- address and signature blocks in correspondence  
- lists in organisational publications such as annual reports.
Follow your organisation’s template style for signature blocks. Templates apply design elements and list all elements in correct order. Some organisations prefer all capitals for names, titles and the organisation’s name.
**Example**
> They met with Associate Professor Dianne Stephens OAM, medical director of the National Critical Care and Trauma Response Centre. [Lower case: generic descriptive title in body text]  
> Associate Professor Dianne Stephens OAM, Medical Director, National Critical Care and Trauma Response Centre [Initial capitals: full title]  
> Professor Chris Goodnow FAA FRS  
> Executive Director  
> Garvan Institute of Medical Research  
> 384 Victoria Street  
> Darlinghurst NSW 2010  
> Australia [Initial capitals: full title for address block]  
> Dr Fatima Dashti FASM  
> Director (Research)  
> Institute for Viruses  
> telephone  
> email  
> website [Initial capitals: full title for signature block]  
> #LIVE #COVID Update with Professor Paul Kelly, Australian Government Chief Medical Officer, Department of Health. [Initial capitals: full title to introduce speaker]
---",Style Guide Content/Academics and professionals.md,4820,6281,
634f23f2-8a19-427f-b45c-29dfb00d31d1,Academics and professionals.md,"['Academics and professionals', 'Use lower case for titles used in a generic way']",133,156,209,#academics-and-professionals/use-lower-case-for-titles-used-in-a-generic-way,,"## Use lower case for titles used in a generic way
Generic use of academic and professional titles includes:
- titles that describe a named individual  
- plural titles  
- common nouns.
As shown in the previous section, most titles that appear after a name are generic.
Some titles appearing immediately before a name are also generic because they describe the individual. These titles are usually preceded by ‘the’ or a modifier.
**Example**
> Professor Bartlett, the university’s vice-chancellor, welcomed alumni to the reception.  
> The research fellow Lydia Mbegngue wrote extensively on this topic.  
> Several postdoctoral fellows in the research facility met last week.  
> A provost oversees a university’s academic performance.  
> Dhriti Saxena is a local doctor in general practice.  
> They met with former medical director Tom Perera.  
> Two doctors from this practice attended the conference.  
> It is important to see your doctor to develop an asthma action plan.
---",Style Guide Content/Academics and professionals.md,6283,7269,
f296261a-de2b-4a40-b92c-8e262ed4e892,Academics and professionals.md,"['Academics and professionals', 'Use title, name and post-nominals at first mention']",157,171,157,#academics-and-professionals/use-title-name-and-post-nominals-at-first-mention,,"## Use title, name and post-nominals at first mention
When you write about an individual, it’s respectful to use their title.
The first time you mention someone in body text, use their academic or professional title before their first name and last name, followed by post-nominals.
If you mention the individual again, only use the title and last name. Some academic titles have an accepted abbreviated title you can use after the first mention.
**Example**
> Emeritus Professor Stephen Duckett has extensive experience in health care at senior leadership level. Professor Duckett’s membership of the RMIT Council concludes in 2022.
Never use the shortened form of the title in body text (‘Prof’ for example), except for ‘Dr’.
---",Style Guide Content/Academics and professionals.md,7271,8001,
8375865c-1039-461a-bf7c-6c175930cf9c,Academics and professionals.md,"['Academics and professionals', 'Write post-nominals after the name in academic and professional titles']",172,205,226,#academics-and-professionals/write-post-nominals-after-the-name-in-academic-and-professional-titles,,"## Write post-nominals after the name in academic and professional titles
Post-nominals are letters after a name that stand for academic, civil and military awards and honours.
- Make sure you write post-nominals in the right order.  
- Don’t use commas before or between post-nominals.
**Example**
> Professor Sally Wheeler OBE MRIA FAcSS FAAL
### Use post-nominals at first mention only
**Example**
> Dr Ziggy Switkowski AO has been chancellor of RMIT since 2011. Dr Switkowski is also chair of NBN Co.
### Include post-nominals in shortened forms of titles
**Example**
> Attendees: Dr Z Switkowski AO, Prof M Bean CBE, Dr S Andrews, Ms J Latchford, Prof S Duckett, Ms T McLaughin and Mr D Hoogstra.
### Use post-nominals for academic and professional qualifications in 2 contexts
- for correspondence within the academic community  
- to show relevant expertise.
**Example**
> Dr Zdenka Svoboda or Zdenka Svoboda PhD  
> Dr Amin Salke MD FRACGP  
> Brent Hulot CPA  
> Mark Price BEngTech TMIEAust  
> Mia Lillard BCom CFP
---",Style Guide Content/Academics and professionals.md,8003,9032,
535ef61b-01ac-445c-9179-187d2739dbb8,Academics and professionals.md,"['Academics and professionals', 'Titles for academics']",206,252,271,#academics-and-professionals/titles-for-academics,,"## Titles for academics
In most contexts, address academics with their full title: title or honorific, name, position, post-nominals and academic institution.
**Example**
> Associate Professor Peter Spencer, College of Science, Health, Engineering and Education, Murdoch University  
> Distinguished Professor Larissa Behrendt AO  
> Director of Research  
> Jumbunna Institute for Indigenous Education and Research  
> University of Technology Sydney
### An academic who is knighted
Use ‘Sir’ or ‘Dame’ after the academic title.
**Example**
> Chancellor Dame Leonie Kramer AC DBE  
> Chancellor Sir Albert Axon KBE
### Emails and letters to academics
Keep the initial capital for the title in correspondence when you’re writing to a specific person.
- In formal correspondence:
  > Dear Associate Professor … Yours faithfully
- In less formal correspondence:
  > Dear Associate Professor … Yours sincerely
### People with doctorates
You can address people who hold a doctorate as ‘Doctor’ or ‘Dr’ (without a full stop).
When writing ‘Dear’ without the person’s name, write ‘Doctor’ in full.
**Example**
> Dear Dr Muecke  
> Dear Doctor
### A holder of a doctorate who is knighted
If the holder of a doctorate is knighted, don’t address them as ‘Doctor’.
**Example**
> Dame Bridget Ogilvie AC DBE FRS FAA
---",Style Guide Content/Academics and professionals.md,9034,10342,
62a5c403-590c-4eb3-a407-3ff59b4b48a9,Academics and professionals.md,"['Academics and professionals', 'Titles for medical practitioners, dentists and veterinarians']",253,271,142,#academics-and-professionals/titles-for-medical-practitioners-dentists-and-veterinarians,,"## Titles for medical practitioners, dentists and veterinarians
Use ‘Doctor’ or ‘Dr’ for medical practitioners, dentists and veterinarians, whether or not they hold a doctorate. Those with a doctorate may choose to add the post-nominal ‘PhD’.
Surgeons in human medicine are traditionally called ‘Mr’, ‘Ms’ or their preferred honorific.
It is best to contact the doctor’s practice if you are unsure of their preferred honorific.
**Example**
> Doctor Farida Khan  
> Dr Wilson Chang MBBS  
> Dr Tina Macleod MD PhD  
> Dr Phil Smith BDS  
> Dr Eve Fenton BVSc DVM  
> Miss Patricia Woo MBBS FRACS FAOrthA MsurgEd  
> Professor Henry Nicklin MBBS FRANZCP
---",Style Guide Content/Academics and professionals.md,10344,10999,
a82138d6-cbae-4985-8ce4-b699de582c27,Academics and professionals.md,"['Academics and professionals', 'Release notes']",272,280,92,#academics-and-professionals/release-notes,,"## Release notes
The digital edition includes the information from the sixth edition with updated and additional examples.
Capitalisation rules are linked to the title’s position in relation to the name. It introduces the concept of a ‘full title’, mostly used in display contexts.
The sixth edition included relevant information about titles for academics and professionals.
The Content Guide had very brief information about abbreviations for some academic qualifications.",Style Guide Content/Academics and professionals.md,11001,11475,
fb2b9939-3faa-4c9a-a482-86040d264cce,Acronyms and initialisms.md,['Acronyms and initialisms'],1,6,39,#acronyms-and-initialisms,,"# Acronyms and initialisms
Acronyms and initialisms are shortened forms. They replace full names and special terms in text. Use them only if people recognise and understand them.
---",Style Guide Content/Acronyms and initialisms.md,0,182,
ba70307b-f2bf-4008-91eb-be550ced27ac,Acronyms and initialisms.md,"['Acronyms and initialisms', 'Guidance']",7,19,105,#acronyms-and-initialisms/guidance,,"## Guidance
- Choose acronyms and initialisms people will recognise  
- Explain acronyms and initialisms to all users  
- Check the correct shortened form for government organisations  
- Include a list if content relies on many acronyms and initialisms  
- Don’t end acronyms and initialisms with a full stop  
- Use capitals for most acronyms and initialisms  
- Avoid plural and possessive forms on the first use  
- Quote acronyms and initialisms the same way as the speaker
---",Style Guide Content/Acronyms and initialisms.md,184,666,
aa4210e0-74af-4879-9334-7ac90ae857ed,Acronyms and initialisms.md,"['Acronyms and initialisms', 'Choose acronyms and initialisms people will recognise']",20,55,239,#acronyms-and-initialisms/choose-acronyms-and-initialisms-people-will-recognise,,"## Choose acronyms and initialisms people will recognise
Acronyms comprise the initial letters (and sometimes syllables) of the words in a term and are pronounced as a word.
**Example**
> Qantas  
> Anzac  
> TAFE  
> modem
Initialisms comprise the initial letters (or sounds) of the words in a term and are pronounced as letters, not as a word.
**Example**
> ABC  
> GST  
> NDIS  
> XML
Some shortened forms are a combination of an initialism and an acronym.
**Example**
> DFAT  
> EPIRB  
> CPAP  
> JPEG
Acronyms and initialisms are common in formal content. If understood by users, they can make content easier to use. They communicate terms in as few letters as possible to make content easier and faster to read.
**Example**
> CSIRO for ‘Commonwealth Scientific and Industrial Research Organisation’  
> HTML for ‘hypertext markup language’
When preparing content for well-established publications, such as professional journals, look at the author guidelines and examples of the content. This will show whether using acronyms and initialisms is appropriate and, if so, which shortened forms are used.
---",Style Guide Content/Acronyms and initialisms.md,668,1780,
34715652-45cc-473f-b97e-6d0ace0c1763,Acronyms and initialisms.md,"['Acronyms and initialisms', 'Explain acronyms and initialisms to all users']",56,91,420,#acronyms-and-initialisms/explain-acronyms-and-initialisms-to-all-users,,"## Explain acronyms and initialisms to all users
People unfamiliar with certain terms might not understand their shortened forms. Acronyms and initialisms might also be misread by screen readers.
To make sure all shortened forms are accessible:
- Define them the first time you use them in content (unless you’re certain all users will understand them without a definition – consult a dictionary first).  
- Include them with their spelt-out forms in the glossary. This is particularly important if the content contains many specialist shortened forms.
### Spell out most acronyms on first use
If there’s a chance users won’t know the meaning of an acronym or initialism, define it at first mention. Write the term in full first and follow with the acronym or initialism in parentheses. Use the shortened form rather than the full term for later mentions.
**Example**
> The Department of Social Services (DSS) manages a range of benefits and payments for eligible Australians. DSS helps support communities through a number of programs and services.
Write well-known acronyms or initialisms first and follow with the full term in parentheses.
**Example**
> All living organisms have DNA (deoxyribonucleic acid) within their cells. DNA tells cells what proteins to make.
You don’t need to define some acronyms and initialisms on first use. These include:
- some place names (NT, ACT)  
- time of day (am, pm)  
- some organisational names (BHP, Qantas)  
- terms that began as acronyms but are now words in their own right (radar, scuba, sonar).
### Repeat the full term if the user needs it
If you use the shortened form only a few times in long-form content, consider writing out the full term more than once.
People could come across the shortened form without reading the text where it is first defined. For example, a user might click straight to a section that only includes the shortened form.
---",Style Guide Content/Acronyms and initialisms.md,1782,3685,
1da61562-ffb7-4cde-847d-4fa58cc0ff93,Acronyms and initialisms.md,"['Acronyms and initialisms', 'Check the correct shortened form for government organisations']",92,112,157,#acronyms-and-initialisms/check-the-correct-shortened-form-for-government-organisations,,"## Check the correct shortened form for government organisations
The names of government departments are often shortened, but not always in the same way.
**Example**
> DVA (Department of Veterans’ Affairs)  
> Home Affairs (Department of Home Affairs)
Rather than using acronyms or initialisms, it can be easier for people if you:
- spell out the agency’s name in full the first time you use it  
- then use the generic name (‘department’, ‘agency’, ‘bureau’) afterwards.
This is usually more useful to non-specialist users.
**Example**
> The Bureau of Meteorology prepares Australia’s official weather forecasts. The bureau provides its forecasts on its website.  
> The Department of Finance is in Canberra. The department supports government financial management.
---",Style Guide Content/Acronyms and initialisms.md,3687,4457,
722dce5d-da66-4cb0-bb7e-18ba6ee996d5,Acronyms and initialisms.md,"['Acronyms and initialisms', 'Include a list if content relies on many acronyms and initialisms']",113,130,152,#acronyms-and-initialisms/include-a-list-if-content-relies-on-many-acronyms-and-initialisms,,"## Include a list if content relies on many acronyms and initialisms
For content with many specialised acronyms and initialisms, provide a glossary – a list of terms and their meaning that users can refer to.
Include the glossary at the end of the content or on a separate webpage. Use a hyperlink in the text to help people access the glossary.
You don’t need to include a glossary if:
- there are only a few unfamiliar shortened forms  
- each one is only in a very limited section of text  
- each one is spelt out when first mentioned.
### Print considerations
The glossary usually appears before the references (with the endmatter).
---",Style Guide Content/Acronyms and initialisms.md,4459,5100,
568a7bce-714a-46c0-944f-48535dab963a,Acronyms and initialisms.md,"['Acronyms and initialisms', 'Don’t end acronyms and initialisms with a full stop']",131,144,94,#acronyms-and-initialisms/dont-end-acronyms-and-initialisms-with-a-full-stop,,"## Don’t end acronyms and initialisms with a full stop
Don’t place a full stop after the acronym or initialism.
The exception is if the shortened form ends a sentence and isn’t followed by another punctuation mark.
**Example**
> Will you be attending COAG this month?  
> I’m working on a B2B project at the moment.  
> She’s now working in FOI.  
> Is the company being investigated by ASIC?
---",Style Guide Content/Acronyms and initialisms.md,5102,5498,
3fc43164-f0b3-42d5-8e85-cd07bb267950,Acronyms and initialisms.md,"['Acronyms and initialisms', 'Use capitals for most acronyms and initialisms']",145,166,185,#acronyms-and-initialisms/use-capitals-for-most-acronyms-and-initialisms,,"## Use capitals for most acronyms and initialisms
Acronyms are usually all capitals, but use lower case for some familiar acronyms (taser, captcha, laser). Use an initial capital for familiar acronyms that are proper nouns (Qantas, Anzac).
Initialisms are often all upper case (VOIP, FOI) but there are exceptions (bpm). Consult a dictionary if you’re unsure of the capitalisation.
If the acronym or initialism represents common nouns, don’t begin each word of the full form with a capital letter.
**Example**
> EIS for ‘environmental impact statement’  
> TB for ‘tuberculosis’
If the acronym or initialism represents a proper noun, start each word with a capital letter (excluding words such as ‘of’ and ‘and’).
**Example**
> ASIO [Australian Security Intelligence Organisation]  
> OPC [Office of Parliamentary Counsel]  
> NSW [New South Wales]  
> ILSC [Indigenous Land and Sea Corporation]
---",Style Guide Content/Acronyms and initialisms.md,5500,6399,
186ef92a-9eff-46aa-bc64-f7bdceb5606c,Acronyms and initialisms.md,"['Acronyms and initialisms', 'Avoid plural and possessive forms on the first use']",167,176,110,#acronyms-and-initialisms/avoid-plural-and-possessive-forms-on-the-first-use,,"## Avoid plural and possessive forms on the first use
Avoid using the plural or possessive of an acronym or initialism when you define it. This makes it easy for users to recognise the shortened form in later content.
**Example**
> It’s compulsory for certain businesses to have an Australian Business Number (ABN). The Australian Business Register manages applications for ABNs.  
> The Australian National University (ANU) has a new student policy. The ANU’s policy is popular with its staff and students.
---",Style Guide Content/Acronyms and initialisms.md,6401,6912,
8f3b86e0-87cc-4feb-afc3-4d5db9d93670,Acronyms and initialisms.md,"['Acronyms and initialisms', 'Quote acronyms and initialisms the same way as the speaker']",177,185,101,#acronyms-and-initialisms/quote-acronyms-and-initialisms-the-same-way-as-the-speaker,,"## Quote acronyms and initialisms the same way as the speaker
When quoting an exact phrase, write exactly what the speaker said. If they used an acronym or initialism, quote it. Show the full term in square brackets if users might not recognise the term or if you haven’t already explained it.
**Example**
> ‘We’re continuing to manage the number of SES [Senior Executive Service] to ensure the Public Service isn’t top heavy,’ he said.
---",Style Guide Content/Acronyms and initialisms.md,6914,7354,
0ffda9db-467a-4856-9fe0-3a10c9540326,Acronyms and initialisms.md,"['Acronyms and initialisms', 'Release notes']",186,200,241,#acronyms-and-initialisms/release-notes,,"## Release notes
As well as the initial letters of words, definitions in the digital edition allow for initial syllables for acronyms and initial sounds for initialisms. The sixth edition included ‘and sometimes other letters’ in its definitions for acronyms and initialisms.
The digital edition updates punctuation style for shortened forms.
It removes the requirement to use full stops with non-Latin abbreviations.  
Consistent with what was Content Guide advice, it recommends avoiding the use of Latin shortened forms.  
Consistent with the sixth edition, it does not use full stops with acronyms or initialisms, or contractions.
The digital edition lists common shortened forms and provides advice on the limited circumstances where they could be used and how to punctuate them.
This is a departure from advice in the sixth edition, which listed ‘thoroughly anglicised’ shortened forms used regularly in publications. It did not explicitly warn against their use.
The Content Guide mentions shortened words and phrases but did not provide detailed advice. It advised to avoid using Latin shortened forms, in line with the guidance in this edition of the Style Manual.",Style Guide Content/Acronyms and initialisms.md,7356,8529,
80dd1c67-cefe-4bf1-ba25-97eed263cc83,Acts of parliament.md,['Acts of parliament'],1,6,47,#acts-of-parliament,,"# Acts of parliament
Refer to Acts of parliament using the correct style so people can find the source material. Choose when to cite the short and long titles, series numbers, jurisdiction and sections.
---",Style Guide Content/Acts of parliament.md,0,206,
4796a701-adcb-4f1e-a388-ad16add5d72f,Acts of parliament.md,"['Acts of parliament', 'Guidance']",7,18,98,#acts-of-parliament/guidance,,"## Guidance
- Style for Act titles is title case, not always italics  
- Each Act has a series number to use in citations  
- Jurisdiction is an important detail  
- An initial capital is correct, whether the reference is generic or not  
- The basic unit of an Act is a section (s)  
- Titles of Acts from other countries are in roman type  
- Reference to Australia’s Constitution needs capitalisation only
---",Style Guide Content/Acts of parliament.md,208,620,
ca1c5acc-5c66-4f80-8c7e-fd7e4eda0afd,Acts of parliament.md,"['Acts of parliament', 'Style for Act titles is title case, not always italics']",19,54,350,#acts-of-parliament/style-for-act-titles-is-title-case-not-always-italics,,"## Style for Act titles is title case, not always italics
Use title case (maximal capitalisation) for the titles of Acts. Use italics for the first mention of these titles.
Use roman type for the titles of Acts in reference lists and other long lists. Blocks of italics are difficult to read.
The year the legislation is first enacted forms part of the title. Don’t use a comma before the year.
**Correct**
> Export Control Act 2020
**Incorrect**
> Export control Act, 2020
Include all the words in the title. If the title begins with ‘The’, ‘An’ or ‘A’, make sure you include it.
**Example**
> A New Tax System (Goods and Services Tax) Act 1999  
> The Commercial Bank of Australia Limited (Merger) Act 1982 (NSW)
If the Act’s title has a number, include the number exactly as written. The contraction ‘No.’ retains the full stop in this situation, which is an exception to the general rule for the shortened form for ‘number’.
**Example**
> Supply Act (No. 1) 2019–2020  
> Farm Household Support Amendment (Relief Measures) Act (No. 2) 2019
An Act has a short title (its name) and long title (a description). Both appear after the list of contents in the text of the Act. The long title appears as a heading before section 1 of the Act. The short title is named in section 1.
**Example**
> An Act relating to Currency, Coinage and Legal Tender [Long title]  
> Part I—Preliminary  
> 1 Short title  
> This Act may be cited as the Currency Act 1965. [Short title]
---",Style Guide Content/Acts of parliament.md,622,2092,
06f9f646-f2d8-4f74-b73f-1b47e79d3b68,Acts of parliament.md,"['Acts of parliament', 'At first mention, use the short title in italics']",55,63,77,#acts-of-parliament/at-first-mention-use-the-short-title-in-italics,,"## At first mention, use the short title in italics
The first time you name the Act in text, use the short title in *italics*.
**Example**
> The *Currency Act 1965* established the Royal Australian Mint to produce Australia’s circulating coins. The Act also sets restrictions on amounts that can be paid in coins as ‘legal tender’.
---",Style Guide Content/Acts of parliament.md,2094,2429,
32412d79-2f86-4f7f-a87c-65a04238b00b,Acts of parliament.md,"['Acts of parliament', 'After first mention, use the short title in roman type without the year']",64,78,181,#acts-of-parliament/after-first-mention-use-the-short-title-in-roman-type-without-the-year,,"## After first mention, use the short title in roman type without the year
Always use the short title in italics the first time you cite the Act in your text.
If there are subsequent mentions of the Act, use the short title in roman type without the year.
Add the shortened form in parentheses at the first mention if it does more than just remove the year or the word ‘Act’ from the title.
**Example**
> … was convicted of federal offences under the *Crimes Act 1914*. The Crimes Act specifies …  
> … was convicted of federal offences under the *Criminal Code Act 1995*. The Criminal Code has a constitutional basis …  
> Comcare administers the *Work Health and Safety Act 2011* (WHS Act). The WHS Act requires that a person who …
---",Style Guide Content/Acts of parliament.md,2431,3168,
ec16ae16-9afa-4202-a31a-7f04cdc33469,Acts of parliament.md,"['Acts of parliament', 'Or use the informal title in roman type']",79,92,122,#acts-of-parliament/or-use-the-informal-title-in-roman-type,,"## Or use the informal title in roman type
Often, Acts also have a shorter informal title. This is usually an initialism or acronym of the short title.
At first mention, include the informal title in parentheses after the title. Use the informal title after that.
Use title case and roman type for the informal title.
**Example**
> … in the *Public Governance, Performance and Accountability Act 2013* (PGPA Act). … Section 10 of the PGPA Act defines a Commonwealth entity as …  
> *Freedom of Information Act 1982* (FOI Act)
---",Style Guide Content/Acts of parliament.md,3170,3699,
0f4ef461-ae61-4330-bdd6-58a3e74308a0,Acts of parliament.md,"['Acts of parliament', 'Each Act has a series number to use in citations']",93,105,141,#acts-of-parliament/each-act-has-a-series-number-to-use-in-citations,,"## Each Act has a series number to use in citations
Acts are also identified by series. Every Act made in a year is given a number starting at 1.
The series appears in the text of the Act immediately under the title, for example ‘Act No. 137 of 1979’.
Using the series in general content helps people identify the particular Act and find it in the Legislation Register. Series are also used in annotations and in notes.
**Example**
> The *Australian Citizenship Act 2007*, by virtue of amendments made in 2013 (Act No. 57 of 2013), gives the Minister the discretionary power to …
---",Style Guide Content/Acts of parliament.md,3701,4284,
6189a093-ece2-4a8d-9bee-9b8c677d18d8,Acts of parliament.md,"['Acts of parliament', 'Jurisdiction is an important detail']",106,150,350,#acts-of-parliament/jurisdiction-is-an-important-detail,,"## Jurisdiction is an important detail
It is important to identify the jurisdiction of the Act – that is, whether it is an Act of:
- the Commonwealth  
- a state or territory.
This helps people find the Act and understand where it applies. There are 2 ways to do this.
---
### Write a sentence that makes jurisdiction clear
The first way is to write a sentence that explains where the Act originates. This method is useful in documents that don’t mention legislation frequently.
**Example**
> The Tasmanian *Local Government Act 1993* gave councils greater autonomy to act independently of the state government.  
> Tasmania’s *Local Government Act 1993* …
---
### Use the shortened form of the jurisdiction in the Act’s title in roman type and in parentheses
Alternatively, insert the jurisdiction’s shortened form in roman type in parentheses after the italicised title.
Use these shortened forms:
- Cth (the Commonwealth)  
- ACT (Australian Capital Territory)  
- NT (Northern Territory)  
- NSW (New South Wales)  
- Qld (Queensland)  
- SA (South Australia)  
- Tas (Tasmania)  
- Vic (Victoria)  
- WA (Western Australia)
None of these shortened forms for jurisdictions are punctuated.
**Example**
> Australia’s water resources in the Murray–Darling Basin are managed by laws of the Commonwealth and Basin States. Among others, this legislation includes the *Water Act 2007* (Cth), *Water Resources Act 2007* (ACT), *Water Management Act 2000* (NSW), *Water Act 2000* (Qld), *Natural Resources Management Act 2004* (SA) and *Water Act 1989* (Vic).  
> Dugong are defined as ‘fish’ for the purposes of the *Marine Act 1981* (NT).
---",Style Guide Content/Acts of parliament.md,4286,5925,
fa00bb7c-f057-4963-8afe-d735b32a2614,Acts of parliament.md,"['Acts of parliament', 'An initial capital is correct, whether the reference is generic or not']",151,159,85,#acts-of-parliament/an-initial-capital-is-correct-whether-the-reference-is-generic-or-not,,"## An initial capital is correct, whether the reference is generic or not
Always use capitals for the words ‘Act’ and ‘Acts’ when you write about Acts of parliament. This avoids possible confusion in publications, even those that are mostly about the law. The words ‘act’ and ‘acts’ have several meanings.
**Example**
> Staff must read the Act to understand their compliance responsibilities.
---",Style Guide Content/Acts of parliament.md,5927,6323,
1e56ec05-0b91-4d30-b073-978ff44e823e,Acts of parliament.md,"['Acts of parliament', 'The basic unit of an Act is a section (s)']",160,211,388,#acts-of-parliament/the-basic-unit-of-an-act-is-a-section-s,,"## The basic unit of an Act is a section (s)
An Act contains sections, which are often divided into subsections. Subsections might be divided into paragraphs and subparagraphs.
Use lower case for these units unless they begin a sentence.
Sections are usually grouped into parts, divisions and subdivisions. An Act only has subdivisions if there are divisions. Some larger Acts – for example, the *Criminal Code Act 1995* – group these units into chapters.
Always use an initial capital for a specific reference to a ‘Chapter’, ‘Part’, ‘Division’ or ‘Subdivision’.
---
### Choose how to cite units below section level
Commonwealth Acts cite units at the smallest unit below section level. This is a convention used by the Office of Parliamentary Counsel in legislative drafting.
Some jurisdictions cite at section level.
**Example**
> section 113V  
> subsection 113V(4)  
> paragraph 113V(4)(a)  
> subparagraph 113V(4)(a)(ii)
Other jurisdictions might cite as ‘section 113V(4)(a)(ii)’. [A citation at section level]
Whether to cite at section level or below will depend on the context for your content. You can choose which method to follow.
Content that discusses the operation and effect of certain subsections, paragraphs and subparagraphs will cite at the smallest unit level. A general discussion about the provisions of an Act might only cite at section level.
Follow in-house style. Otherwise, be guided by the type of content you’re writing, and its purpose and audience.
---
### Don’t use a full stop after the shortened forms of units
The units of an Act are written in long or shortened form (an abbreviation or contraction), depending on the context. Never begin a sentence with the shortened form.
Don’t use a full stop after the shortened form when you use it in a citation or note.",Style Guide Content/Acts of parliament.md,6325,8122,
3ca55916-1096-45e9-92e8-4743769e8e4e,Acts of parliament.md,"['Acts of parliament', 'The basic unit of an Act is a section (s)', 'Don’t use a full stop after the shortened forms of units']",200,215,400,#acts-of-parliament/the-basic-unit-of-an-act-is-a-section-s,,"| The units of an Act | Example (long form) | Shortened form | Example (short form) |
| --- | --- | --- | --- |
| Part | The Auditor-General’s main functions and powers are defined in Part 4 of the Act. | Pt | … the *Auditor-General Act 1997* (Cth), Pts 4 and 6. |
| Division | … under Division 2 of Part 9 of the *Law Enforcement (Powers and Responsibilities) Act 2002* | Div | … the LEPRA, Div 2, Pt 9. |
| Subdivision | … under Subdivision 20-A of the *Commonwealth Tax Agent Services Act 2009* (TASA). | Subdiv | … the TASA, Subdiv 20-A. |
| section | Section 476B of the *Migration Act 1958* (Cth) provides … | s | … the *Copyright Act 1968*, s 4. |
| sections | Civil penalty provisions are contained in sections 4, 5 and 7 of the Act. | ss | … the *Law Enforcement (Powers and Responsibilities) Act 2002* (NSW), ss 4, 99, 105, 109, 113. |
| subsection | Subsection 7(7) of the *Remuneration Tribunal Act 1973*. | subs | The *Remuneration Tribunal Act 1973*, subs 7(7) requires … |
| subsections | Subsections 6 and 6A require the Tribunal to … | subss | … to the Chief Minister of the ACT (subss 6, 6A). |
| paragraph | … is described in paragraph 21(3)(a). | para | … the offences as defined (para 11.2A(1)). |
| paragraphs | Paragraphs 17(1)(a)–(c) outline … | paras | … produce documents when required (paras 17(1)(a)–(c)). |
| subparagraph | Subparagraph 2A(a)(iv) allows … | subpara | … the *Crimes Act 1914*, subpara 2A(a)(iv). |
| subparagraphs | Under subparagraphs 8ZD(2)(b)(i)–(ii) … | subparas | … the *Taxation Administration Act 1953*, subparas 8ZD(2)(b)(i)–(ii). |

---",Style Guide Content/Acts of parliament.md,0,5,
aaccb461-4c10-4269-b8bb-892a2aa1cdcc,Acts of parliament.md,"['Acts of parliament', 'Titles of Acts from other countries are in roman type']",216,230,98,#acts-of-parliament/titles-of-acts-from-other-countries-are-in-roman-type,,"## Titles of Acts from other countries are in roman type
Write all legislation from foreign countries in roman type, followed by the country abbreviation.
If you’re not sure of an abbreviation, write the sentence to make the jurisdiction clear.
**Example**
> Digital Economy Act 2017 (UK)  
> Patient Protection and Affordable Care Act (US)  
> Arms Legislation Act 2019 (NZ)  
> Foreign Investment Act 1999 (FIJ)  
> Fiji’s Foreign Investment Act 1999
---",Style Guide Content/Acts of parliament.md,8124,8580,
4da3d255-47be-43a5-81f0-47e2afa50947,Acts of parliament.md,"['Acts of parliament', 'Reference to Australia’s Constitution needs capitalisation only']",231,247,145,#acts-of-parliament/reference-to-australias-constitution-needs-capitalisation-only,,"## Reference to Australia’s Constitution needs capitalisation only
Always capitalise ‘Constitution’ when writing about Australia’s Constitution.
The Constitution was enacted by the British Parliament. The long title of the Act is the *Commonwealth of Australia Constitution Act 1900* (UK).
Like all foreign Acts of parliament, it is written in roman type, not italics.
The original version is available on the UK Government Legislation website. A compilation including amendments is on the Legislation Register.
How you refer to Australia’s Constitution depends on the context.
- Write ‘the Constitution’ when it’s clear that you’re referring to Australia’s Constitution.  
- If you’re unsure, use ‘the Australian Constitution’ so there’s no confusion.
---",Style Guide Content/Acts of parliament.md,8582,9338,
3f5bdec5-ec74-4bb7-b95a-48981bb60785,Acts of parliament.md,"['Acts of parliament', 'Release notes']",248,256,162,#acts-of-parliament/release-notes,,"## Release notes
The digital edition has considerable advice on how to cite legal material. It includes new material on Commonwealth tribunals and Australian Tax Office rulings. It expands on sixth edition information on treaties.
The digital edition departs from sixth edition guidance about the capitalisation, punctuation and italicisation of citation elements for some legal material. The current edition also recommends the contraction ‘Cth’ rather than ‘Cwlth’.
These departures are informed by legal material and general publications from Australian courts, government agencies working in the legislative context and academic sources. The digital edition style is for general, rather than specialist, legal content.
The *Content Guide* briefly mentioned legislation in relation to capitalisation. There was no detailed guidance about how to cite legislation.",Style Guide Content/Acts of parliament.md,9340,10205,
f5e96996-943f-4b46-a034-58ab7a787050,Adjectives.md,['Adjectives'],1,6,29,#adjectives,,"# Adjectives
Adjectives describe, compare and define nouns and words that act as nouns. Use adjectives to help people understand meaning.
---",Style Guide Content/Adjectives.md,0,141,
f995b874-1463-47b1-a562-c05592c7c855,Adjectives.md,"['Adjectives', 'Guidance']",7,17,60,#adjectives/guidance,,"## Guidance
- Adjectives describe nouns  
- Adjectives can affect clarity  
- Compound adjectives can have hyphens  
- Most adjectives use different degrees for comparisons  
- There is a common order for strings of adjectives  
- The meaning of nouns and adjectives shouldn’t overlap
---",Style Guide Content/Adjectives.md,143,431,
21380fbf-6a1e-4cfb-b0cf-0baa72600b1d,Adjectives.md,"['Adjectives', 'Adjectives describe nouns']",18,40,176,#adjectives/adjectives-describe-nouns,,"## Adjectives describe nouns
Adjectives describe nouns, noun phrases and noun clauses.
Adjectives usually go immediately before the noun. They can go elsewhere in a sentence – for example, as a predicate.
**Example**
> They had a short conversation. [The adjective ‘short’ describes the noun ‘conversation’.]  
> Their conversation was short. [The adjective ‘short’ describes the noun ‘conversation’, but appears as the predicate in this sentence.]
Adjectives also modify noun phrases and noun clauses.
**Example**
> They had a short conversation about the meeting. [A noun phrase]  
> They had a short conversation that led to a decision. [A noun clause]
Different types of words, such as nouns, can also function as adjectives.
**Example**
> A moving speech brought the sound of applause. [A verbal noun (gerund) functioning as an adjective]
---",Style Guide Content/Adjectives.md,433,1280,
266a35d7-ac45-4801-b658-0a684c0cd3a7,Adjectives.md,"['Adjectives', 'Adjectives can affect clarity']",41,48,66,#adjectives/adjectives-can-affect-clarity,,"## Adjectives can affect clarity
Use adjectives sparingly and only when they are essential for meaning. Remove any adjective that doesn’t play a critical function in a sentence.
Because adjectives are modifiers, they can affect clarity. A lack of clarity can cause users to lose trust in government content.
---",Style Guide Content/Adjectives.md,1282,1593,
30007ec6-796c-4b25-8b15-03fb28228c53,Adjectives.md,"['Adjectives', 'Compound adjectives can have hyphens']",49,70,201,#adjectives/compound-adjectives-can-have-hyphens,,"## Compound adjectives can have hyphens
Adjectives can be joined with hyphens to make compound adjectives. A compound adjective usually has a hyphen if the adjective is before the noun it is describing.
**Example**
> We need a fit-for-purpose strategy to solve this specific problem. [Adjective before the noun ‘strategy’]  
> The strategy is fit for purpose. [Adjective after the noun ‘strategy’]
A compound adjective can be made up of an adverb and a verb.
A common error with adverbs and hyphens is when people insert a hyphen into this kind of compound adjective. Don’t use hyphens with most adverbs finishing in ‘-ly’.
**Correct**
> A badly worded sentence can be difficult to read, even if it is grammatically correct.
**Incorrect**
> A badly-worded sentence can be difficult to read, even if it is grammatically-correct.
There are few exceptions to this rule, so check a dictionary if you are unsure.
---",Style Guide Content/Adjectives.md,1595,2506,
ed1e8be8-9c4e-4845-b91a-6b8e78c40cea,Adjectives.md,"['Adjectives', 'Most adjectives use different degrees for comparisons']",71,104,271,#adjectives/most-adjectives-use-different-degrees-for-comparisons,,"## Most adjectives use different degrees for comparisons
Degree shows the relative scale of the words being described, such as speed, size or quality. Most adjectives can have ‘degree’.
These adjectives usually follow the pattern of adding ‘-er’ or ‘-est’ to the end to show the degree.
**Example**
**Positive**
> Claire is a fast talker. [There is no comparison. Claire is fast.]
**Comparative**
> Sam is a faster talker than Claire. [Adds ‘-er’ to compare Claire’s and Sam’s talking speed.]
**Superlative**
> Sam is faster than Claire, but Petra is the fastest of them all. [Adds ‘-est’ to compare Petra’s talking speed to that of the others.]
Not all adjectives follow the regular pattern of ‘fast–faster–fastest’. These irregular adjectives have different patterns.
**Example**
> little, less, least  
> good, better, best  
> bad, worse, worst
Some adjectives don’t have a different form to show degree. They show degree by using ‘more’ for comparative or ‘most’ for superlative.
**Example**
> The department decided on a more flexible approach to working arrangements.  
> This is the most significant reform of public health policy in decades.
Some adjectives don’t have degree because you can’t compare them. For example, nothing can be more unique than something else.
---",Style Guide Content/Adjectives.md,2508,3789,
e5054121-8ed1-4a0f-b8f0-ca512705cf2b,Adjectives.md,"['Adjectives', 'There is a common order for strings of adjectives']",105,138,285,#adjectives/there-is-a-common-order-for-strings-of-adjectives,,"## There is a common order for strings of adjectives
Write strings of adjectives in an order that creates a more natural-sounding English. This order is determined by the types of adjectives used. List adjectives in this order:
1. **evaluative** – features of a noun that you can measure or compare  
2. **descriptive** – features of a noun that you can’t measure  
3. **definitive** – features of a noun that are intrinsic to the noun.
Evaluative adjectives can also express an opinion.
**Example**
> A beautiful round committee table
In this example:
- ‘beautiful’ is evaluative because it expresses an opinion  
- ‘round’ is descriptive because it’s a feature you can observe but can’t measure  
- ‘committee’ is definitive because it is intrinsic to the noun ‘table’.
Strings of adjectives have:
- commas between adjectives of the same type  
- no commas between adjectives of different types  
- no commas and no ‘and’ before definitive adjectives.
**Example**
> A large, black nuclear submarine [‘Large’ and ‘black’ are descriptive; ‘nuclear’ is definitive.]  
> A new, red long-range electric car [‘New’ and ‘red’ are descriptive; ‘long-range’ and ‘electric’ are definitive.]
You can also use ‘and’ instead of commas to help the sentence flow more smoothly.
**Example**
> A new and shiny red long-range electric car
---",Style Guide Content/Adjectives.md,3791,5117,
7d92ac43-a86a-4a3b-9677-76a3aa21df96,Adjectives.md,"['Adjectives', 'The meaning of nouns and adjectives shouldn’t overlap']",139,150,80,#adjectives/the-meaning-of-nouns-and-adjectives-shouldnt-overlap,,"## The meaning of nouns and adjectives shouldn’t overlap
Don’t use an adjective if it repeats a quality or property that is part of the noun.
**Example**
> absolute perfection [Perfection is always absolute.]  
> added bonus [All bonuses are added.]  
> emergency situation [An emergency is always a situation.]  
> future prospect [Prospects are always in the future.]
---",Style Guide Content/Adjectives.md,5119,5492,
8f69852f-809a-456c-8c68-ab63999285ca,Adjectives.md,"['Adjectives', 'Release notes']",151,157,76,#adjectives/release-notes,,"## Release notes
The digital edition gives an overview of adjectives based on the information from the sixth edition. It links to other pages that have detailed information on specific aspects of adjectives.
The sixth edition had information about adjectives in many different sections of the manual.
The Content Guide had only a brief mention of adjectives.",Style Guide Content/Adjectives.md,5494,5852,
d530afb3-11cd-4c5c-bdde-a326cad60816,Adverbs.md,['Adverbs'],1,6,37,#adverbs,,"# Adverbs
Adverbs modify meaning when they’re added to a sentence. Use them occasionally to show people **how**, **when**, **where**, or **the extent to which** something happens.
---",Style Guide Content/Adverbs.md,0,183,
daef6bf9-82d3-4f46-9d8d-ca06d75b7e96,Adverbs.md,"['Adverbs', 'Guidance']",7,14,33,#adverbs/guidance,,"## Guidance
- Adverbs add more information about other types of words  
- Adverbs can affect clarity  
- Comparison with adverbs is by degree
---",Style Guide Content/Adverbs.md,185,330,
5e00d42b-e3bc-4b95-91ad-df272f86c8be,Adverbs.md,"['Adverbs', 'Adverbs add more information about other types of words']",15,26,89,#adverbs/adverbs-add-more-information-about-other-types-of-words,,"## Adverbs add more information about other types of words
Adverbs modify verbs, adjectives and other adverbs. They often, but not always, end in **‘-ly’**.
**Example**
> The staff worked happily. [Modifies the verb ‘worked’]  
> The staff arrived early this morning. [Modifies the verb ‘arrived’]  
> She is a very dedicated worker. [Modifies the adjective ‘dedicated’]  
> You finished quite quickly. [Modifies the adverb ‘quickly’]
---",Style Guide Content/Adverbs.md,332,770,
8a717cc1-c6ef-48fe-b56c-ac09b652e91d,Adverbs.md,"['Adverbs', 'Adverbs can affect clarity']",27,34,56,#adverbs/adverbs-can-affect-clarity,,"## Adverbs can affect clarity
Use adverbs sparingly. Remove any adverb that doesn’t play a critical function in a sentence.
Because adverbs are modifiers, they can affect clarity. A lack of clarity can cause users to lose trust in government content.
---",Style Guide Content/Adverbs.md,772,1026,
4dc323b3-6642-4d32-8492-82764a3d094a,Adverbs.md,"['Adverbs', 'Comparison with adverbs is by degree']",35,65,263,#adverbs/comparison-with-adverbs-is-by-degree,,"## Comparison with adverbs is by degree
Like adjectives, adverbs can have degree to show or imply a comparison. In general, you simply add the word **‘more’** or **‘most’** in front of the adverb.
Depending on the context, some words can be adjectives or adverbs. Make sure you use the correct form.  
For example, **‘quickest’** is the adjective and **‘most quickly’** is the adverb.
**Example – Comparative**
> Bob spoke more quickly than Tom. [Uses ‘more’ to compare Tom’s and Bob’s speaking speed]
**Example – Superlative**
> Tom speaks more quickly than Bob, but Harry speaks the most quickly of them all. [Uses ‘most’ to compare Harry’s speaking speed to that of the others]
---
Not all adverbs follow this regular pattern of using **‘more’** or **‘most’** to show comparison. The following examples show irregular adverbs.
**Example**
> He spoke well, but she spoke better.  
> You finished work early, but they finished even earlier.
---
Adverbs don’t always show or imply comparison. These are called **positive adverbs**.
**Example**
> Tom spoke quickly. [Tom’s speaking speed is not compared with anything else.]  
> The staff worked happily. [We don’t know if they worked more happily than others.]
---",Style Guide Content/Adverbs.md,1028,2242,
5537acd8-7de8-4206-adae-541afb1aba5e,Adverbs.md,"['Adverbs', 'Release notes']",66,72,65,#adverbs/release-notes,,"## Release notes
The digital edition provides an overview of adverbs. It gives examples of correct and incorrect use.
The sixth edition has substantial information about adverbs in different sections.
The *Content Guide* mentions adverbs in the advice on hyphens. It does not provide any other information about adverbs.",Style Guide Content/Adverbs.md,2244,2564,
a9c44e43-692c-4b5f-bc0c-86be1cbd17cc,Apostrophes.md,['Apostrophes'],1,6,29,#apostrophes,,"# Apostrophes
Apostrophes show possession and contractions. Don’t use them in descriptive phrases or to make nouns and shortened forms plural.
---",Style Guide Content/Apostrophes.md,0,146,
7e415890-71c3-4338-8934-170dd6e2f7ac,Apostrophes.md,"['Apostrophes', 'Guidance']",7,22,129,#apostrophes/guidance,,"## Guidance
- An apostrophe shows possession  
- Follow the possession rules for different types of nouns  
- A descriptive phrase doesn’t need an apostrophe  
- Add an apostrophe and ‘s’ to form a possessive shortened form  
- A possessive pronoun doesn’t need an apostrophe  
- Don’t use an apostrophe for an Australian place name  
- Don’t use an apostrophe for a period of time  
- An apostrophe shows a contraction  
- Don’t use an apostrophe to make a noun plural  
- An apostrophe can stand in for a sound  
- Some official names have apostrophes
---",Style Guide Content/Apostrophes.md,148,705,
1a967c8d-e3d4-4bad-a7c0-db724c72e29f,Apostrophes.md,"['Apostrophes', 'An apostrophe shows possession']",23,38,158,#apostrophes/an-apostrophe-shows-possession,,"## An apostrophe shows possession
When the first of 2 consecutive nouns has an apostrophe, it means those nouns have a relationship. If the first noun in a noun phrase has an apostrophe, it means the noun is related to the other words in the phrase.
The type of relationship shown by the apostrophe differs, but all are known collectively as **‘possessives’** and sometimes as **‘genitives’**.
On this page, **‘possession’** or **‘possessive’** means any relationship between nouns – or between words in a noun phrase – that is shown by an apostrophe.
**Example**
> This is Ariah’s desk.  
> We enjoy Adelaide’s music festivals.  
> They are the minister’s chief of staff.  
> It was a winter’s morning.
---",Style Guide Content/Apostrophes.md,707,1414,
6bb4cbdc-26f9-4952-8f4c-61b3bb0bbb45,Apostrophes.md,"['Apostrophes', 'Follow the possession rules for different types of nouns']",39,61,411,#apostrophes/follow-the-possession-rules-for-different-types-of-nouns,,"## Follow the possession rules for different types of nouns
To correctly show possession by using an apostrophe, first ask, *‘Who or what is doing the possessing?’*
The apostrophe goes straight after the noun that is the answer.
There are possession rules for using an apostrophe, according to the type of noun.
| Noun type | Rule | Examples |
|-----------|------|----------|
| Singular noun | Add an apostrophe and ‘s’ | the committee’s report<br>our department’s plan<br>the bus’s passengers<br>the kibbutz’s energy needs |
| Singular noun of 2 or more words, the last word being a plural ending in ‘s’ | Add an apostrophe only | the Australian Bureau of Statistics’ office<br>a Department of Social Services’ project<br>the United States’ representatives |
| Plural nouns that end in letter ‘s’ | Add an apostrophe only | both committees’ reports<br>the Joneses’ submission<br>the Sanchezes’ security passes |
| Plural nouns that don’t end in ‘s’ | Add an apostrophe and ‘s’ | our children’s education<br>the sheep’s wool<br>the gateaux’s boxes |
| Proper names ending in letter ‘s’ | Add an apostrophe and another ‘s’, even if you don’t pronounce that final ‘s’ | Burns’s report<br>James’s profession<br>Laos’s population<br>Louis’s supervisor<br>Jesus’s disciples |
| More than one noun: individual possession | Add an apostrophe and ‘s’ after each noun | Smith’s and Miller’s offices |
| More than one noun: joint possession | Add an apostrophe and ‘s’ after the last noun only | Smith and Miller’s report<br>Julie and Karl’s children |
| Singular compound noun | Add an apostrophe and ‘s’ after the compound | the attorney-general’s speeches<br>the owner-occupier’s accountant |
| Plural compound nouns ending in ‘s’ | Add an apostrophe after the compound | all owner-occupiers’ tax concessions |
| Plural compound nouns that don’t end in ‘s’ | Add an apostrophe and ‘s’ after the compound | the attorneys-general’s meeting |
---",Style Guide Content/Apostrophes.md,1416,3352,
58bc9b93-a2df-49a6-8522-e0356d6e2926,Apostrophes.md,"['Apostrophes', 'A descriptive phrase doesn’t need an apostrophe']",62,90,239,#apostrophes/a-descriptive-phrase-doesnt-need-an-apostrophe,,"## A descriptive phrase doesn’t need an apostrophe
Some nouns are descriptive rather than possessive. In a descriptive noun phrase, the first noun modifies the second noun by operating as a definitive adjective.
Don’t use an apostrophe for these nouns.
The first noun is essential to the meaning of the second noun. Never separate the nouns in a descriptive phrase.
**Example**
> workers compensation [A type of insurance]  
> visitors book [A type of book]  
> drivers licence [A type of licence]
Only add an apostrophe when showing possession.
**Example**
> They signed the visitors book. [Descriptive]  
> Her visitor’s book was lying on the table. [Possessive]  
> She attended a directors meeting. [Descriptive]  
> The director’s meetings don’t have an agenda. [Possessive]  
> You must hold a valid drivers licence. [Descriptive]  
> The officer asked to see the driver’s licence. [Possessive]  
> Each state administers workers compensation. [Descriptive]  
> Our workers’ compensation for overtime is time off in lieu. [Possessive]
*Note:* The Style Manual recognises ‘workers compensation’ as descriptive. Some agencies may use an apostrophe in this phrase.
---",Style Guide Content/Apostrophes.md,3354,4525,
678afd83-aa0a-4764-8973-ecea571c2832,Apostrophes.md,"['Apostrophes', 'Add an apostrophe and ‘s’ to form a possessive shortened form']",91,136,226,#apostrophes/add-an-apostrophe-and-s-to-form-a-possessive-shortened-form,,"## Add an apostrophe and ‘s’ to form a possessive shortened form
There are 4 types of shortened forms: abbreviations, contractions, acronyms and initialisms.
Add an apostrophe and ‘s’ to show possession.
**Example**
> Tassie’s new permit system [Abbreviation]  
> ASIO’s files [Acronym]  
> Cth’s Act [Contraction]  
> ABS’s work plan [Initialism]
**Consider:** Can a descriptive phrase replace the possessive form?
> ASIO files  
> Qantas aircraft  
> US data use agreements  
> ABS work plans
---
### Add ‘s’ to make a plural shortened form – not apostrophe and ‘s’
Correct:
> MPs, LGAs, PCs
Incorrect:
> MP’s, LGA’s, PC’s
Add an apostrophe to plural shortened forms to show possession:
> MPs’ entitlements  
> POWs’ repatriation
---
### Don’t use a possessive when defining a shortened form
Correct:
> The Department of Veterans’ Affairs (DVA) … DVA supports …  
> Australian Securities and Investments Commission (ASIC) … ASIC created …
Incorrect:
> Department of Veterans’ Affairs’ (DVA’s) website …  
> Australian Securities and Investments Commission’s (ASIC’s) Moneysmart …
---",Style Guide Content/Apostrophes.md,4527,5612,
f9919e31-5185-48a5-80bc-6474d757ae06,Apostrophes.md,"['Apostrophes', 'A possessive pronoun doesn’t need an apostrophe']",137,148,61,#apostrophes/a-possessive-pronoun-doesnt-need-an-apostrophe,,"## A possessive pronoun doesn’t need an apostrophe
Possessive pronouns and possessive determiners never take an apostrophe.
**Example**
> This is your office. That is theirs.  
> The fault is ours.  
> Put the report in its place.  
> It was my idea not yours!
---",Style Guide Content/Apostrophes.md,5614,5878,
6506c715-04e6-4da4-acba-14b497bc6d12,Apostrophes.md,"['Apostrophes', 'Don’t use an apostrophe for an Australian place name']",149,156,25,#apostrophes/dont-use-an-apostrophe-for-an-australian-place-name,,"## Don’t use an apostrophe for an Australian place name
**Example**
> Kings Cross  
> Mrs Macquaries Chair
---",Style Guide Content/Apostrophes.md,5880,5990,
c024fbd1-54a9-4ae1-9c50-a2844fe38bb6,Apostrophes.md,"['Apostrophes', 'Don’t use an apostrophe for a period of time']",157,169,55,#apostrophes/dont-use-an-apostrophe-for-a-period-of-time,,"## Don’t use an apostrophe for a period of time
Plural time periods are descriptive, not possessive.  
**Example:**
> 6 weeks time  
> 3 months wages
Singular time periods use an apostrophe:
> a day’s work  
> the year’s cycle
---",Style Guide Content/Apostrophes.md,5992,6222,
ec624599-f3d3-43d8-8cdc-3cbe0f57aeb8,Apostrophes.md,"['Apostrophes', 'An apostrophe shows a contraction']",170,181,44,#apostrophes/an-apostrophe-shows-a-contraction,,"## An apostrophe shows a contraction
Apostrophes indicate omitted letters.
**Example**
> I haven’t seen the report.  
> It’s a busy day.
*Note:* Don’t confuse *it’s* (it is/it has) with *its* (possessive).
---",Style Guide Content/Apostrophes.md,6224,6433,
7fa4afb6-e565-4428-bdb8-799d43a089cf,Apostrophes.md,"['Apostrophes', 'Don’t use an apostrophe to make a noun plural']",182,202,100,#apostrophes/dont-use-an-apostrophe-to-make-a-noun-plural,,"## Don’t use an apostrophe to make a noun plural
Correct:
> the 2020s, committee reports, newer 747s, fresh avocados
Incorrect:
> the 2020’s, committee report’s, newer 747’s, fresh avocado’s
Also, pluralise phrases without apostrophes:
> dos and don’ts  
> ifs, ands or buts  
> ums and ahs  
> thank-yous
Single letters and digits: add apostrophe for clarity:
> 0’s and 1’s  
> dot your i’s and cross your t’s  
> too many s’s
---",Style Guide Content/Apostrophes.md,6435,6866,
dc88da01-2b91-4bac-b9cb-c84d8d632f90,Apostrophes.md,"['Apostrophes', 'An apostrophe can stand in for a sound']",203,212,33,#apostrophes/an-apostrophe-can-stand-in-for-a-sound,,"## An apostrophe can stand in for a sound
Used in transliterations to indicate a glottal stop or similar.
**Example**
> Qur’an  
> Ge’ez
---",Style Guide Content/Apostrophes.md,6868,7008,
224766d0-2db8-4ce5-aae4-2fed2b19f499,Apostrophes.md,"['Apostrophes', 'Some official names have apostrophes']",213,224,37,#apostrophes/some-official-names-have-apostrophes,,"## Some official names have apostrophes
Follow the official spelling.
**Example**
> National Farmers’ Federation  
> Australian Workers Union  
> Energy Ministers’ Meeting  
> Education Ministers Meeting
---",Style Guide Content/Apostrophes.md,7010,7217,
59998599-0f63-41c9-b2e6-f5b90be14ed7,Apostrophes.md,"['Apostrophes', 'Release notes']",225,230,31,#apostrophes/release-notes,,"## Release notes
The digital edition consolidates apostrophe guidance and adds examples on shortened forms, determiners, pluralised non-nouns, and apostrophes representing sounds.
---",Style Guide Content/Apostrophes.md,7219,7402,
b1bac761-7d25-4f07-af37-6929cefbf94f,Apostrophes.md,"['Apostrophes', 'References']",231,239,57,#apostrophes/references,,"## References
Oxford University Press (2016) *New Oxford style manual*  
University of Chicago (2017) *Chicago manual of style*  
Cambridge Dictionary (2021) Pronouns: possessive  
Macquarie Dictionary (2021) Punctuation guide  
Merriam-Webster (2021) Why do we use apostrophes to show possession?
_Last updated: 17 January 2025_",Style Guide Content/Apostrophes.md,7404,7733,
7a196146-be0d-441e-8b73-d96ca1b5f8e4,Australian Defence Force.md,['Australian Defence Force'],1,6,48,#australian-defence-force,,"# Australian Defence Force
Use the correct title and style to refer to members of the armed services. This guidance is intended primarily for users outside the Department of Defence and the Australian Defence Force.
---",Style Guide Content/Australian Defence Force.md,0,219,
e6fe0f2a-4f6e-4837-b0a2-ecf76f6054f8,Australian Defence Force.md,"['Australian Defence Force', 'Guidance']",7,19,102,#australian-defence-force/guidance,,"## Guidance
- Use terminology correctly  
- Follow the order of precedence for the 3 arms of the ADF  
- Address members of the ADF by rank, name and post-nominals  
- Address chaplains and maritime spiritual wellbeing officers by title  
- Address retired officers of the ADF by rank  
- Avoid using the shortened forms of ranks  
- Address members of the ADF correctly in emails and letters  
- Ranks and salutations (in order of precedence)
---",Style Guide Content/Australian Defence Force.md,221,668,
393744b1-303f-4a4b-a424-7780a24d5af2,Australian Defence Force.md,"['Australian Defence Force', 'Use terminology correctly']",20,37,218,#australian-defence-force/use-terminology-correctly,,"## Use terminology correctly
Use the term **‘Defence’** when you mean both the Department of Defence and the Australian Defence Force (ADF). ‘Defence’ is used to represent the organisation as a whole.
‘Defence’ has an initial capital when it is part of a formal name or title. Use lower case for generic references.
Use **‘Australian Defence Force’** and **‘ADF’** when referring to the Royal Australian Navy, Australian Army and Royal Australian Air Force, commanded by the Chief of the Defence Force.
Use **‘Department of Defence’** when referring to the department, headed by the Secretary of the Department of Defence.
**Example**
> Defence engages with industry to deliver procurement outcomes that support departmental and ADF capability.  
> The institute’s paper examines the implications for our defence strategy over the next decade.  
> The aim is to support Australian Defence Force personnel and their families as they transition from military to civilian life.  
> The Department of Defence operates under the Public Service Act 1999.
---",Style Guide Content/Australian Defence Force.md,670,1722,
fb6cbacf-135c-4c4a-a55e-0b5ab82316ba,Australian Defence Force.md,"['Australian Defence Force', 'Follow the order of precedence for the 3 arms of the ADF']",38,56,121,#australian-defence-force/follow-the-order-of-precedence-for-the-3-arms-of-the-adf,,"## Follow the order of precedence for the 3 arms of the ADF
There are 3 arms of the ADF, known collectively as the ‘services’ (‘Services’ inside Defence). When referring to the services, follow the order of precedence established by the Defence Act 1903:
1. Royal Australian Navy  
2. Australian Army  
3. Royal Australian Air Force
Always use initial capitals when writing the short names of the services:
- Navy  
- Army  
- Air Force
**Example**
> Defence Reserves are an essential part of the Navy, Army and Air Force
---",Style Guide Content/Australian Defence Force.md,1724,2249,
e391158e-6321-4ee3-8e9d-dc691623c9d0,Australian Defence Force.md,"['Australian Defence Force', 'Address members of the ADF by rank, name and post-nominals']",57,128,383,#australian-defence-force/address-members-of-the-adf-by-rank-name-and-post-nominals,,"## Address members of the ADF by rank, name and post-nominals
Order when writing a name:
1. rank  
2. given name or initials  
3. family name  
4. post-nominals  
5. service (for commissioned officers in the Navy only)
Use this format:
- the first time you write their name in body text  
- in address blocks in correspondence  
- when introducing an ADF member as speaker  
- in official records of proceedings  
- in lists in organisational publications such as annual reports
**Example**
> Rear Admiral Robert W Plath AM RAN  
> Lieutenant General Susan Coyle AM CSC DSM  
> Air Marshal Mel Hupfeld AO DSC
**Subsequent mentions**: use rank and family name.
> Chief Petty Officer Ray Rosendale CSM … Chief Petty Officer Rosendale …
---
### Only one rank has a hyphen
Military ranks of more than one word are written as separate words. **Do not hyphenate**, except for **Air Vice-Marshal**.
**Example**
> Acting Sub Lieutenant DW Midson RAN  
> Warrant Officer Class One K Felmingham NSC OAM  
> Air Vice-Marshal Catherine Roberts AM CSC
---
### Post-nominals
Post-nominals are letters after a name representing academic, civil or military awards.
- Write them after the family name, before ‘RAN’.  
- Don’t use commas before or between them.
**Example**
> Commander Algirdus Diciunas MBE CSM RAN  
> Lieutenant General Natasha Fox AO CSC  
> Air Commodore Michael Kitcher AM DSC
---
### ‘RAN’ for Navy commissioned officers
Use **‘RAN’** for all commissioned Navy officers after family name and post-nominals.
**Example**
> Captain Catherine Wilsen AO [Army]  
> Captain Stephen Beckmann AO CSC RAN [Navy]
---
### Knighted ADF members
Place military rank before titles like ‘Sir’ or ‘Dame’.
**Example**
> General Sir John Monash GCMG KBE VD
---",Style Guide Content/Australian Defence Force.md,2251,3997,
0a83111a-5262-4bd3-aa70-17a8f0bf1203,Australian Defence Force.md,"['Australian Defence Force', 'Address chaplains and maritime spiritual wellbeing officers by title']",129,144,97,#australian-defence-force/address-chaplains-and-maritime-spiritual-wellbeing-officers-by-title,,"## Address chaplains and maritime spiritual wellbeing officers by title
Army and Air Force chaplains wear military rank.  
Navy chaplains and MSWOs do not – they use chaplaincy/MSWO titles.
Titles include:
- **Chaplains**: Principal Chaplain, Senior Chaplain, Principal Air Chaplain, Chaplain  
- **MSWOs**: Principal Maritime Spiritual Wellbeing Officer, Senior Maritime Spiritual Wellbeing Officer, Maritime Spiritual Wellbeing Officer
**Example**
> Principal Chaplain Darren Jaensch [Army]  
> Maritime Spiritual Wellbeing Officer Tammy Dunne [Navy]
---",Style Guide Content/Australian Defence Force.md,3999,4555,
55ef3d5c-8549-4acd-9c5a-7ba000e8c550,Australian Defence Force.md,"['Australian Defence Force', 'Address retired officers of the ADF by rank']",145,153,45,#australian-defence-force/address-retired-officers-of-the-adf-by-rank,,"## Address retired officers of the ADF by rank
Commissioned officers who retire can keep their rank, with **‘(Retd)’** after post-nominals.
**Example**
> General the Honourable Sir Peter Cosgrove AK CVO MC (Retd)
---",Style Guide Content/Australian Defence Force.md,4557,4773,
f1b7084a-e132-44b3-8cc7-7a9bb755137b,Australian Defence Force.md,"['Australian Defence Force', 'Avoid using the shortened forms of ranks']",154,165,36,#australian-defence-force/avoid-using-the-shortened-forms-of-ranks,,"## Avoid using the shortened forms of ranks
Outside Defence, write full rank names.
**Write this**
> Lieutenant T Smith
**Not this**
> LT T Smith
---",Style Guide Content/Australian Defence Force.md,4775,4924,
9939127e-c801-4a5f-9816-b3b9f3e6d9d0,Australian Defence Force.md,"['Australian Defence Force', 'Address members of the ADF correctly in emails and letters']",166,210,197,#australian-defence-force/address-members-of-the-adf-correctly-in-emails-and-letters,,"## Address members of the ADF correctly in emails and letters
### Address blocks
Format:
1. rank  
2. given name or initials  
3. family name  
4. post-nominals  
5. ‘RAN’ for commissioned Navy officers  
6. ‘(Retd)’ for retired commissioned officers who retain rank  
7. postal address
**Example**
> Brigadier Ana Duncan AM CSC  
> Commandant Royal Military College-Duntroon  
> Staff Cadet Avenue  
> Campbell ACT 2612
---
### Salutations
Depends on rank. Never include post-nominals. Never use a comma.
**Commissioned officers (senior)** – *Dear [Rank]*
> Dear Brigadier
**Mid-level officers** – *Dear [Rank Family name]*
> Dear Lieutenant Commander Sturdy
**Junior officers** – *Dear [Honorific Family name]* or *Dear [Rank Family name]*
> Dear Mr Collins  
> Dear Officer Cadet Collins
**Other ranks** – *Dear [Rank Family name]*
> Dear Lance Corporal Fenech
**Chaplains & MSWOs** – *Dear [Title]*
> Dear Chaplain  
> Dear Maritime Spiritual Wellbeing Officer
---",Style Guide Content/Australian Defence Force.md,4926,5894,
70b36bb0-7bc6-4e03-a6ef-bb5ee583e32d,Australian Defence Force.md,"['Australian Defence Force', 'Ranks and salutations (in order of precedence)']",211,246,306,#australian-defence-force/ranks-and-salutations-in-order-of-precedence,,"## Ranks and salutations (in order of precedence)
### Commissioned officer ranks
| Navy | Army | Air Force | Salutation rule | Example |
|------|------|-----------|-----------------|---------|
| Admiral (CDF) | General (CDF) | Air Chief Marshal (CDF) | Dear [Rank] | Dear Admiral |
| Vice Admiral | Lieutenant General | Air Marshal | Dear [Rank] | Dear Lieutenant General |
| Rear Admiral | Major General | Air Vice-Marshal | Dear [Rank] | Dear Air Vice-Marshal |
| Commodore | Brigadier | Air Commodore | Dear [Rank] | Dear Commodore |
| Captain | Colonel | Group Captain | Dear [Rank] | Dear Colonel |
| Commander | Lieutenant Colonel | Wing Commander | Dear [Rank Family name] | Dear Wing Commander Smith |
| Lieutenant Commander | Major | Squadron Leader | Dear [Rank Family name] | Dear Lieutenant Commander Mabo |
| Lieutenant | Captain | Flight Lieutenant | Dear [Rank Family name] | Dear Captain Tatipata |
| Sub Lieutenant | Lieutenant | Flying Officer | Dear [Honorific Family name] | Dear Ms Rossi |
| Acting Sub Lieutenant | Second Lieutenant | Pilot Officer | Dear [Honorific Family name] | Dear Mr Müller |
| Midshipman | Officer Cadet | Officer Cadet | Dear [Honorific Family name] | Dear Dr Wong |
\* If honorific unknown, use *Dear [Rank Family name]*.
---
### Other ranks",Style Guide Content/Australian Defence Force.md,5896,7185,
6e5db391-2a57-4e95-80ef-1172a2ea5b3b,Australian Defence Force.md,"['Australian Defence Force', 'Ranks and salutations (in order of precedence)', 'Other ranks']",235,247,315,#australian-defence-force/ranks-and-salutations-in-order-of-precedence,,"| Navy | Army | Air Force | Salutation rule | Example |
|------|------|-----------|-----------------|---------|
| Warrant Officer of the Navy | Regimental Sergeant Major of the Army | Warrant Officer of the Air Force | Dear [Rank Family name] | Dear Warrant Officer Patel |
| Warrant Officer | Warrant Officer Class 1 | Warrant Officer | Dear [Rank Family name] | Dear Warrant Officer Pappas |
| Chief Petty Officer | Warrant Officer Class 2 | Flight Sergeant | Dear [Rank Family name] | Dear Warrant Officer Wikilyiri |
| n/a | Staff Sergeant | n/a | Dear [Rank Family name] | Dear Staff Sergeant Ivanov |
| Petty Officer | Sergeant | Sergeant | Dear [Rank Family name] | Dear Sergeant Andersson |
| Leading Seaman | Corporal | Corporal | Dear [Rank Family name] | Dear Leading Seaman Setiawan |
| n/a | Lance Corporal | n/a | Dear [Rank Family name] | Dear Lance Corporal Lim |
| Able Seaman | n/a | Leading Aircraftman / Leading Aircraftwoman | Dear [Rank Family name] | Dear Leading Aircraftman Johnson |
| Seaman | Private | Aircraftman / Aircraftwoman | Dear [Rank Family name] | Dear Aircraftwoman Garcia |
| Trainee | Trainee | Trainee | Dear [Rank Family name] | Dear Trainee Ferran |
| Recruit | Recruit | Aircraftman Recruit / Aircraftwoman Recruit | Dear [Rank Family name] | Dear Recruit Rarru |",Style Guide Content/Australian Defence Force.md,0,0,
e1ff0c01-ace8-41f2-ac4e-69ad222e4538,Australian Defence Force.md,"['Australian Defence Force', 'Ranks and salutations (in order of precedence)', 'Other ranks']",249,266,117,#australian-defence-force/ranks-and-salutations-in-order-of-precedence,,"---
### Chaplains
| Navy | Army | Air Force | Salutation rule | Example |
|------|------|-----------|-----------------|---------|
| Principal Chaplain / Senior Chaplain | Principal Chaplain / Chaplain | Principal Air Chaplain / Chaplain | Dear [Chaplaincy title] | Dear Chaplain Pope |
---
### Maritime Spiritual Wellbeing Officers
| Navy | Army | Air Force | Salutation rule | Example |
|------|------|-----------|-----------------|---------|
| Principal MSWO / Senior MSWO / MSWO | n/a | n/a | Dear [MSWO title] | Dear Senior Maritime Spiritual Wellbeing Officer |
---",Style Guide Content/Australian Defence Force.md,7187,7757,
90f6b287-6bc4-47d0-8744-7182f3db83af,Australian Defence Force.md,"['Australian Defence Force', 'Release notes']",267,273,74,#australian-defence-force/release-notes,,"## Release notes
- Digital edition broadly follows the *Australian Defence Force writing manual*.  
- Consolidates sixth edition, updates examples, adds MSWO guidance.  
- Includes capitalisation guidance for internal military use.  
- Does not follow sixth edition’s requirement for commas in post-nominals (aligns with minimal punctuation approach).  
- Content Guide had no prior ADF rank/address info.",Style Guide Content/Australian Defence Force.md,7759,8164,
8017a1f2-4d5b-452e-aa1f-58465cc3afe1,Australian place names.md,['Australian place names'],1,6,36,#australian-place-names,,"# Australian place names
Spell official place names correctly. Follow style rules so people recognise names for other public places. Use standard shortened forms in addresses.
---",Style Guide Content/Australian place names.md,0,179,
b7c0e0d6-5529-4e21-a126-4e9fbd094015,Australian place names.md,"['Australian place names', 'Guidance']",7,16,69,#australian-place-names/guidance,,"## Guidance
- [Check official place names and style them correctly](#check-official-place-names-and-style-them-correctly)  
- [Use capitals for names of places, roads and streets](#use-capitals-for-names-of-places-roads-and-streets)  
- [Use shortened forms for addresses](#use-shortened-forms-for-addresses)  
- [Write the names of buildings, structures and public places with an initial capital](#write-the-names-of-buildings-structures-and-public-places-with-an-initial-capital)  
- [Shorten names for states and territories in 4 situations](#shorten-names-for-states-and-territories-in-4-situations)
---",Style Guide Content/Australian place names.md,181,788,
b17595d7-b402-44ba-817c-fe19fa1626d2,Australian place names.md,"['Australian place names', 'Check official place names and style them correctly']",17,56,387,#australian-place-names/check-official-place-names-and-style-them-correctly,,"## Check official place names and style them correctly
Using official Australian place names helps us all communicate more clearly. You can check the spelling of a place name using the [Australian Place Names dataset](https://data.gov.au/dataset/ds-dga-94f7b168-92a5-4d2a-9346-997bc4f708f7).
If still unsure, contact the relevant state or territory naming authority. You can click on the government logos in the search results from the dataset. They will take you to the jurisdictional webpage.
Official place names are generally given under Acts of parliament and associated rules. Each state and territory has its own legal and administrative processes.
National principles for naming are intended to provide consistency across the country. This helps ensure that wherever we go in Australia, we find names are chosen and spelt in a common way.
Place names reflect culture at various points throughout history. Because of this reality, there may appear to be exceptions to the general rules given in this guide.
There are many First Nations naming systems across Australia. These were in place before the official national system and continue today.
Many names from First Nations languages have become official names, used by all Australians. There are also many that have not. Consult directly with relevant communities about conventions for naming and spelling in specific First Nations languages.
### Spelling and capitalisation
Australian place names are proper nouns, written using standard Australian English. Place names:
- use a standard 26 character alphabet  
- don’t use diacritical marks  
- are not possessive  
- don’t generally have punctuation.
Some Australian place names stem from other languages. Spelling and capitalisation can change when they’re adopted as an official Australian place name. For example, the official spelling:
- loses any accent marks or diacritics  
- adds capitalisation.
**Correct**  
D’Entrecasteaux
**Incorrect**  
d’Entrecasteaux
---
### Punctuation",Style Guide Content/Australian place names.md,790,2787,
a08cf36a-a131-4f16-8a3c-5735db0f3568,Australian place names.md,"['Australian place names', 'Check official place names and style them correctly', 'Punctuation']",57,57,36,#australian-place-names/check-official-place-names-and-style-them-correctly,,Hyphens and apostrophes can be part of an official name. They appear if they were part of the name of the person commemorated by the place name.,Style Guide Content/Australian place names.md,0,0,
9a18bd5f-1e3e-4f74-93fd-354267d3d01b,Australian place names.md,"['Australian place names', 'Check official place names and style them correctly', 'Punctuation']",59,75,117,#australian-place-names/check-official-place-names-and-style-them-correctly,,"**Correct**  
Baden-Powell Waterhole
**Incorrect**  
Baden Powell waterhole or Baden-Powell’s Waterhole
Australian places have official names derived from Aboriginal and Torres Strait Islander languages. Some places have official dual names from those languages and English.
When writing official dual names, use a spaced forward slash to separate the 2 parts of the name. The order should be as written in the official name, which you can check in the Australian Place Names dataset.
**Example**  
Kata Tjuta / Mount Olga  
Karlu Karlu / Devils Marbles  
Kunanyi / Mount Wellington
---",Style Guide Content/Australian place names.md,2789,3375,
fe38856c-976d-4884-b613-23bfe2bc24de,Australian place names.md,"['Australian place names', 'Use capitals for names of places, roads and streets']",76,95,104,#australian-place-names/use-capitals-for-names-of-places-roads-and-streets,,"## Use capitals for names of places, roads and streets
Words that don’t usually need an initial capital have one when they are part of a place name.
**Example**  
the Adelaide Hills  
the North Shore  
the Western District
The names of roads, streets and other thoroughfares also take an initial capital.
**Example**  
George Street  
Wickham Terrace  
Monaro Highway
This is a similar rule to style for proper names of mountains, valleys, bays, islands and other topographic features.
---",Style Guide Content/Australian place names.md,3377,3866,
f57e44b7-4198-4324-9843-780dcb498ef2,Australian place names.md,"['Australian place names', 'Use shortened forms for addresses']",96,138,209,#australian-place-names/use-shortened-forms-for-addresses,,"## Use shortened forms for addresses
Addresses usually have abbreviations and contractions. Do not add punctuation marks to these.
**Example**  
10 Bendemeer Blvd  
PO Box 1  
RMB 99
Common abbreviations include:
- Av (Avenue)  
- Cct (Circuit)  
- Cr (Crescent)  
- Ct (Court)  
- Dr (Drive)  
- Esp (Esplanade)  
- Gr (Grove)  
- Hts (Heights)  
- Hwy (Highway)  
- Pde (Parade)  
- Pl (Place)  
- Rd (Road)  
- St (Street)  
- Tce (Terrace)
---
### Shortened state and territory names for addresses
When addressing a letter, write the last line in capitals without punctuation or underlining, with the postcode last. The last line should contain the place name or post office of delivery, state or territory abbreviation and postcode.
**Example**  
11 Banks Av  
WAGGA WAGGA NSW 2650
If you are sending mail overseas, spell out all names in the address in full to avoid confusion.
**Example**  
‘SA’ could refer to South Australia or to South Africa.
---",Style Guide Content/Australian place names.md,3868,4825,
f6d5056d-9ee4-4d7f-a678-f023950dd0e5,Australian place names.md,"['Australian place names', 'Write the names of buildings, structures and public places with an initial capital']",139,155,96,#australian-place-names/write-the-names-of-buildings-structures-and-public-places-with-an-initial-capital,,"## Write the names of buildings, structures and public places with an initial capital
Names of buildings, structures and public places have initial capitals. Write generic and plural terms in lower case.
**Example**  
St Paul’s Cathedral is close to Melbourne’s Federation Square. The cathedral ...  
The Iron Cove and Gladesville bridges are both in Sydney.
Use initial capitals for the names of private properties.
**Example**  
Thargomindah Station  
Myocum Downs  
Tocal Homestead
---",Style Guide Content/Australian place names.md,4827,5315,
6a9d5950-33c7-41bf-acab-5c345987247b,Australian place names.md,"['Australian place names', 'Shorten names for states and territories in 4 situations']",156,190,241,#australian-place-names/shorten-names-for-states-and-territories-in-4-situations,,"## Shorten names for states and territories in 4 situations
Spell out the names of Australian states and territories in formal content.
You can use shortened forms when:
- the name is used as an adjective  
- space is limited  
- the full name would result in repetition  
- you are writing an address.
**Example**  
The WA Government has reopened the Eyre Highway. [‘WA’ is used as an adjective.]
Don’t use a full stop after the shortened forms. This rule applies to the initialisms (NSW, WA, ACT and NT), abbreviations (Vic and Tas) and the contraction (Qld).
States and territories are generally listed in an order when more than one is mentioned. For example:
- in alphabetical order (ACT to WA)  
- by population size (NSW to NT).
**Example**  
NSW  
Vic  
Qld  
WA  
SA  
Tas  
ACT  
NT
Other orders might be more suitable for some content. For example, content might include a list of states and territories ordered by total annual rainfall or number of enrolled voters. Use the order that fits with context and helps people understand your content.
---",Style Guide Content/Australian place names.md,5317,6377,
6d6bb031-213c-4edc-92f2-ec762e08bc0c,Australian place names.md,"['Australian place names', 'Release notes']",191,201,173,#australian-place-names/release-notes,,"## Release notes
The digital edition includes new information about dual place names. It links to the Australian place names dataset as the authoritative source for correct spelling and capitalisation for official place names.
The digital edition updates punctuation style for shortened forms.
- Consistent with the sixth edition, it does not use full stops with acronyms or initialisms, or contractions.  
- It removes the requirement to use full stops with abbreviations of state names (as with other non-Latin abbreviations).  
- This is a change from the sixth edition, which recommended using a full stop with ‘Vic’ and ‘Tas’. It is consistent with the digital edition’s guidance for shortened forms. Australian corpus data informed this change.
The *Content Guide* provided general advice but no specific details on Australian place names.",Style Guide Content/Australian place names.md,6379,7224,
00002a04-8d73-4179-a4ba-570798b3b0c8,Authoritative reports.md,['Authoritative reports'],1,6,43,#authoritative-reports,,"# Authoritative reports
Case citations rely on authorised and unauthorised law report series. Use the correct abbreviations for Australian law report series. This will help people find the judgements you cite.
---",Style Guide Content/Authoritative reports.md,0,213,
2efa786c-878c-4762-b9aa-531893d9d87c,Authoritative reports.md,"['Authoritative reports', 'Guidance']",7,14,36,#authoritative-reports/guidance,,"## Guidance
- Cite an authorised law report if one is available  
- Use common abbreviations for authorised reports  
- Use standard abbreviations for unauthorised reports
---",Style Guide Content/Authoritative reports.md,215,390,
8181ffa0-9eb2-48e8-b63e-b1ea06c84d8c,Authoritative reports.md,"['Authoritative reports', 'Cite an authorised law report if one is available']",15,26,122,#authoritative-reports/cite-an-authorised-law-report-if-one-is-available,,"## Cite an authorised law report if one is available
When you are referring to case law, you will generally cite a law report.
There are Commonwealth, state and territory law reports. They contain court judgments in cases that are important for legal reasons.
Reported cases generally set a precedent for similar cases. A written judgement is a useful summary of the key points of a case.
Not all court decisions are published. Where they are not published, they are called unreported judgments. Unreported judgments are less persuasive than reported judgments.
---",Style Guide Content/Authoritative reports.md,392,957,
664bcfb7-ea32-4b98-aa22-c3c0dd11b515,Authoritative reports.md,"['Authoritative reports', 'Authorised and unauthorised reports']",27,36,113,#authoritative-reports/authorised-and-unauthorised-reports,,"## Authorised and unauthorised reports
Citations use common abbreviations for the titles of law reports. A law report is part of either an authorised or unauthorised report series.
The courts review, annotate and approve authorised law reports for publication. Wherever you can, cite an authorised law report using the relevant abbreviation.
Unauthorised law reports are legitimate reports that haven’t gone through the same process before publication. Tribunals and smaller courts often have unauthorised reports. These can be the only available reports of those decisions.
---",Style Guide Content/Authoritative reports.md,959,1537,
7e79792c-fa4e-4ab6-97bb-08304ef978e9,Authoritative reports.md,"['Authoritative reports', 'Use common abbreviations for authorised reports']",37,90,402,#authoritative-reports/use-common-abbreviations-for-authorised-reports,,"## Use common abbreviations for authorised reports
This section lists common abbreviations for authorised law report series. Each series comprises judgments by specific courts and tribunals.
State and territory reports have common abbreviations for series titles that cover different periods.
### Commonwealth jurisdictions
- **ALD** (Administrative Law Decisions) – Administrative Appeals Tribunal – 1976 onward  
- **CLR** (Commonwealth Law Reports) – High Court – 1903 onward  
- **FCR** (Federal Court Reports) – Federal Court – 1984 onward  
- **IR** (Industrial Reports) – Australian Industrial Relations Commission, Fair Work Australia, Fair Work Commission – 2006 onward
### Supreme Court of the Australian Capital Territory
- **ACTLR** (Australian Capital Territory Law Reports) – 2007 onward  
- **ACTR** (Australian Capital Territory Reports) – 1973 to 2008
### Supreme Court of New South Wales
- **NSWLR** (New South Wales Law Reports) – 1971 onward  
- **NSWR** (New South Wales Reports) – 1960 to 1970  
- **SR (NSW)** (State Reports NSW) – 1901 to 1959
### Supreme Court of Northern Territory
- **NTLR** (Northern Territory Law Reports) – 1990 onward  
- **NTR** (Northern Territory Reports) – 1979 to 1991
### Supreme Court of Queensland
- **QdR** (Queensland Reports) – 1958 onward  
- **St R Qd** (State Reports Queensland) – 1902 to 1957
### Supreme Court of South Australia
- **SASR** (South Australian State Reports) – 1971 onward  
- **SRSA** (State Reports South Australia) – 1921 to 1970  
- **SALR** (South Australian Law Report) – 1899 to 1920
### Supreme Court of Tasmania
- **Tas R** (Tasmanian Reports) – 1979 onward  
- **Tas SR** (State Reports Tasmania) – 1941 to 1978  
- **Tas LR** (Tasmanian Law Reports) – 1904 to 1940
### Supreme Court of Victoria
- **VR** (Victorian Reports) – 1957 onward  
- **VLR** (Victorian Law Reports) – 1875 to 1956
### Supreme Court of Western Australia",Style Guide Content/Authoritative reports.md,1539,3456,
d6c9ec11-80e1-482b-9422-faf726150e48,Authoritative reports.md,"['Authoritative reports', 'Use common abbreviations for authorised reports', 'Supreme Court of Western Australia']",90,94,25,#authoritative-reports/use-common-abbreviations-for-authorised-reports,,"- **WAR** (Western Australian Reports) – 1958 onward  
- **WALR** (Western Australian Law Reports) – 1898 to 1958

---",Style Guide Content/Authoritative reports.md,0,5,
b7ee35d0-3bba-4715-8cd0-15d70aae6b14,Authoritative reports.md,"['Authoritative reports', 'Use standard abbreviations for unauthorised reports']",95,117,164,#authoritative-reports/use-standard-abbreviations-for-unauthorised-reports,,"## Use standard abbreviations for unauthorised reports
If the law report has no authorised version, you might need to use the abbreviations from this select list of unauthorised law report series:
- **ACLR** (Australian Company Law Reports)  
- **ACompT** (Australian Competition Tribunal)  
- **ALJR** (Australian Law Journal Reports)  
- **ALR** (Australian Law Reports)  
- **APO** (Australian Patent Office)  
- **ATR** (Australian Tax Reports)  
- **ATMO** (Australian Trade Marks Office)  
- **CAR** (Commonwealth Arbitration Reports)  
- **ACopyT** (Copyright Tribunal of Australia)  
- **ADFDAT** (Defence Force Discipline Appeal Tribunal)  
- **FWC** (Fair Work Commission)  
- **Fam LR** (Family Law Reports)  
- **FCCA** (Federal Circuit Court of Australia)  
- **FLR** (Federal Law Reports)  
- **HCA** (High Court of Australia)  
- **NNTA** (National Native Title Tribunal)
---",Style Guide Content/Authoritative reports.md,3458,4348,
7af328e6-c7df-45ef-871a-b8fa2a60e233,Authoritative reports.md,"['Authoritative reports', 'Release notes']",118,120,41,#authoritative-reports/release-notes,,"## Release notes
Guidance on citing legal material lists abbreviations for authorised and unauthorised reports. This is new content that did not appear in the sixth edition or the *Content Guide*.",Style Guide Content/Authoritative reports.md,4350,4546,
31e59283-ba75-44ef-bf77-11cb5262110f,Awards and honours.md,['Awards and honours'],1,6,32,#awards-and-honours,,"# Awards and honours
Post-nominals and titles of status show the awards and honours an individual has. List them in the correct order.
---",Style Guide Content/Awards and honours.md,0,138,
1d79da1e-3277-46e3-aa7e-214cb91dc95c,Awards and honours.md,"['Awards and honours', 'Guidance']",7,13,28,#awards-and-honours/guidance,,"## Guidance
- Use post-nominals in the correct order  
- Write titles before a person’s name in the correct order
---",Style Guide Content/Awards and honours.md,140,257,
22def6cf-7d73-4105-a858-57c1c7a561ff,Awards and honours.md,"['Awards and honours', 'Use post-nominals in the correct order']",14,39,152,#awards-and-honours/use-post-nominals-in-the-correct-order,,"## Use post-nominals in the correct order
Post-nominals are the shortened forms for academic awards and civil and military honours.
There is an order in which to write the post-nominals.
In summary, the rule is to write the highest honour first. The order is:
1. post-nominals for honours and awards  
2. King’s Counsel (KC) or Senior Counsel (SC) or Justice of the Peace (JP)  
3. university degrees and diplomas  
4. membership of professional associations  
5. membership of parliament.
Don’t use:
- full stops or spaces within post-nominals  
- commas before or between post-nominals.
**Example**
> Professor Fiona Wood AM FAHMS  
> The Hon Ken Wyatt AM MP  
> The Hon Linda Burney MP
---",Style Guide Content/Awards and honours.md,259,951,
eadbfa1e-83f3-47dd-8b69-5d972b1a5cf2,Awards and honours.md,"['Awards and honours', 'Write titles before a person’s name in the correct order']",40,52,93,#awards-and-honours/write-titles-before-a-persons-name-in-the-correct-order,,"## Write titles before a person’s name in the correct order
Vice-regal and ecclesiastical titles and Australian Defence Force ranks usually precede all other titles.
Follow these with any other titles (such as ‘Dame’, ‘Sir’ and ‘Dr’) immediately before a person’s name.
**Example**
> His Excellency General the Honourable David Hurley AC DSC (Retd)  
> The Right Reverend Dr Sarah Macneil  
> General Sir John Wilton KBE CB DSO
---",Style Guide Content/Awards and honours.md,953,1384,
4b0d4897-cc04-4fff-ba7b-ab7174c5bac3,Awards and honours.md,"['Awards and honours', 'Release notes']",53,63,154,#awards-and-honours/release-notes,,"## Release notes
The reference to ‘King’s Counsel’ replaced the reference to ‘Queen’s Counsel’ upon the death of Queen Elizabeth II.
The digital edition consolidates information from the sixth edition and uses topic-specific pages to help users find what they need. It includes updated examples.
The sixth edition had substantial information on awards and honours spread throughout the manual, but concentrated in an appendix.
Examples in the digital edition do not follow the sixth edition’s requirement for a comma before and between post-nominals. This is consistent with this edition’s recommendation to use minimal punctuation.
The *Content Guide* had brief guidance for punctuating abbreviations of honours, awards and distinctions. The digital edition is consistent with that guidance.",Style Guide Content/Awards and honours.md,1386,2178,
2b223c2e-1b66-4a4e-a7cf-72b234954332,Bills and explanatory material.md,['Bills and explanatory material'],1,6,29,#bills-and-explanatory-material,,"# Bills and explanatory material
Cite bills and explanatory material using the right style to help people find the source material.
---",Style Guide Content/Bills and explanatory material.md,0,135,
cfe1c062-b913-4d07-851e-894f31cdf5be,Bills and explanatory material.md,"['Bills and explanatory material', 'Guidance']",7,15,61,#bills-and-explanatory-material/guidance,,"## Guidance
* Style for bill titles is roman type, title case
* Lower case is correct, unless the reference is to a specific bill
* The basic unit of a bill is a clause (cl)
* Explanatory material titles use roman type, title case
---",Style Guide Content/Bills and explanatory material.md,137,371,
4417149f-63a5-4872-bf97-8fe9e5b90204,Bills and explanatory material.md,"['Bills and explanatory material', 'Style for bill titles is roman type, title case']",16,37,172,#bills-and-explanatory-material/style-for-bill-titles-is-roman-type-title-case,,"## Style for bill titles is roman type, title case
A bill is a draft Act introduced into parliament. A bill becomes an Act when the Governor-General gives assent to the bill after the Senate and House of Representatives agree on its content.
Write the titles of bills in roman type, not italics.
Bills have a:
* short title (its name), which includes the year
* long title (a description).
In general, use the short title. Use title case (maximal capitalisation). There is no comma between the title and year.
The long title uses sentence case.
**Example**
> Refugee Protection Bill 2019 \[Short title]
> A Bill for an Act to provide a legislative response to all people seeking asylum in Australia, and for related purposes \[Long title]
---",Style Guide Content/Bills and explanatory material.md,373,1115,
2d1b9d52-6540-4f8b-afa0-6953e9f84485,Bills and explanatory material.md,"['Bills and explanatory material', 'Lower case is correct, unless the reference is to a specific bill']",38,57,180,#bills-and-explanatory-material/lower-case-is-correct-unless-the-reference-is-to-a-specific-bill,,"## Lower case is correct, unless the reference is to a specific bill
Always use an initial capital for the word ‘Bill’ when you write about a specific bill: ‘the Bill’, ‘this Bill’.
If you are writing about 2 or more bills, use the lower case: ‘the bills’, ‘these bills’.
If you write about a bill or bills generally, use the lower case: ‘a bill’, ‘some bills’.
For bills, people are unlikely to find the lower case forms confusing. If there’s any chance the text is unclear to readers, use a capital ‘B’.
**Example**
> The government drafted a legislative package that includes 3 bills:
>
> * the Religious Discrimination Bill 2019
> * the Religious Discrimination (Consequential Amendments) Bill 2019
> * the Human Rights Legislation Amendment (Freedom of Religion) Bill 2019.
---",Style Guide Content/Bills and explanatory material.md,1117,1899,
3dc94ba8-de91-492c-b9f5-7df35eec7851,Bills and explanatory material.md,"['Bills and explanatory material', 'The basic unit of a bill is a clause (cl)']",58,95,375,#bills-and-explanatory-material/the-basic-unit-of-a-bill-is-a-clause-cl,,"## The basic unit of a bill is a clause (cl)
Bills contain clauses, which become sections when bills become Acts. Clauses can be divided into subclauses, then into paragraphs and then into subparagraphs. Use lower case for these units of a bill unless they begin a sentence.
Long bills have clauses grouped into parts, divisions and subdivisions. Always use an initial capital for these units, for example ‘Part 1’.
Bills often contain schedules. These are not units but are components of bills, Acts and some delegated legislation.
---
### Units below clause level
Commonwealth bills refer to units below clause level using the smallest unit of text. This is a convention used by the Office of Parliamentary Counsel in legislative drafting. Some jurisdictions cite at clause level.
**Example**
> clause 9
> subclause 9(4)
> paragraph 9(4)(a)
> subparagraph 9(4)(a)(ii).
Other jurisdictions might cite the subparagraph as ‘clause 9(4)(a)(ii)’ \[A citation at clause level].
Whether to cite at clause level or below will depend on the context for your content. You can choose which method to follow.
Content that discusses the operation and effect of certain subclauses, paragraphs and subparagraphs will cite at the smallest unit level. A general discussion about the provisions of a bill will cite at clause level.
Follow in-house style. Otherwise, be guided by the type of content you’re writing, and its purpose and audience.
---
### Shortened forms for units
* The shortened forms of ‘clause’ and ‘clauses’ are ‘cl’ and ‘cls’. Write them in lower case and without a full stop.
* The shortened forms of ‘subclause’ and ‘subclauses’ are ‘subcl’ and ‘subcls’.
The other units of bills mentioned above are also found in Acts.",Style Guide Content/Bills and explanatory material.md,1901,3626,
106859e0-a250-4205-8898-31ff31560888,Bills and explanatory material.md,"['Bills and explanatory material', 'The basic unit of a bill is a clause (cl)', 'Shortened forms for units']",96,96,66,#bills-and-explanatory-material/the-basic-unit-of-a-bill-is-a-clause-cl,,"You can use both the long and shortened forms of units for in-text citation and notes. To decide which to use, think about the type of content, its users and the amount of legal material cited in it. If the long form better helps people understand the text, use it.",Style Guide Content/Bills and explanatory material.md,0,0,
b7bb5557-cf67-4b39-8e4c-4c7833ee8721,Bills and explanatory material.md,"['Bills and explanatory material', 'The basic unit of a bill is a clause (cl)', 'Shortened forms for units']",98,105,61,#bills-and-explanatory-material/the-basic-unit-of-a-bill-is-a-clause-cl,,"**Example**
> Clause 12 vests Commonwealth powers in the Minister …
> The Underwater Cultural Heritage Bill 2018 provides automatic protection for the remains of vessels located in Australian waters for at least 75 years (paragraph 16(1)(a)).
> 1 Commonwealth Registers Bill 2019, subcl 25(1).
---",Style Guide Content/Bills and explanatory material.md,3628,3925,
143f7ea8-6b56-424d-a7db-21265eeb2812,Bills and explanatory material.md,"['Bills and explanatory material', 'Explanatory material titles use roman type, title case']",106,137,322,#bills-and-explanatory-material/explanatory-material-titles-use-roman-type-title-case,,"## Explanatory material titles use roman type, title case
Explanatory material includes explanatory memoranda and explanatory statements.
An explanatory memorandum is a document tabled in parliament with a bill. It explains the objective of a proposed law and how it will operate. The Australian Government has provided explanatory memoranda with all government bills since 1982.
An explanatory statement is a similar document that accompanies delegated legislation such as regulations and determinations.
Write titles in roman type. Use title case for the titles of explanatory material.
Don’t use capitals for ‘explanatory memoranda’ and ‘explanatory statements’ when writing about explanatory material in the general sense.
For content that mentions explanatory material often, use these shortened forms:
* EM (explanatory memorandum)
* EMs (explanatory memoranda or memorandums)
* ES (explanatory statement or statements).
Write them in parentheses at first mention and use the shortened form after that.
**Example**
> Material that does not form part of an Act (extrinsic material) can be used in the interpretation of an Act. Extrinsic material includes explanatory memorandums (EMs). The Legislation Register attaches an EM to each bill that is introduced.
Write the titles of explanatory material as in-text citations to give context.
**Example**
> The Parliamentary Precinct Regulations 2011 allow the law governing the Parliamentary precinct to be applied to another location if Parliament House is unavailable due to a major event such as ‘an earthquake’ or ‘terrorist attack’ (Explanatory Statement, Select Legislative Instrument 2011 No. 181).
---",Style Guide Content/Bills and explanatory material.md,3927,5587,
8b352c87-3b65-49c3-a6f5-b8eb60076792,Bills and explanatory material.md,"['Bills and explanatory material', 'Release notes']",138,146,162,#bills-and-explanatory-material/release-notes,,"## Release notes
The digital edition has considerable advice on how to cite legal material. It includes new material on Commonwealth tribunals and Australian Tax Office rulings. It expands on sixth edition information on treaties.
The digital edition departs from sixth edition guidance about the capitalisation, punctuation and italicisation of citation elements for some legal material. The current edition also recommends the contraction ‘Cth’ rather than ‘Cwlth’.
These departures are informed by legal material and general publications from Australian courts, government agencies working in the legislative context and academic sources. The digital edition style is for general, rather than specialist, legal content.
The *Content Guide* briefly mentioned legislation in relation to capitalisation. There was no detailed guidance about how to cite legislation.",Style Guide Content/Bills and explanatory material.md,5589,6454,
f531663f-9435-4e2f-9443-f237bf268e95,Brackets and parentheses.md,['Brackets and parentheses'],1,6,39,#brackets-and-parentheses,,"# Brackets and parentheses
Brackets can help users scan text more easily. Only use brackets if you can remove the enclosed text and the meaning does not change.
---",Style Guide Content/Brackets and parentheses.md,0,164,
ca5d10c6-084b-4535-a598-093164c4bcf9,Brackets and parentheses.md,"['Brackets and parentheses', 'Guidance']",7,17,72,#brackets-and-parentheses/guidance,,"## Guidance
- Use brackets for text users can skip over  
- Put extra information in parentheses  
- Avoid using square brackets in parentheses  
- Use square brackets to show insertions in quotes  
- Follow normal punctuation rules for content in brackets  
- Write brackets in the same type as the surrounding text
---",Style Guide Content/Brackets and parentheses.md,166,486,
9dd196e7-63f2-4a50-ba8d-5d2ddf678101,Brackets and parentheses.md,"['Brackets and parentheses', 'Use brackets for text users can skip over']",18,41,203,#brackets-and-parentheses/use-brackets-for-text-users-can-skip-over,,"## Use brackets for text users can skip over
Brackets can help you break up information. They enclose parts of the sentence that aren’t essential to the meaning. Sentences must be grammatically correct if you remove the text in brackets.
The most commonly used brackets are:
- parentheses  
- square brackets.
Use brackets sparingly for:
- non-essential information  
- shortened forms  
- references  
- insertions.
Use brackets only where they make content clearer to people. For example, always use brackets in author–date citations.
Too many brackets, or badly used brackets, can make a sentence more complex and difficult to understand. You can usually rewrite a sentence so the content in brackets can be its own sentence or can even be removed.
Other types of brackets, such as curly brackets and slant brackets, are used in fields such as mathematics and linguistics. These are specialist uses, so don’t use them in most content.
---",Style Guide Content/Brackets and parentheses.md,488,1429,
08e0cfaf-9b8b-499b-9c5a-a377abb39dc4,Brackets and parentheses.md,"['Brackets and parentheses', 'Put extra information in parentheses']",42,93,342,#brackets-and-parentheses/put-extra-information-in-parentheses,,"## Put extra information in parentheses
Information in parentheses is less important than information that is between spaced en dashes or pairs of commas.
Used well, parentheses can improve meaning and make content easy to scan.
### Definitions
Parentheses enclose definitions.
**Example**
> Medicare (Australia’s universal health insurance scheme) guarantees all Australians access to a wide range of health and hospital services.
### Shortened forms
Parentheses introduce a shortened form after it has been spelt out in full. You can then use the shortened form through the rest of the page or publication.
**Example**
> The National Health and Medical Research Council (NHMRC) is responsible for research funding and health guidelines.
### Cross-references
Parentheses enclose cross-references to other parts of the content.
**Example**
> Australia’s population increased by 350,000 people last year (Table 1).
### Citations
Parentheses enclose citations in the author–date system of referencing.
**Example**
> China is Australia’s largest trading partner (Smith 2019).
### Extra detail
Parentheses enclose extra detail.
**Example**
> Our 2 biggest exports are iron ore ($61.4 billion) and coal ($60.4 billion).  
> The winning tenderer (which was a local company) signed the contract on Tuesday.
### Clarification and asides
Parentheses enclose text that doesn’t have a grammatical relationship to the rest of the sentence. This type of text includes extra information, clarifications and asides.
**Example**
> The department was in a heritage-listed building. (The building was designed by award-winning architect Enrico Taglietti.)  
> Whitlam’s comments on the steps of Parliament House (‘Well may we say ...’) are still widely quoted.
---",Style Guide Content/Brackets and parentheses.md,1431,3177,
016bf9b2-1043-499a-98bf-76943ca2a957,Brackets and parentheses.md,"['Brackets and parentheses', 'Avoid using square brackets in parentheses']",94,110,122,#brackets-and-parentheses/avoid-using-square-brackets-in-parentheses,,"## Avoid using square brackets in parentheses
Reword the text to avoid square brackets inside of parentheses wherever possible.
**Example**
> Australia’s Parliament House opened on 9 May 1988. The architects were Mitchell/Giurgola & Thorp (New York).
Don’t use sets of parentheses inside each other. Instead, use square brackets if you must put parenthetical information within parentheses.
**Like this**
> Australia’s Parliament House (architects Mitchell/Giurgola & Thorp [New York]) opened on 9 May 1988.
**Not this**
> Australia’s Parliament House (architects Mitchell/Giurgola & Thorp (New York)) opened on 9 May 1988.
---",Style Guide Content/Brackets and parentheses.md,3179,3806,
c531313f-c351-4bff-88d5-0c04d30cec4d,Brackets and parentheses.md,"['Brackets and parentheses', 'Use square brackets to show insertions in quotes']",111,133,174,#brackets-and-parentheses/use-square-brackets-to-show-insertions-in-quotes,,"## Use square brackets to show insertions in quotes
Use square brackets in quoted material to show that you have:
- paraphrased the original content  
- inserted text that was not in the original content.
**Example**
> He wrote in the report, ‘The department’s executive moved into new offices in Barton [Canberra] last year.’  
> ‘The High Court [in Canberra] is the highest court in the land,’ she said.
You can also use square brackets to clarify quoted material.
**Example**
> The manager reported, ‘Smith was furious with Jackson because he [Smith] wanted all the credit.’
Square brackets with an italicised ‘sic’ show that the error in the text is from the original writer.
**Example**
> Written late at night, the report began, ‘The office was previously in Melberne [sic].’
---",Style Guide Content/Brackets and parentheses.md,3808,4593,
5da9b337-77d2-4cf0-ac66-89b37cdd4f85,Brackets and parentheses.md,"['Brackets and parentheses', 'Follow normal punctuation rules for content in brackets']",134,164,250,#brackets-and-parentheses/follow-normal-punctuation-rules-for-content-in-brackets,,"## Follow normal punctuation rules for content in brackets
Punctuation in brackets depends on what is inside the brackets. Punctuate content in brackets as you would if it were outside the brackets.
**Example**
> Whitlam’s comments on the steps of Parliament House (‘Well may we say ...’) are still widely quoted.
A comma follows a closing bracket only if you would have used a comma if there were no brackets.
**Correct**
> The winning tenderer (a local company) signed the contract on Tuesday.
**Incorrect**
> The winning tenderer (a local company), signed the contract on Tuesday.
If the content inside the brackets is a full sentence, include the end punctuation inside the brackets.
**Example**
> The department was in a heritage-listed building. (The building was designed by award-winning architect Enrico Taglietti.)
Don’t use brackets to enclose a sentence within a sentence. Rewrite the text instead.
**Correct**
> The winning tenderer signed the contract on Tuesday. They were a local company.  
> The winning tenderer (a local company) signed the contract on Tuesday.
**Incorrect**
> The winning tenderer (They were a local company.) signed the contract on Tuesday.
---",Style Guide Content/Brackets and parentheses.md,4595,5776,
1678a1e0-75f7-4c3c-a80b-995245ca4bc3,Brackets and parentheses.md,"['Brackets and parentheses', 'Write brackets in the same type as the surrounding text']",165,178,144,#brackets-and-parentheses/write-brackets-in-the-same-type-as-the-surrounding-text,,"## Write brackets in the same type as the surrounding text
Brackets should be in the same type (roman, italics, bold) as the text around the brackets. This is regardless of the type of the text inside the brackets.
This is the same rule as for quotation marks.
**Correct**
> The most recent review of defence policy (2016 Defence white paper) set the direction for the next 10 years. [In this example, the parentheses are not in italics because the surrounding text is not in italics.]
**Incorrect**
> The most recent review of defence policy (2016 Defence white paper) set the direction for the next 10 years.
---",Style Guide Content/Brackets and parentheses.md,5778,6392,
3d264705-1e3e-4196-912d-6211cbd3c01a,Brackets and parentheses.md,"['Brackets and parentheses', 'Release notes']",179,188,84,#brackets-and-parentheses/release-notes,,"## Release notes
The digital edition consolidates information about brackets and parentheses from the sixth edition.
It omits the information about angle brackets that was included in the sixth edition. Angle brackets were used to enclose URLs and this practice is no longer followed. Sources cited as evidence support this departure.
The *Content Guide* did not include guidance on brackets or parentheses.
---",Style Guide Content/Brackets and parentheses.md,6394,6805,
314de95c-fdb4-4751-8759-eb87196b9a68,Brackets and parentheses.md,"['Brackets and parentheses', 'About this page']",189,208,302,#brackets-and-parentheses/about-this-page,,"## About this page
**Evidence**
- Oxford University Press (2016) ‘18.8.3 Resource locators’, *New Oxford style manual*, Oxford University Press, Oxford.  
- University of Chicago (2017) ‘6.8 Punctuation with URLs and email addresses’, *Chicago manual of style*, 17th edn, University of Chicago Press, Chicago.
**References**
- Btb Translation Bureau (n.d.) ‘Punctuation’, *The Canadian style*, Btb Translation Bureau website, accessed 4 May 2020.  
- Content Design London (2019) ‘Top findings’, *Content Design London readability guidelines*, Content Design London website, accessed 30 March 2020.  
- Dixon JC and Bolitho B (2005–2019) *Course notes and exercises: Editing and proofreading for the workplace*, Centre for Continuing Education, Australian National University, Canberra.  
- Murphy EM with Cadman H (2014) *Effective writing: plain English at work*, 2nd edition, Lacuna, 2014.  
- Perlman M (2017) ‘How to properly use [sic]’, *Columbia Journalism Review*, viewed 19 December 2019.  
- Perlman M (2017) ‘Pardon my parentheticals’, *Columbia Journalism Review*, viewed 19 December 2019.  
- Seely J (2001) *Oxford everyday grammar*, Oxford Paperback Reference.  
- Stilman S (2004) *Grammatically correct*, Writer’s Digest Books, 2004; revised and updated, 2010.  
- Truss L (2003) *Eats, shoots and leaves: the zero tolerance approach to punctuation*, Profile Books, London, 2003.  
- U.S. Government Publishing Office (2016) ‘8: punctuation’, *Government Publishing Office style manual*, U.S. Government Publishing Office, accessed 13 May 2020.
**Last updated**  
This page was updated Tuesday 19 October 2021.",Style Guide Content/Brackets and parentheses.md,6807,8434,
1adac05a-dc42-4b4b-b97b-1a9fd7a9539a,Cases and legal authorities.md,['Cases and legal authorities'],1,6,49,#cases-and-legal-authorities,,"# Cases and legal authorities
Cite cases, rulings and determinations using the correct style. Accuracy helps people find the source material. Specify the law report or online legal authority that hosts the relevant judgment or decision.
---",Style Guide Content/Cases and legal authorities.md,0,240,
a35cd4b8-ab24-451a-8786-5e122cfd041e,Cases and legal authorities.md,"['Cases and legal authorities', 'Guidance']",7,21,122,#cases-and-legal-authorities/guidance,,"## Guidance
* Style for case names is title case, not always italics
* The abbreviated title is in italics
* The full citation gives users detail they might need
* Decisions are either reported or unreported
* Civil and criminal case titles have different elements
* Subsequent citations in notes use the first party
* Pinpoint citations use ‘at’ for page and paragraph numbers
* Decisions can differ between judges or magistrates
* Titles for Commonwealth tribunal decisions are in italics
* Titles for Tax Commissioner rulings have unique elements
---",Style Guide Content/Cases and legal authorities.md,242,795,
50a02468-31f8-4b54-af82-3ccb71544702,Cases and legal authorities.md,"['Cases and legal authorities', 'Style for case names is title case, not always italics']",22,43,227,#cases-and-legal-authorities/style-for-case-names-is-title-case-not-always-italics,,"## Style for case names is title case, not always italics
A case is a matter to be settled at law. It is also an instance or the process of making a claim in a court of law. Legal authorities are published sources of legal reasoning, doctrine and rulings made by courts and similar bodies.
The people or organisations named in the case are known as ‘parties’. Capitalise the names of the parties but use a lower case **v** between the party names. There is no full stop after **v**.
Case names have this basic form:
`Party v Party`
Write the name of the case in *italics*. This rule is for case names that are mentioned briefly in general content.
Use roman type for cases in reference lists and other long lists. Blocks of italics are difficult to read.
Always write the names as they appear in your source.
**Example**
> In *Commonwealth v Tasmania* …
> The article discusses an important case in the High Court, *Commonwealth v Tasmania*.
---",Style Guide Content/Cases and legal authorities.md,797,1742,
8b18291d-aaac-46a3-bd81-071a8bfd957d,Cases and legal authorities.md,"['Cases and legal authorities', 'The abbreviated title is in italics']",44,56,136,#cases-and-legal-authorities/the-abbreviated-title-is-in-italics,,"## The abbreviated title is in italics
Cases are often known by an abbreviated title. On first mention of the case name, follow it with the abbreviated title in parentheses. For in-text references, write this title in italics and use title case (maximal capitalisation). You can then use the abbreviated title throughout the content.
Do not capitalise ‘the case’ or ‘this case’.
**Example**
> … the important case in the High Court, *Commonwealth v Tasmania* (Tasmanian Dam Case). The case saw the Commonwealth …
> … the *State of New South Wales v The Commonwealth* (Wheat Case). The Wheat Case …
---",Style Guide Content/Cases and legal authorities.md,1744,2345,
3b980205-5325-47ad-b21f-f1beb2a00e26,Cases and legal authorities.md,"['Cases and legal authorities', 'The full citation gives users detail they might need']",57,64,92,#cases-and-legal-authorities/the-full-citation-gives-users-detail-they-might-need,,"## The full citation gives users detail they might need
Most government writing about cases requires a full citation. Citations show people where to find the published authorised judgments and decisions of courts, commissions and tribunals. They also tell people who made the decision and what year it was made.
Citations can be in text or in notes, depending on organisational style and the format of the content.
---",Style Guide Content/Cases and legal authorities.md,2347,2765,
3f89c17b-9d14-4c13-ad4b-f43aaa34aae3,Cases and legal authorities.md,"['Cases and legal authorities', 'Decisions are either reported or unreported']",65,110,282,#cases-and-legal-authorities/decisions-are-either-reported-or-unreported,,"## Decisions are either reported or unreported
**Reported decisions** are published in authorised law reports (a report series).
For example:
* *Commonwealth Law Reports* (CLR) – High Court decisions
* *Federal Court Reports* (FCR) – Federal Court decisions
* *Industrial Reports* (IR) – Fair Work Commission decisions
Always cite an authorised report if available.
**Unreported decisions** are published in report series from the legal authorities themselves.
For example:
* High Court of Australia (HCA)
* Federal Court of Australia (FCA)
* Fair Work Commission (FWC)
The abbreviations for reported and unreported decisions differ. Some unreported decisions are later published in an authorised report series, so the same case might have multiple citations.
---
### Parentheses vs square brackets
* Use **parentheses** for reported decisions with consecutive volume numbers across the series.
* Use **square brackets** for reported decisions where the year acts as the volume number.
* **Unreported decisions** always use square brackets and have no volume number.
**Examples**
**Reported – consecutive volumes**
> *The State of New South Wales v The Commonwealth* (1915) 20 CLR 54 (Wheat Case)
**Reported – year as volume**
> *Kashemije Stud Pty Ltd v Hawkes* \[1978] 1 NSWLR 143
**Unreported**
> *The State of New South Wales v The Commonwealth* \[1915] HCA 17 (Wheat Case)
---",Style Guide Content/Cases and legal authorities.md,2767,4148,
95e503c4-109c-47bf-a6fb-f1d147666c02,Cases and legal authorities.md,"['Cases and legal authorities', 'Civil and criminal case titles have different elements']",111,156,273,#cases-and-legal-authorities/civil-and-criminal-case-titles-have-different-elements,,"## Civil and criminal case titles have different elements
* In **civil cases**, the ‘v’ is pronounced “and”
* In **criminal cases**, the ‘v’ is pronounced “against”
---
### Civil case titles
* First party = plaintiff
* Second party = defendant
* Use family names or full corporation names
* Use ‘and Others’ / ‘& Ors’ or ‘and Another’ / ‘& Anor’ for additional parties
**Example**
> *Koowarta v Bjelke-Peterson* (1982) 153 CLR 168
> *SZIBU and Another v Minister for Immigration and Citizenship and Another* \[2007] FCA 108
---
### Use sentence case and italics for *Re* and *Ex parte*
* *Re* = “in the matter of”
* *Ex parte* = application by one party without notifying the other
**Example**
> *Re Minister for Immigration and Multicultural Affairs; Ex parte Durairajasingham* \[2000] HCA 1; 74 ALJR 405
---
### Criminal case titles
* The Crown is ‘R’ (for Rex/Regina)
* List all defendants by name
* If the Crown is the respondent in an appeal → `Appellant v The King`
* Retain ‘The King’ or ‘The Queen’ as originally published
**Example**
> *R v Bayda, R v Namoa (No 8)* \[2019] NSWSC 24
> *Chamberlain v The Queen* (1984) 153 CLR 521
---",Style Guide Content/Cases and legal authorities.md,4150,5292,
fdb6ae7f-78b0-4718-b471-6e97db2bda87,Cases and legal authorities.md,"['Cases and legal authorities', 'Subsequent citations in notes use the first party']",157,168,53,#cases-and-legal-authorities/subsequent-citations-in-notes-use-the-first-party,,"## Subsequent citations in notes use the first party
First note: full citation
Later notes: only the first party name + citation
**Example**
> 1 *Steinmetz v Shannon* (2019) 99 NSWLR 687.
> 8 *Steinmetz* (2019) 99 NSWLR 687.
---",Style Guide Content/Cases and legal authorities.md,5294,5522,
d3f73e0a-65ba-485f-93b4-9c0c63b3c4ef,Cases and legal authorities.md,"['Cases and legal authorities', 'Pinpoint citations use ‘at’ for page and paragraph numbers']",169,177,56,#cases-and-legal-authorities/pinpoint-citations-use-at-for-page-and-paragraph-numbers,,"## Pinpoint citations use ‘at’ for page and paragraph numbers
**Example**
> 1 *Ruddock v Vadarlis* (2001) 110 FCR 491 at 1191.
> 2 *Rojoda Pty Ltd v Commissioner of State Revenue* (2018) 368 ALR 734 at 737 \[10], 760 \[108].
---",Style Guide Content/Cases and legal authorities.md,5524,5752,
5af043f8-0ce6-4545-b664-8a07d2d35e64,Cases and legal authorities.md,"['Cases and legal authorities', 'Decisions can differ between judges or magistrates']",178,189,59,#cases-and-legal-authorities/decisions-can-differ-between-judges-or-magistrates,,"## Decisions can differ between judges or magistrates
Identify the judicial officer and use abbreviations:
* J, JJ, CJ, ACJ, FM, JA, DCJ
**Example**
> *UBS AG v Tyne* (2018) 92 ALJR 968 at 979 \[45] per Kiefel CJ, Bell and Keane JJ
---",Style Guide Content/Cases and legal authorities.md,5754,5989,
7df1729f-e9ee-4ead-9aaa-7fe0e3bf9e2f,Cases and legal authorities.md,"['Cases and legal authorities', 'Titles for Commonwealth tribunal decisions are in italics']",190,206,76,#cases-and-legal-authorities/titles-for-commonwealth-tribunal-decisions-are-in-italics,,"## Titles for Commonwealth tribunal decisions are in italics
Tribunals: review administrative decisions, investigate matters, settle disputes.
Examples include:
* Administrative Appeals Tribunal (AAT)
* Fair Work Commission (FWC)
* National Native Title Tribunal (NNTT)
Always cite the authorised report if available.
**Example**
> *Minister for Home Affairs v AYJ17* \[2019] FCA 591; 165 ALD 64
---",Style Guide Content/Cases and legal authorities.md,5991,6390,
6c5417bd-685b-400a-9cd0-5d789e5801d5,Cases and legal authorities.md,"['Cases and legal authorities', 'Titles for Tax Commissioner rulings have unique elements']",207,229,138,#cases-and-legal-authorities/titles-for-tax-commissioner-rulings-have-unique-elements,,"## Titles for Tax Commissioner rulings have unique elements
Full titles include:
1. Ruling/determination type
2. Number
3. Italicised title
**Example**
> Goods and Services Tax Ruling GSTR 2019/1 *Goods and services tax: supply of anything other than goods or real property connected with the indirect tax zone (Australia)*
For subsequent mentions: use the type, number, or ‘the Ruling’.
In notes, cite the ATO Legal Database and use paragraph numbers.
**Example**
> 4 Australian Taxation Office, Fuel Tax Determination FTD 2019/1 *Fuel tax: fuel tax credits – vehicles and satisfying environmental criteria*, ATO Legal Database, para \[4]
> 15 FTD 2019/1, paras \[6]–\[8]
---",Style Guide Content/Cases and legal authorities.md,6392,7068,
c973fc9a-be10-4da9-ba29-fb6a71cdc90a,Cases and legal authorities.md,"['Cases and legal authorities', 'Release notes']",230,234,41,#cases-and-legal-authorities/release-notes,,"## Release notes
* Expanded guidance on Commonwealth tribunals and ATO rulings
* Updated from sixth edition with changes to capitalisation, punctuation and italics
* Now recommends ‘Cth’ instead of ‘Cwlth’",Style Guide Content/Cases and legal authorities.md,7070,7275,
fc2a9ddb-4aa2-4ccf-afb4-72299a920470,Choosing numerals or words.md,['Choosing numerals or words'],1,6,40,#choosing-numerals-or-words,,"# Choosing numerals or words
Numbers as numerals are generally easier for people to scan. Numbers as words remain a convention that people expect in some types of content.
---",Style Guide Content/Choosing numerals or words.md,0,175,
fafec0e2-f20b-4000-a4b3-b148ce0336e2,Choosing numerals or words.md,"['Choosing numerals or words', 'Guidance']",7,18,93,#choosing-numerals-or-words/guidance,,"## Guidance
- [Use numerals for 2 and above in text](#use-numerals-for-2-and-above-in-text)  
- [Use words for 2 and above in these specific situations](#use-words-for-2-and-above-in-these-specific-situations)  
- [Write all numbers as numerals in these specific situations](#write-all-numbers-as-numerals-in-these-specific-situations)  
- [Use commas in numbers with 4 or more digits](#use-commas-in-numbers-with-4-or-more-digits)  
- [Combine numerals and words for large, rounded numbers](#combine-numerals-and-words-for-large-rounded-numbers)  
- [Use ‘1 million’ and ‘one million’ in certain contexts](#use-1-million-and-one-million-in-certain-contexts)  
- [Choose between numerals or words for currency](#choose-between-numerals-or-words-for-currency)
---",Style Guide Content/Choosing numerals or words.md,177,939,
9553b02c-e574-4844-9170-5eac1e65a399,Choosing numerals or words.md,"['Choosing numerals or words', 'Use numerals for 2 and above in text']",19,50,238,#choosing-numerals-or-words/use-numerals-for-2-and-above-in-text,,"## Use numerals for 2 and above in text
In text, the general rule is:
- Use numerals for ‘2’ and above.  
- Write the numbers ‘zero’ and ‘one’ in words.
Follow the same rule for writing numbers in headings and subheadings. Apply exceptions to this general rule in specific situations, explained on this page.
The numbers ‘0’ and ‘1’ are difficult for some users to read. Some typefaces make it difficult to see the difference between:
- the letter ‘O’ and numeral ‘0’
- the letters ‘I’ (capital i), ‘l’ (lower-case L) and numeral ‘1’.
In some typefaces, the numeral ‘1’ can also be confused with the numeral ‘7’.
Writing ‘zero’ and ‘one’ helps to ensure all users understand you are referring to the number.
**Write this**
> Only one person agreed to it.  
> Their aim is zero net emissions by 2050.  
> They were open to discussing 3 options.
**Not this**
> Only 1 person agreed with it.  
> Their aim is 0 net emissions by 2050.  
> They were open to discussing three options.
---",Style Guide Content/Choosing numerals or words.md,941,1923,
a5508795-0282-423a-92a1-78b4d8c02197,Choosing numerals or words.md,"['Choosing numerals or words', 'Use words for 2 and above in these specific situations']",51,118,416,#choosing-numerals-or-words/use-words-for-2-and-above-in-these-specific-situations,,"## Use words for 2 and above in these specific situations
There are exceptions to the general rule for using numerals in text.
Use words for numbers when:
- starting a sentence  
- writing a fraction  
- writing a proper noun that includes a number written as a word  
- writing a publication title that includes a number written as a word  
- quoting a figure of speech.
In addition, use words for numbers below 10 for government content that follows journalistic conventions (for example, media releases).
### Starting a sentence with a number
Start sentences with words rather than numerals. If you must use a number at the start of a sentence, write it out in words.
**Write this**
> Twelve people from our group went to the rally.  
> From our group, 12 people went to the rally.
**Not this**
> 12 people from our group went to the rally.
It is sometimes better to rearrange the sentence.
**Write this**
> The board received 621 complaints.
**Not this**
> Six hundred and twenty-one complaints were received by the board.
### Fractions
Write words in general text for fractions.
Use fractions when:
- an exact number is not important
- the user needs only a general idea of the values.
If the exact number and value is important, use decimals instead.
**Example**
> About two-thirds of staff attended last week’s meeting.  
> There were 270 candidates for the Legislative Council, an average of 7.5 candidates per vacancy.
### Proper nouns, titles of publications and figures of speech
Write numbers as words if this is how they appear in a name or title.
**Example**
> The Treasurer wrote the terms of reference for the *Review of the Four Major Banks and Other Financial Institutions*.  
> *Private politics: a study of five political outlooks* by Alan Davies
Use words for figures of speech.
**Example**",Style Guide Content/Choosing numerals or words.md,1925,3736,
e27586ed-ebb8-4461-aeee-9f91c301ec74,Choosing numerals or words.md,"['Choosing numerals or words', 'Use words for 2 and above in these specific situations', 'Proper nouns, titles of publications and figures of speech']",117,119,23,#choosing-numerals-or-words/use-words-for-2-and-above-in-these-specific-situations,,"> Two’s company and three’s a crowd.  
> Let’s take five.  
> She felt ten feet tall.",Style Guide Content/Choosing numerals or words.md,0,0,
47d8e77d-c6b1-4715-88cd-bffccc1da14e,Choosing numerals or words.md,"['Choosing numerals or words', 'Use words for 2 and above in these specific situations', 'Government content and other style conventions']",121,135,134,#choosing-numerals-or-words/use-words-for-2-and-above-in-these-specific-situations,,"### Government content and other style conventions
Various style guides treat numbers differently. Media organisations generally use words for all numbers below 10 (or 11), and use numerals for the rest.
Content of the same type necessarily uses the same style, for example, in media releases.
Check your user research. It might show a need to use words for numbers other than ‘zero’ and ‘one’, for example, in:
- longer works  
- print publications containing very few numbers.
Be consistent. Once your style for numerals or words is settled, use the same style throughout the content or series of publications.
---",Style Guide Content/Choosing numerals or words.md,3738,4354,
4283f18e-f9a5-4cb0-919c-9d3f57ca1e1b,Choosing numerals or words.md,"['Choosing numerals or words', 'Write all numbers as numerals in these specific situations']",136,207,412,#choosing-numerals-or-words/write-all-numbers-as-numerals-in-these-specific-situations,,"## Write all numbers as numerals in these specific situations
There are exceptions to using words for ‘zero’ and ‘one’.
Write all numbers as numerals:
- in units of measurement  
- to show mathematical relationships – such as equations and ratios – and for decimals  
- when you are comparing numbers  
- in tables and charts  
- for dates and times  
- in a series of numbers  
- in specific contexts – such as steps, instructions, age and school years  
- in scientific content.
### Units of measurement
Always use numerals to report a measurement (unless it is a large rounded number).
**Correct**
> 1 km  
> 1 kilometre
**Incorrect**
> one kilometre
### Mathematical formats, relationships and comparisons
Always use numerals:
- to show mathematical relationships (such as equations and ratios)  
- in decimal numbers  
- to compare numbers  
- in tables, graphs and charts.
Use numerals when writing fractions in specialist content. Otherwise the general rule is words for fractions.
#### Mathematical relationships
Use well-understood conventions to write mathematical relationships. Keep relationships together so they are easily understood. To do this use:
- numerals only  
- the correct operator characters  
- spacing between numerals and operators  
- non-breaking spaces.
**Example**
> a ratio of 7∶1  
> 8 + 1 = 9
#### Decimal numbers
Use decimals when you need to be precise. Always write them as numerals.
**Example**
> They had 8.5 full-time equivalent staff in the section.  
> Innisfail averages 3,547.8 mm of rainfall per year.
#### Comparisons
Compare numerals, not words and numerals. If one number is a decimal, the other must be a decimal and so on.
**Write this**
> For those aged 75 to 84, the rate was 2.5 times as high as the rate for the control group. This fell to 1.1 times as high for those aged 85 and over.
**Not this**",Style Guide Content/Choosing numerals or words.md,4356,6209,
1d286499-2d19-469d-ba67-6f3d5a62e8b6,Choosing numerals or words.md,"['Choosing numerals or words', 'Write all numbers as numerals in these specific situations', 'Mathematical formats, relationships and comparisons', 'Comparisons']",208,208,45,#choosing-numerals-or-words/write-all-numbers-as-numerals-in-these-specific-situations,,"> For those aged 75 to 84, the rate was over twice as high as the rate for the control group. This fell to 1.1 times as high for those aged 85 and over.",Style Guide Content/Choosing numerals or words.md,0,0,
47fdfe07-4cfa-4da4-b677-3d254628133f,Choosing numerals or words.md,"['Choosing numerals or words', 'Write all numbers as numerals in these specific situations', 'Mathematical formats, relationships and comparisons', 'Comparisons']",210,252,411,#choosing-numerals-or-words/write-all-numbers-as-numerals-in-these-specific-situations,,"Comparisons are sometimes hard for people, so make them clear. It may seem obvious, but comparisons are only useful if like is compared with like.
### Tables, graphs and charts
Lists or blocks of data must consist of numerals, or people will find them hard to understand. Always use numerals in graphs, charts and tables. Numerals save space and help people scan, find and compare values quickly.
Restrict data to key indicators and results. Keep the presentation of data as simple as possible, and use consistent units and magnitudes.
### Date and times
Always use numerals for dates and time.
**Example**
> Wednesday 1 April 2020  
> She took the call at 1 pm.
### Series of numbers
In any document that contains a lot of numbers, it is always better to write numbers as numerals.
Always use numerals for:
- a related group of items  
- a discussion of statistics.
This is regardless of the size of the numbers involved.
**Example**
> The anthology includes 160 poems by 22 poets – 14 of whom were born in Australia, 4 in New Zealand, 3 in England and 1 in Austria.  
> The number of internet subscribers increased by 3.6%. Fibre connections grew by 22.4% and fibre growth for the year to June was 69.8%.
If you have 2 series of numbers, for the sake of clarity you can use words for one series and numerals for the other.
**Example**
> Of the mothers of the 23 sets of triplets registered during the year, 8 had no previous children, 8 had one child and 7 had two previous children.
[The first series uses numerals to break down the total number of triplets according to groups of mothers. The second series uses words for the number of children each group of mothers had already had.]
### Lists of steps and instructions",Style Guide Content/Choosing numerals or words.md,6211,7935,
d0014ff1-7156-435d-8d81-a34cf815427d,Choosing numerals or words.md,"['Choosing numerals or words', 'Write all numbers as numerals in these specific situations', 'Lists of steps and instructions']",253,253,16,#choosing-numerals-or-words/write-all-numbers-as-numerals-in-these-specific-situations,,"Lists, points and instructions are easier to follow if written as numerals.",Style Guide Content/Choosing numerals or words.md,0,0,
aea41ea7-8182-4ee9-aa05-b516537cabac,Choosing numerals or words.md,"['Choosing numerals or words', 'Write all numbers as numerals in these specific situations', 'Lists of steps and instructions']",255,279,133,#choosing-numerals-or-words/write-all-numbers-as-numerals-in-these-specific-situations,,"**Example**
> 1. Write a list  
> In point 2 of the record of discussion ...  
> Step 3: insert the audio cable into the left audio jack.
### Age and school years
Always use numerals for age and school years.
**Example**
> They're a close-knit group of 12-year-olds.  
> The siblings are in year 1 and year 5.
### In scientific content
You can use powers of 10 for large numbers in technical content, such as science and engineering publications. Don’t use powers of 10 in general content.
**Example**
> 2.5 × 10⁶ is the same as 2,500,000
---",Style Guide Content/Choosing numerals or words.md,7937,8479,
1d2bd249-b857-4346-949a-6fd5583b5726,Choosing numerals or words.md,"['Choosing numerals or words', 'Use commas in numbers with 4 or more digits']",280,301,109,#choosing-numerals-or-words/use-commas-in-numbers-with-4-or-more-digits,,"## Use commas in numbers with 4 or more digits
Numbers from 1,000 need a comma. Separate the digits into groups of 3 (working from right to left).
**Example**
> 1,750  
> 25,690  
> 745,902,350
Don’t use a space or non-breaking space instead of a comma. This is because screen readers can announce spaced digits as separate numbers.
**Correct**
> The government awards 2,500 grants to community projects annually.
**Incorrect**
> The government awards 2 500 grants to community projects annually.
---",Style Guide Content/Choosing numerals or words.md,8481,8981,
d6d68931-113a-40c7-8302-422fe879507e,Choosing numerals or words.md,"['Choosing numerals or words', 'Combine numerals and words for large, rounded numbers']",302,322,174,#choosing-numerals-or-words/combine-numerals-and-words-for-large-rounded-numbers,,"## Combine numerals and words for large, rounded numbers
Numbers below a million are easy to read as numerals. When you’re using rounded numbers of 1,000 or more, use commas to separate numerals into groups of 3 (working right to left).
Use a combination of numerals and words for large numbers from a million when they are rounded. It is easier to read ‘2.5 million’ than ‘2,500,000’.
**Example**
> There are over 1.4 million students enrolled in Australian tertiary institutions.  
> The budget allocated $50 billion to that initiative.  
> The organisation announced $3 trillion in superannuation savings.
Billions, trillions, quadrillions, quintillions:
- billion = 1,000 × million (10⁹)  
- trillion = 1,000 × billion (10¹²)  
- quadrillion = 1,000 × trillion (10¹⁵)  
- quintillion = 1,000 × quadrillion (10¹⁸)
---",Style Guide Content/Choosing numerals or words.md,8983,9803,
14cd9174-6fb1-4c1f-8d7e-a4d188f0c5de,Choosing numerals or words.md,"['Choosing numerals or words', 'Use ‘1 million’ and ‘one million’ in certain contexts']",323,360,390,#choosing-numerals-or-words/use-1-million-and-one-million-in-certain-contexts,,"## Use ‘1 million’ and ‘one million’ in certain contexts
Both forms are acceptable in government content. Choosing which style to use will depend on the context and the type of content.
### When to use ‘1 million’
Our rule to combine numerals with words for large, rounded numbers includes ‘1 million’. The same rule applies to ‘1 billion’, ‘1 trillion’ and so on.
Use the numeral ‘1’ in large, rounded numbers for the reasons listed as exceptions in ‘Write all numbers as numerals in these specific situations’.
This includes writing ‘1 million’:
- in technical content  
- in documents containing a lot of numbers  
- in a series of numbers  
- when comparing numbers  
- with a currency symbol.
**Example**
> The agency manages close to 1 billion online transactions, 30.5 million calls and 6 million emails annually.  
> Vaccine doses purchased by government this year:  
> • 10 million in May  
> • 20 million in June  
> • 1 million in October.  
> Last year, the country exported goods worth over €1 trillion.
In general content, you can also use ‘1 million’ – the numeral and word together make the meaning clear.
The words ‘million’, ‘billion’ and ‘trillion’ appear immediately after the numeral ‘1’ in these large, rounded numbers. This proximity gives people the context they need. It’s unlikely users will mistake the numeral ‘1’ for the capital I or lower-case L – whatever font you use.
However, it is hard to tell the difference between 1 and 7 in some sans serif fonts. Change the typeface to ensure your numbers are readable.
If you can’t, it is better to use words or follow each number with their equivalent word in parentheses:
- 1 (one) million  
- 7 (seven) million",Style Guide Content/Choosing numerals or words.md,9805,11492,
dca58dfe-66c8-41c8-814f-b036db142be0,Choosing numerals or words.md,"['Choosing numerals or words', 'Use ‘1 million’ and ‘one million’ in certain contexts', 'When to use ‘1 million’']",361,361,43,#choosing-numerals-or-words/use-1-million-and-one-million-in-certain-contexts,,"And if you combine 1 and 7 in a number – for example, ‘1.7 million’ – follow the number with its equivalent in words in parentheses. This is awkward but avoids confusion.",Style Guide Content/Choosing numerals or words.md,0,0,
b79bf7b5-c57d-46f6-8384-a468458b8ae4,Choosing numerals or words.md,"['Choosing numerals or words', 'Use ‘1 million’ and ‘one million’ in certain contexts', 'When to use ‘1 million’']",363,393,302,#choosing-numerals-or-words/use-1-million-and-one-million-in-certain-contexts,,"**Example**
> An estimated 1 million of those eligible did not apply.  
> The report shows that telcos blocked over 1 (one) billion scams last year.  
> There are 1.7 million (one point seven million) Australians who are unaware they have the chronic disease.
Media releases follow journalistic style (one, two … nine, 10), but you can also choose to use numerals for large, rounded numbers.
**Example**
> After its recent expansion, which cost $5 million, the facility increased its production of sterile fruit flies to 40 million a week. In the 18 months since the facility opened, it has produced more than 1 billion flies for release.
### When to use ‘one million’
While our rule for large, rounded numbers captures ‘1 million’, our general rule for numbers is to use words for the numeral ‘one’. And in some content, writing ‘one million’ is a good choice.
You can choose to use words for large, rounded numbers:
- to start a sentence  
- in content with very few numbers  
- in content that follows journalistic style – for example, in media releases  
- if there’s any chance users will confuse numerals.
**Example**
> Every year, the facility recycles close to one billion plastic bottles.  
> One million dollars will allow the firm to expand production.  
> Nearly one million Australians downloaded the app last month.
---",Style Guide Content/Choosing numerals or words.md,11494,12827,
8dbdf39c-d2e9-4d2b-af2e-9ecf71b88373,Choosing numerals or words.md,"['Choosing numerals or words', 'Choose between numerals or words for currency']",394,413,81,#choosing-numerals-or-words/choose-between-numerals-or-words-for-currency,,"## Choose between numerals or words for currency
Use numerals and symbols for amounts of money.
**Example**
> They self-declared a $0 turnover.  
> 50c  
> $1  
> US$20,000
However, money can be written entirely in words for approximations and figures of speech.
**Example**
> The government’s new policy will save thousands of dollars.  
> That’s my two cents worth.
---",Style Guide Content/Choosing numerals or words.md,12829,13200,
251a48d8-a033-4966-b990-e2a208ce6a99,Choosing numerals or words.md,"['Choosing numerals or words', 'Release notes']",414,430,334,#choosing-numerals-or-words/release-notes,,"## Release notes
The digital edition updates the rule for using words for numbers in body text.
It recommends using words only for zero and one, and using numerals for other numbers. Government content that follows journalistic conventions is treated as an exception.
Expert advice has informed this change from the sixth edition. The change reflects accessibility considerations and style for numbers in contemporary digital content.
The sixth edition recommended using words up to 100 (in general text) or words up to 9, and then numerals (in statistically oriented text). The digital edition retains the rule to start a sentence with a word rather than a numeral and lists some other exceptions to the new general rule, consistent with sixth edition guidance.
The digital edition recommends using a comma in numbers with 4 or more digits. This recommendation is based on accessibility advice. The sixth edition recommended using a thin space in numbers with 5 or more digits and no space in numbers with 4 digits.
The digital edition contains guidance about using ‘1’ and ‘one’ for large, rounded numbers.
The digital edition retains the sixth edition rule about using numerals in tables and technical content. It also retains the rules about using words for common expressions and to begin sentences. The sixth edition rule about using a mixture of words and numerals for large numbers also appears in the digital edition.
The Content Guide recommended numerals for all numbers, including zero and one, noting a few exceptions to the rule.",Style Guide Content/Choosing numerals or words.md,13202,14745,
b5fbc978-91ce-4089-a977-6b33de7f40e0,Clauses.md,['Clauses'],1,6,29,#clauses,,"# Clauses
Clauses are building blocks: sentences can have one or more. When they’re well structured, clauses give people clear information.
---",Style Guide Content/Clauses.md,0,143,
fb355657-9e2e-49fb-8f38-949532605263,Clauses.md,"['Clauses', 'Guidance']",7,14,37,#clauses/guidance,,"## Guidance
- Clauses contain at least one verb  
- A main clause can stand alone as a sentence  
- Subordinate clauses depend on the main clause
---",Style Guide Content/Clauses.md,145,294,
6138d64f-f1c1-45f6-aa6f-e603219bf98b,Clauses.md,"['Clauses', 'Clauses contain at least one verb']",15,27,72,#clauses/clauses-contain-at-least-one-verb,,"## Clauses contain at least one verb
A clause is a group of words that contains a subject and a verb.
A clause can be:
- a main clause  
- a subordinate clause – noun, adjectival or adverbial.
A main clause can usually stand alone as a sentence, but a subordinate clause can’t.
---",Style Guide Content/Clauses.md,296,577,
eeec669b-bc59-4a77-8a2c-fc726a5f4507,Clauses.md,"['Clauses', 'A main clause can stand alone as a sentence']",28,54,200,#clauses/a-main-clause-can-stand-alone-as-a-sentence,,"## A main clause can stand alone as a sentence
Every sentence has at least one main clause. The main clause is also known as:
- a principal clause  
- an independent clause.
The main clause has at least one complete (finite) verb and can stand alone as a sentence.
**Example**
> We will price the project accurately.  
>   
> [The entire sentence is a main clause.]
> When we know the final cost estimates, we will price the project accurately.  
>   
> [The main clause is ‘we will price the project accurately’.]
A compound sentence contains 2 or more main clauses joined by a coordinating conjunction. Each clause has a complete verb and could stand on its own.
**Example**
> We will price the project accurately and it will finish on time.  
>   
> [There are 2 main clauses in this sentence, joined by the coordinating conjunction ‘and’.]
---",Style Guide Content/Clauses.md,579,1426,
93c01525-f13b-477b-baad-85a8c4652a8b,Clauses.md,"['Clauses', 'Subordinate clauses depend on the main clause']",55,113,418,#clauses/subordinate-clauses-depend-on-the-main-clause,,"## Subordinate clauses depend on the main clause
A subordinate clause can’t stand alone as a sentence. Subordinate clauses depend on the main clause to make sense. This is why they are also called ‘dependent clauses’.
Types of subordinate clauses are:
- noun clause  
- adjectival clause  
- adverbial clause.
---
### Noun clauses
Noun clauses act as nouns in a sentence, even though they may consist of other types of words. You can replace a noun clause with ‘it’ and the sentence will still make sense.
**Example**
> How you are still working is a mystery. / It is a mystery.  
>   
> [‘How you are still working’ is a noun clause.]
Noun clauses often start with a:
- relative pronoun – such as ‘that’ or ‘who’  
- subordinating conjunction – such as ‘although’ or ‘because’.
**Example**
> That Canberra winters are cold is well known. / It is well known.  
>   
> [‘That Canberra winters are cold’ is a noun clause.]
They can also start with a verb in its basic form, which means it has the word ‘to’ (such as ‘to sleep’, ‘to sit’).
**Example**
> He learned to Skype. / He learned it.  
>   
> [‘To Skype’ is a noun clause.]
---
### Adjectival clauses
An adjectival (or relative) clause acts as an adjective. It describes a noun.
Adjectival clauses are usually, but not always, introduced by a relative pronoun (such as ‘that’, ‘which’, ‘who’, ‘whom’, ‘whose’).
The sentence should still make sense if you remove the adjectival clause.
**Example**
> The office, which is in the city, closed for the day. / The office closed for the day.  
>   
> [‘Which is in the city’ is an adjectival clause.]
> This is the committee that met for 12 hours last Tuesday. / This is the committee.  
>   
> [‘That met for 12 hours last Tuesday’ is an adjectival clause.]",Style Guide Content/Clauses.md,1428,3185,
82517bf5-56ea-43d0-82f0-2403e1755057,Clauses.md,"['Clauses', 'Subordinate clauses depend on the main clause', 'Adjectival clauses']",112,114,37,#clauses/subordinate-clauses-depend-on-the-main-clause,,"> The manager, whose staff work hard, often stays back late. / The manager often stays back late.  
>   
> [‘Whose staff work hard’ is an adjectival clause.]",Style Guide Content/Clauses.md,0,0,
46405450-aa85-4522-b80f-45ac35172358,Clauses.md,"['Clauses', 'Subordinate clauses depend on the main clause', 'Adjectival clauses']",116,158,359,#clauses/subordinate-clauses-depend-on-the-main-clause,,"---
### Adverbial clauses
Adverbial clauses stand in for adverbs. They describe time, place, manner, reason, condition, purpose or concession.
The sentence should still make sense if you remove the adverbial clause.
**Example**
> I always eat breakfast before I go to work. / I always eat breakfast.  
>   
> [‘Before I go to work’ is an adverbial clause.]
Adverbial clauses are usually, but not always, introduced by:
- a relative pronoun – such as ‘that’, ‘which’, ‘who’, ‘whom’, ‘whose’  
- a preposition.
**Example**
> I always check all my emails before I respond. [Adverbial clause of time]  
> Let’s meet where there are videoconferencing facilities. [Adverbial clause of place]  
> She works as well as any other staff member. [Adverbial clause of manner]  
> I’m late for work because I missed the bus. [Adverbial clause of reason]  
> I’ll dial into the meeting if the server is working. [Adverbial clause of condition]  
> Please approve the $20 expense so that I can pay for the stationery. [Adverbial clause of purpose]  
> Although the deadline was almost upon her, she had a rest during the weekend. [Adverbial clause of concession]
In the last example, the comma after the adverbial clause helps users find the subject in the sentence (‘she’).
In some sentences, the subject isn’t easy to find without the comma.
**Correct**
> When I met with Eun-jung, Deng met with Evelyn.  
>   
> [‘Deng’ is the subject of the main clause.]
**Incorrect**
> When I met with Eun-jung Deng met with Evelyn.  
>   
> [The adverbial clause is not marked with a comma, which obscures the main clause.]
---",Style Guide Content/Clauses.md,3187,4789,
34182aa8-1963-4efa-9890-f49644cf1fda,Clauses.md,"['Clauses', 'Conjunctions ‘if’ and ‘whether’']",159,191,275,#clauses/conjunctions-if-and-whether,,"## Conjunctions ‘if’ and ‘whether’
‘If’ and ‘whether’ are both subordinating conjunctions. They can often be interchangeable, particularly in spoken English. Yet they have different meanings. When you’re writing, choose the right one:
- **‘If’** is conditional. It defines a condition that needs to exist for the main clause to be true.  
- **‘Whether’** shows 2 possibilities. Sometimes one of the possibilities can be understood rather than explicitly mentioned.
**Example**
> We can eat lunch outside if the rain stops.  
>   
> [The condition for eating lunch outside is that the rain stops.]
> We can choose whether to eat lunch outside or inside.  
>   
> [There are 2 places to eat lunch.]
> We asked whether the office was open [or not].  
>   
> [The ‘or not’ is implied. The office could be open or not open.]
When there are 2 concrete possibilities, using ‘if’ instead of ‘whether’ can lead to ambiguous sentences.
**Example**
> We asked whether he was working from home or from the office.  
>   
> [Was he working from home or was he working from the office?]
> We asked if he was working from home or from the office.  
>   
> [Was he working at all, regardless of the location?]
---",Style Guide Content/Clauses.md,4791,5988,
15a0b402-5c69-4b67-86d6-c2b940da8661,Clauses.md,"['Clauses', 'Release notes']",192,198,96,#clauses/release-notes,,"## Release notes
The digital edition has practical guidance on plain language. It relates grammatical concepts to the principles of plain language.
The digital edition consolidates information from the sixth edition and highlights the basics about clauses. It takes a different approach to the sixth edition by breaking related topics into specific subject areas like ‘phrases’ and ‘types of words’.
The *Content Guide* did not have any in-depth information on grammatical concepts.",Style Guide Content/Clauses.md,5990,6472,
4b1d4e95-8218-470f-afe3-1921edfc2dff,Colons.md,['Colons'],1,6,36,#colons,,"# Colons
Colons draw attention to the text that follows. Only add colons that are essential. Use them to introduce examples, contrasts, lists and block quotations.
---",Style Guide Content/Colons.md,0,167,
b654051f-86c6-4a44-8189-63d3be540f8e,Colons.md,"['Colons', 'Guidance']",7,18,70,#colons/guidance,,"## Guidance
- Limit colon use  
- Introduce examples and contrasts with colons  
- Start lists with a colon  
- Use lower case following a colon in most cases  
- Start subtitles of books and articles with a colon  
- Introduce block quotations with colons  
- Write mathematical ratios with a colon
---",Style Guide Content/Colons.md,169,472,
ec3d32de-6f1c-4865-8a10-e748b9dc8053,Colons.md,"['Colons', 'Limit colon use']",19,24,29,#colons/limit-colon-use,,"## Limit colon use
Use a colon only if you are sure it is needed. Incorrect use creates confusion for users.
---",Style Guide Content/Colons.md,474,586,
23e7d999-fb19-498e-b34e-037f4767dc0e,Colons.md,"['Colons', 'Introduce examples and contrasts with colons']",25,47,162,#colons/introduce-examples-and-contrasts-with-colons,,"## Introduce examples and contrasts with colons
Use a colon to:
- introduce a word, phrase or clause that provides more detail  
- introduce a question  
- give an example  
- summarise or contrast with what comes before it.
**Example**
> Use correct spelling: check a dictionary if you need to.  
> Our work is about answering this simple question: how?  
> We’ll have to use a stronger tool: sanctions.  
> This is the guiding principle for our workplace: collaboration.  
> The committee found there was only one possible explanation: fraud.
A sentence fragment can come before the colon if the fragment can stand alone or if it’s introducing a bulleted list.
**Example**
> Warning: strong winds forecast for Sydney today.
---",Style Guide Content/Colons.md,588,1317,
0037faa6-27a5-4ad1-a3ce-4ec44fe42205,Colons.md,"['Colons', 'Start lists with a colon']",48,80,243,#colons/start-lists-with-a-colon,,"## Start lists with a colon
Use a colon to introduce a list of words, phrases or clauses.
**Example**
> Pick any 2 of the 3: low price, high speed, high quality.
> The position has these requirements: strong communication skills and experience across content management platforms.
> We need to:  
> - check Appendix A of the report  
> - ask Mary about the final chapter of her book  
> - rewrite our introduction.
Don’t include a colon when the list flows on as part of a full sentence. This is a common error.
**Correct**
> Pick any 2 of low price, high speed and high quality.  
> The requirements for the position are strong communication skills and experience across content management platforms.
**Incorrect**
> Pick any 2 of: low price, high speed and high quality.  
> The requirements for the position are: strong communication skills and experience across content management platforms.
Include the colon to restructure content into bulleted lists.
**Example**
> The requirements for the position are:  
> - strong communication skills  
> - experience across content management platforms.
---",Style Guide Content/Colons.md,1319,2421,
8c0970cc-4c47-4dcf-8f1c-31f02b59da5d,Colons.md,"['Colons', 'Use lower case following a colon in most cases']",81,112,271,#colons/use-lower-case-following-a-colon-in-most-cases,,"## Use lower case following a colon in most cases
Start the word after the colon with a lower case letter unless:
- the word that follows the colon is a proper noun  
- the text after the colon is a question that is a complete sentence.
**Correct**
> We had to write 66 reports: it took months.  
> The commander was confident: Special Air Service Regiment had enough ammunition.
**Incorrect**
> We had to write many reports: It took months.  
> The commander was confident: special air service regiment had enough ammunition.
After a colon, capitalise the first word of questions that are complete sentences. This makes it clear that the question mark applies only to the text after the colon.
**Like this**
> The election was fought on a simple question: Which party had the best economic credentials?
**Not this**
> The election was fought on a simple question: which party had the best economic credentials?
If the colon introduces a series of sentences or questions, use a lead-in and colon to introduce them in a bulleted or numbered list.
**Example**
> They answered the question:  
> - They wrote 23 reports.  
> - Each report took 11 days to write.
---",Style Guide Content/Colons.md,2423,3584,
edf737d5-ee41-48ff-bda3-b6c3e5a6740a,Colons.md,"['Colons', 'Start subtitles of books and articles with a colon']",113,125,112,#colons/start-subtitles-of-books-and-articles-with-a-colon,,"## Start subtitles of books and articles with a colon
Use a colon before the subtitle of a book or article. Follow the colon with a lower case letter, unless it’s a proper noun.
**Example**
> *Teaching in Australia: a deep dive into the education system*  
>  
> Stanovich KE (1986) ‘Matthew effects in reading: some consequences of individual differences in the acquisition of literacy’, *Reading Research Quarterly*, 21(4):360–407.
Do this when writing about a book or article and also when referencing one.
---",Style Guide Content/Colons.md,3586,4099,
a7ff7ca2-5c19-459d-b445-fee2747f0adf,Colons.md,"['Colons', 'Introduce block quotations with colons']",126,136,102,#colons/introduce-block-quotations-with-colons,,"## Introduce block quotations with colons
Use a colon to introduce a block quotation. Block quotations should also be coded with the HTML `<blockquote>` element.
**Example**
> For example, Manthorpe (2019) stated:  
>  
> Short sentences are easier to read because they limit the scope of an idea. But most readers like the variety and rhythm of a mixture of sentence lengths. For most readers, aim for an average sentence length of 15 words per sentence.
---",Style Guide Content/Colons.md,4101,4560,
67c08a2f-46ae-4664-af64-adab320ca556,Colons.md,"['Colons', 'Write mathematical ratios with a colon']",137,146,51,#colons/write-mathematical-ratios-with-a-colon,,"## Write mathematical ratios with a colon
Use a colon to give a mathematical ratio. Don’t put a space after the colon.
**Example**
> The government proposes a 50:50 split.  
> The cost-benefit ratio will be 7.5:1.
---",Style Guide Content/Colons.md,4562,4779,
3e4e35cf-1221-4200-8791-56b0b6c950d2,Colons.md,"['Colons', 'Release notes']",147,158,121,#colons/release-notes,,"## Release notes
The digital edition consolidates information about colons that appeared in different parts of the sixth edition.
The digital edition excludes advice about colons in multi-level lists as it does not recommend using them in the digital environment.
The digital edition recommends using a colon for a precise reference to time. The use of a colon as the separator reflects a shift in contemporary Australian usage. Sources cited as evidence on that topic support this change.
The *Content Guide* had advice about colons in relation to lists only.
---",Style Guide Content/Colons.md,4781,5345,
05ece86e-9c97-4cd3-bb34-abd5fbd12f54,Colons.md,"['Colons', 'About this page']",159,172,206,#colons/about-this-page,,"## About this page
**References**
- American Psychological Association (2020) ‘Mechanics of style’, *Publication manual of the American Psychological Association*, 7th edn, American Psychological Association, Washington DC.  
- Dixon JC and Bolitho B (2005–2019) *Course notes and exercises: Editing and proofreading for the workplace*, Centre for Continuing Education, Australian National University, Canberra.  
- European Commission (2020) ‘2: Punctuation’, *English style guide: a handbook for authors and translators in the European Commission*, European Commission.  
- Murphy EM with Cadman H (2014) *Effective writing: plain English at work*, 2nd edn, Lacuna, 2014.  
- Oxford University Press (2016) ‘Punctuation’, *New Oxford style manual*, Oxford University Press, Oxford.  
- Seely J (2001) *Oxford everyday grammar*, Oxford Paperback Reference.  
- Stilman S (2004) *Grammatically correct*, Writer’s Digest Books, 2004; revised and updated, 2010.  
- University of Chicago (2017) ‘Punctuation’, *Chicago manual of style*, 17th edn, University of Chicago Press, Chicago.
**Last updated**  
This page was updated Wednesday 19 March 2025.",Style Guide Content/Colons.md,5347,6495,
e30c448a-8c52-419d-89ec-09bfe24b6d97,Commas.md,['Commas'],1,6,27,#commas,,"# Commas
Commas separate parts of a sentence so the meaning is clear. Sentence structure determines their correct use.
---",Style Guide Content/Commas.md,0,122,
1e0c9639-e6a2-4b86-a9a4-8a480e7390a8,Commas.md,"['Commas', 'Guidance']",7,17,78,#commas/guidance,,"## Guidance
- Separate introductory words, phrases and clauses with a comma  
- Mark out non‐essential information within a sentence  
- Place commas between principal clauses joined together with a conjunction  
- Punctuate sentence lists and strings of adjectives  
- Use commas in numbers with 4 or more digits  
- Show direct speech or quoted material using commas
---",Style Guide Content/Commas.md,124,496,
24876a99-80fd-4e37-8c43-66cf74cb9f5e,Commas.md,"['Commas', 'Separate introductory words, phrases and clauses with a comma']",18,61,392,#commas/separate-introductory-words-phrases-and-clauses-with-a-comma,,"## Separate introductory words, phrases and clauses with a comma
A comma separates introductory words, phrases and clauses from the main clause of the sentence.
Many introductory phrases can be moved to the end of sentences without changing the meaning. In these cases, you don’t need a comma before the phrase. This simpler structure can be easier to read.
**Example**
> During the meeting, we discussed Item 9.  
> We discussed Item 9 during the meeting.
### Place a comma after adverbs and other introductory words
Use a comma after introductory words, such as greetings and adverbs, or when addressing someone. Using an introductory word gives it emphasis.
**Example**
> Yes, they went to the estimates hearing. [Affirmative emphasis]  
> Goodnight, and good luck. [Greeting]  
> Actually, that's an interesting point. [Adverb]  
> Excuse me, should I come with you? [Addressing someone]
You don’t need a comma after an introductory word if the sentence is very short. This minimises punctuation in very short sentences.
**Example**
> Today I went to work.
---
### Use a comma after phrases and clauses that change the whole sentence
Use commas after adverbial phrases and adverbial clauses. Adverbs – such as ‘first’ and ‘during’ – modify verbs, adjectives and other adverbs.
**Example**
> During the meeting, we discussed item 9. [Adverbial phrase]  
> Although they were shaking and sweating, the firefighters were relieved to feel the first drops of a downpour. [Adverbial clause]
Conditional clauses are adverbial clauses (for example, beginning with ‘if’, ‘unless’ or ‘until’). They should also have a comma after them if they start the sentence.
**Example**
> Unless the consultation starts early, it will not finish on time. [A conditional adverbial clause]
---
### Avoid beginning a sentence with a string of numbers and dates",Style Guide Content/Commas.md,498,2337,
7e4eb511-a3dd-45d5-9a55-fc765bbe5904,Commas.md,"['Commas', 'Separate introductory words, phrases and clauses with a comma', 'Avoid beginning a sentence with a string of numbers and dates']",62,62,36,#commas/separate-introductory-words-phrases-and-clauses-with-a-comma,,Use a comma after an introductory phrase that ends with a numeral and is immediately followed by another numeral. It doesn’t matter how short the sentence is.,Style Guide Content/Commas.md,0,0,
ad96f7a0-8a1b-4d35-b470-cb581524d711,Commas.md,"['Commas', 'Separate introductory words, phrases and clauses with a comma', 'Avoid beginning a sentence with a string of numbers and dates']",64,75,89,#commas/separate-introductory-words-phrases-and-clauses-with-a-comma,,"Avoid this type of sentence structure because the string of numbers can be confusing.
**Write this**
> There were 16.5 million people enrolled to vote in Australian elections on 18 April 2019.
[This structure avoids stringing a number together with a date.]
**Not this**
> On 18 April 2019, 16.5 million people were enrolled to vote in Australian elections.
[This is grammatically correct but less readable.]
---",Style Guide Content/Commas.md,2339,2751,
74cd07b2-26f1-4e7e-8822-26b47ddc7fcf,Commas.md,"['Commas', 'Mark out non‐essential information within a sentence']",76,132,415,#commas/mark-out-nonessential-information-within-a-sentence,,"## Mark out non‐essential information within a sentence
Commas isolate information in a sentence when it isn’t essential to:
- meaning  
- grammatical structure.
Within a sentence, use a pair of commas to separate non-essential or supplementary information. Always check for the second comma where there should be a pair.
Generally, if you can take out part of the sentence and it is still grammatically correct, it should be between a pair of commas.
Check carefully. Using comma pairs can completely change the meaning of a sentence.
**Example**
> The committee, said the secretary, was incompetent. [The committee was incompetent.]  
> The committee said the secretary was incompetent. [The secretary was incompetent.]
---
### Set off non-essential clauses
Use commas around clauses that add information but aren’t essential to the meaning of the sentence.
Don’t use commas if the clause is essential for meaning.
If you can remove the clause and your sentence means the same thing, it’s non-essential and should go between commas.
Non-essential clauses are also called ‘non-restrictive’ or ‘non-defining’ clauses.
**Example – Non-essential**
> The business report, which the manager had edited, explained the agency’s strategy.  
> Introduced pests, such as varroa mite, threaten Australian honey production.
**Example – Essential**
> The report that the manager had edited explained the agency’s strategy.  
> Introduced pests from South Asia threaten Australian honey production.
---
### Place commas around nouns that define the same thing they follow
Use a pair of commas when you have 2 noun phrases next to each other that define the same thing.
**Correct**
> The strike took place in Whyalla, South Australia, in June 2014.
**Incorrect**
> The strike took place in Whyalla, South Australia in June 2014.
**Example**
> My colleague, Mx Lesley May, will exercise my proxy vote.  
> My colleague will exercise my proxy vote.
---
### Separate questions tagged onto a sentence",Style Guide Content/Commas.md,2753,4735,
73697124-bf2a-45a1-aad2-3f8eb1989faf,Commas.md,"['Commas', 'Mark out non‐essential information within a sentence', 'Separate questions tagged onto a sentence']",133,133,16,#commas/mark-out-nonessential-information-within-a-sentence,,Use a comma before a question that is part of the sentence.,Style Guide Content/Commas.md,0,0,
ce8b7dc8-5c35-462b-8ec4-8844eebb4dda,Commas.md,"['Commas', 'Mark out non‐essential information within a sentence', 'Separate questions tagged onto a sentence']",135,177,230,#commas/mark-out-nonessential-information-within-a-sentence,,"**Example**
> They’re not here, are they?  
> We’ll be reporting back, won’t we?
---
### Use commas with the phrase ‘for example’
Generally, use a comma before and after the phrase ‘for example’ in a sentence.
**Example**
> Some colours, for example, are difficult for people with colour blindness to distinguish.
If ‘for example’ begins a sentence, follow it with a comma.
**Example**
> For example, some colours are difficult for people with colour blindness to distinguish.
If you’re introducing a bullet list after ‘for example’, use a colon.
**Example**
> Some colours are difficult for people with colour blindness to distinguish, for example:  
> - red  
> - green  
> - orange  
> - brown  
> - blue  
> - purple.
---
### Don’t use commas with Latin shortened forms
If you use Latin shortened forms, such as ‘e.g.’ and ‘i.e.’, don’t follow them with a comma.
**Correct**
> Exports of rare earths (e.g. lithium, europium) have soared.
**Incorrect**
> Exports of rare earths (e.g., lithium and europium) have soared.
---",Style Guide Content/Commas.md,4737,5763,
da5fff5a-4fc7-43f9-96dc-4efffbcfbe27,Commas.md,"['Commas', 'Place commas between principal clauses joined together with a conjunction']",178,210,243,#commas/place-commas-between-principal-clauses-joined-together-with-a-conjunction,,"## Place commas between principal clauses joined together with a conjunction
Use commas to connect 2 or more principal clauses joined by a coordinating conjunction (‘and’, ‘or’, ‘but’, ‘so’).
If they have different subjects, use a comma before the coordinating conjunction.
**Example**
> The Senate debated the Bill at length, but the party whips eventually called for a vote.
If 2 clauses share the same subject, you don’t need a comma before the conjunction.
**Example**
> The company closed its Perth office and sacked the chief financial officer.
The exception is when you have joined more than 2 principal clauses with the same subject.
**Example**
> The company closed its Perth office, sacked the chief financial officer, and opened a branch in Singapore.
---
### Don’t use commas to ‘splice’ sentences
Don’t use a comma to link 2 stand-alone sentences unless you use a coordinating conjunction. This is a **comma splice**.
**Correct**
> The report was finished last week, but the minister has not approved its release.
**Incorrect**
> The report was finished last week, the minister has not approved its release.
---",Style Guide Content/Commas.md,5765,6889,
0912c66c-7732-438a-b500-e2fb280ba38b,Commas.md,"['Commas', 'Punctuate sentence lists and strings of adjectives']",211,251,258,#commas/punctuate-sentence-lists-and-strings-of-adjectives,,"## Punctuate sentence lists and strings of adjectives
Separate items in lists of nouns or adjectives with commas. Avoid using a comma before the last item in the list.
**Example**
> The delegation visited Brisbane, Canberra and Adelaide.  
> The consultation involved businesses, sole traders and not-for-profits.  
> The applicant was willing to learn, eager to work and well prepared.
---
### Restrict the use of the Oxford comma
If the last item combines 2 words or phrases with ‘and’, use a comma before that final item.
**Example**
> The industries most affected are retail trade, wholesale trade, and accommodation and food services.
The Oxford comma can prevent ambiguity.
**Example**
> The analysis outlined demand for barley, wheat and hay for stockfeed. [All crops for stockfeed.]  
> The analysis outlined demand for barley, wheat, and hay for stockfeed. [Only hay for stockfeed.]
---
### Separate adjectives of the same type
Use commas for adjectives of the same type.
**Example**
> This is an ethical, profitable, efficient organisation.  
> They were a happy, caring, devoted workforce.
Don’t use commas for adjectives of different types.
**Example**
> My new black felt-tip pen splattered ink everywhere.
---",Style Guide Content/Commas.md,6891,8114,
6fbd29d8-76f0-4f6a-9cfb-9c3a9cf65812,Commas.md,"['Commas', 'Use commas in numbers with 4 or more digits']",252,263,57,#commas/use-commas-in-numbers-with-4-or-more-digits,,"## Use commas in numbers with 4 or more digits
Numbers with 4+ digits need a comma. No spaces between digits.
**Correct**
> The agency handles around 6,500 complaints each year.
**Incorrect**
> The agency handles around 6 500 complaints each year.
---",Style Guide Content/Commas.md,8116,8367,
3a3c31a2-0297-436b-aa5d-b80996bbc442,Commas.md,"['Commas', 'Show direct speech or quoted material using commas']",264,278,81,#commas/show-direct-speech-or-quoted-material-using-commas,,"## Show direct speech or quoted material using commas
Introduce directly quoted speech with a comma.
**Example**
> She said, ‘It’s time to start work.’  
> ‘It’s time to start work,’ she said.
If broken into 2 parts, the second part follows a full stop.
**Example**
> ‘It’s time to start work,’ she said. ‘We have a lot to do.’
---",Style Guide Content/Commas.md,8369,8700,
80bf4cf5-728f-4b0c-93ba-284f44b34377,Commas.md,"['Commas', 'Release notes']",279,289,63,#commas/release-notes,,"## Release notes
The digital edition consolidates information from the sixth edition. It differs on:
- Comma and quotation mark position in interrupted speech  
- Use of commas in numbers with 4+ digits for accessibility  
- Advice on Oxford commas
---
**Last updated:** Monday 6 January 2025",Style Guide Content/Commas.md,8702,8994,
cfff0332-270f-4b0e-82d9-cdfd487bf6bc,Commercial terms.md,['Commercial terms'],1,6,39,#commercial-terms,,"# Commercial terms
Brands and model names are protected by law. Unless using common names, write trade mark names and use symbols so people can understand legal status.
---",Style Guide Content/Commercial terms.md,0,172,
3a534f54-898e-4d19-9bf9-55ad21ed7b81,Commercial terms.md,"['Commercial terms', 'Guidance']",7,14,36,#commercial-terms/guidance,,"## Guidance
- Use initial capitals for commercial terms  
- Use a common word for a product if you can  
- Take care using product names
---",Style Guide Content/Commercial terms.md,174,314,
21d4544b-b277-4e88-920b-1cd5458525a5,Commercial terms.md,"['Commercial terms', 'Use initial capitals for commercial terms']",15,45,184,#commercial-terms/use-initial-capitals-for-commercial-terms,,"## Use initial capitals for commercial terms
Use initial capitals for trade marks, brands and business names.
**Example**
- Collins Class submarine  
- Harley-Davidson  
- Instagram
An exception to using initial capitals is where the business itself uses an unusual mix of spacing, capitals and lower case letters. In this case, write it the way the business writes it.
**Example**
- iPhone  
- nbn  
- UNIX  
- X  
- YouTube
Don’t use an initial capital at the start of sentences when the trade mark or brand starts with a lower case letter.
**Example**
- eBay is a popular online auction site.
Use initial capitals for the proprietary names of drugs and other chemicals, but lower case for generic names.
**Example**
- Celestone V **[Proprietary name]** – hydrocortisone **[Generic name]**  
- Panadol **[Proprietary name]** – paracetamol **[Generic name]**
---",Style Guide Content/Commercial terms.md,316,1179,
54a15b53-58be-4ea5-9432-4f485548f7ec,Commercial terms.md,"['Commercial terms', 'Spelling of ‘trade mark’']",46,60,134,#commercial-terms/spelling-of-trade-mark,,"## Spelling of ‘trade mark’
‘Trade mark’ is spelled as 2 words in the *Trade Marks Act 1995*. Use this spelling when writing for government, even though most dictionaries prefer ‘trademark’.
**Example**
- The trade mark Vegemite was first registered in 1923.
You should also spell ‘trade mark’ as 2 words when you use it as a verb, although it’s better to say ‘register a trade mark’.
**Example**
- Trade mark your brand if you don’t want other organisations or businesses to use it.  
- Register your brand as a trade mark if you don’t want others to use it.
---",Style Guide Content/Commercial terms.md,1181,1744,
449d8bdf-520e-4c64-8132-2f432eba9bc8,Commercial terms.md,"['Commercial terms', 'Use a common word for a product if you can']",61,74,51,#commercial-terms/use-a-common-word-for-a-product-if-you-can,,"## Use a common word for a product if you can
Avoid using trade marks and brand names if possible. Instead use a generic word.
**Write this**
- tissue  
- cooler
**Not this**
- Kleenex  
- Esky
---",Style Guide Content/Commercial terms.md,1746,1943,
62a4bb5c-9e7f-4b9e-ba78-a2b09f8c5b6f,Commercial terms.md,"['Commercial terms', 'The ® and ™ symbols']",75,85,146,#commercial-terms/the-and-symbols,,"## The ® and ™ symbols
Avoid using the registered (®) symbol or the trade mark (™) symbol for trade marks if possible.
- The registered symbol shows a trade mark is registered. A business doesn’t have to use the symbol for protecting its intellectual property. It’s illegal to use it if the trade mark is not registered.  
- The trade mark symbol can be used with registered and unregistered trade marks. Businesses can use it when they intend to register the term or when registration is pending. The symbol doesn’t protect the intellectual property of the trade mark.
Find more guidance in the *Australian Government intellectual property manual*.
---",Style Guide Content/Commercial terms.md,1945,2598,
d0ce9707-398c-468d-972f-95740daf11fd,Commercial terms.md,"['Commercial terms', 'Take care using product names']",86,99,186,#commercial-terms/take-care-using-product-names,,"## Take care using product names
The way a trade mark or brand is written is part of the intellectual property of its owner. Trade mark owners sometimes take legal action to prevent names being used in a generic sense.
If a term is still registered as a trade mark, you should use it only for that brand and use a capital letter. This may vary between different countries.
It’s more difficult when brands are becoming generic terms but are also still used as trade marks. ‘Thermos’ and ‘Hoover’ are examples.
Dictionaries show the way such words are used. Don’t rely on dictionaries to work out if such words have legal status as trade marks.
Find out if a trade mark has been registered in Australia by using [Australian trade mark search](https://search.ipaustralia.gov.au/trademarks/search/quick). If you’re not sure, seek legal advice.
---",Style Guide Content/Commercial terms.md,2600,3443,
c554bb0b-11f7-406a-8cd4-b57e86b43b44,Commercial terms.md,"['Commercial terms', 'A product name can change meaning when used in the generic sense']",100,120,174,#commercial-terms/a-product-name-can-change-meaning-when-used-in-the-generic-sense,,"## A product name can change meaning when used in the generic sense
A few words have different meanings when used as a trade mark or used generically.
**Example**
- Band-Aid **[A sticking plaster; initial capitals only for that brand]**
  bandaid **[A word meaning a temporary or makeshift solution to a problem]**
- Google **[A popular search engine; initial capital only for that brand]**
  google **[A verb meaning to search on the internet using a search engine]**
Other brand names have become so widely used that they are no longer associated with a specific product. They have become common household names used in a generic sense. They start with lower case except at the start of a sentence.
**Example**
- aspirin  
- elevator  
- dry ice  
- linoleum  
- trampoline
---",Style Guide Content/Commercial terms.md,3445,4224,
313e2356-f784-44f4-983f-248046633145,Commercial terms.md,"['Commercial terms', 'Release notes']",121,125,76,#commercial-terms/release-notes,,"## Release notes
The digital edition covers much the same information as the sixth edition. It provides more direct advice about commercial terms; for example, using a common word instead of a commercial name where possible. It also includes examples of proprietary names of drugs and chemicals.
The *Content Guide* did not have information about commercial terms.",Style Guide Content/Commercial terms.md,4226,4590,
b5473414-edf2-4e1b-ad67-421d53b960c7,Common misspellings and word confusion.md,['Common misspellings and word confusion'],1,6,43,#common-misspellings-and-word-confusion,,"# Common misspellings and word confusion
When words sound similar or the same, people can confuse their spelling. If you’re not sure about the spelling of a word, check a dictionary.
---",Style Guide Content/Common misspellings and word confusion.md,0,186,
4a06e7da-0b54-4e96-9e99-00fa503de7b3,Common misspellings and word confusion.md,"['Common misspellings and word confusion', 'Guidance']",7,13,29,#common-misspellings-and-word-confusion/guidance,,"## Guidance
- Check for words that are easily confused or misspelt  
- Choose the right word and spell it correctly
---",Style Guide Content/Common misspellings and word confusion.md,188,307,
dc1b642a-142c-4e75-ab66-59c67ad1a8ce,Common misspellings and word confusion.md,"['Common misspellings and word confusion', 'Check for words that are easily confused or misspelt']",14,24,97,#common-misspellings-and-word-confusion/check-for-words-that-are-easily-confused-or-misspelt,,"## Check for words that are easily confused or misspelt
The spelling of some words is variable. Sometimes it’s difficult to know which spelling or word to use because:
- Australian, American and British English have different ways of spelling a word  
- a word might sound similar to another, so people can mishear it and write the wrong word.
Follow one dictionary for consistency and use it to check variable spellings.
---",Style Guide Content/Common misspellings and word confusion.md,309,734,
90937c75-093b-4f99-86d4-491178fc6a93,Common misspellings and word confusion.md,"['Common misspellings and word confusion', 'Choose the right word and spell it correctly']",25,80,394,#common-misspellings-and-word-confusion/choose-the-right-word-and-spell-it-correctly,,"## Choose the right word and spell it correctly
Correct word use makes content readable and clear to users. Getting words wrong risks losing users’ engagement with, and trust of, your content.
This alphabetical list contains some of the words that people get wrong in government writing. Check your dictionary for the full set of meanings of each word.
---
### accept/except
The verb **‘to accept’** means ‘to agree’ or ‘to receive’.  
The verb **‘to except’** means ‘to exclude’.
**Example**
> She will accept their apology for the delay and agree to a later deadline.  
> I can meet most days, except Tuesday morning.
---
### affect/effect
The word **‘affect’** means ‘to produce an effect on’.  
The word **‘effect’** means ‘the result of an action’ or, as a verb, ‘to bring about or make something happen’.
**Example**
> The Cancer Council looks at the ways cancer affects Australians and how to support them.  
> One effect of the ‘Quit smoking’ campaign was the overall decline of the number of smokers by 12%.  
> The manager wanted to effect change in the team.
---
### allusion/illusion
The word **‘allusion’** means ‘a reference’. It is often followed by *to*.  
The word **‘illusion’** means ‘a mistaken belief’.
**Example**
> In his speech, the minister made an allusion to a policy the department is developing.  
> At a glance, it seemed the colour was black rather than grey, but that was just an illusion.
---
### ascent/assent
The word **‘ascent’** means ‘upward movement’.  
The word **‘assent’** means ‘to agree’. It is often followed by *to*.
**Example**
> Bill told us about his ascent to the top of Mount Kosciuszko on horseback a few years ago.  
> There is no guarantee the manager will assent to postpone delivery.
---
### complement/compliment",Style Guide Content/Common misspellings and word confusion.md,736,2505,
4606d39f-1ba9-4c12-94bc-41ae7dc76267,Common misspellings and word confusion.md,"['Common misspellings and word confusion', 'Choose the right word and spell it correctly', 'complement/compliment']",80,81,40,#common-misspellings-and-word-confusion/choose-the-right-word-and-spell-it-correctly,,"The noun **‘complement’** means ‘something that completes something else’ or, as a verb, ‘to complete something’. The noun **‘compliment’** means ‘an expression of praise’ or, as a verb, ‘to praise’.",Style Guide Content/Common misspellings and word confusion.md,0,0,
59dce1c7-21b5-40ca-b617-c06290ab4044,Common misspellings and word confusion.md,"['Common misspellings and word confusion', 'Choose the right word and spell it correctly', 'complement/compliment']",83,149,408,#common-misspellings-and-word-confusion/choose-the-right-word-and-spell-it-correctly,,"**Example**
> I enjoy working with my team members. Our skills complement one another perfectly.  
> It is important to compliment the team when they meet a deadline.
---
### council/counsel
The word **‘council’** means ‘a formal advisory body of people’.  
The word **‘counsel’** means ‘advice’ and ‘to advise’. It also refers to a barrister or other ‘legal adviser’.
**Example**
> At the recent meeting, the council voted in favour of raising rates by 5%.  
> If I had followed their counsel I would have achieved a better outcome.  
> Our legal counsel advised seeking an out-of-court settlement.
---
### conscience/conscious
The word **‘conscience’** means ‘a moral sense of right and wrong’.  
The word **‘conscious’** means ‘awake and aware of one’s surroundings and identity’.
**Example**
> His conscience stopped him from accepting their hospitality.  
> They were conscious of the time and soon returned to their desks.
---
### dependant/dependent
A **‘dependant’** is a person who relies on another, especially for financial support.  
The word **‘dependent’** is usually followed by *on*, and means ‘conditional’ or ‘subordinate’.
**Example**
> Please fill out this request for subsidy on behalf of your dependant.  
> The expansion of the program is dependent on funding.
---
### discreet/discrete
The word **‘discreet’** means ‘careful’ or ‘prudent’.  
The word **‘discrete’** means ‘distinct’.
**Example**
> She trusted him with the information because he was always discreet.  
> The requirements of the different projects meant the branch recruited managers with discrete skill sets.
---
### disinterested/uninterested
The word **‘disinterested’** means ‘impartial’ and ‘unbiased by personal interest’.  
The word **‘uninterested’** means ‘not interested’, ‘indifferent’ or ‘unconcerned’.
‘Disinterested’ is often used to mean ‘uninterested’, but this use is not correct.
**Example**
> The judge’s deliberation was disinterested and considered.  
> The invitation to the concert was wasted on me because I’m uninterested in jazz music.
---
### dived/dove",Style Guide Content/Common misspellings and word confusion.md,2507,4577,
e6067059-8271-4c71-af2d-d74426895d3d,Common misspellings and word confusion.md,"['Common misspellings and word confusion', 'Choose the right word and spell it correctly', 'dived/dove']",149,150,37,#common-misspellings-and-word-confusion/choose-the-right-word-and-spell-it-correctly,,"The verb **‘to dive’** means ‘to descend’ or ‘to plunge into or under’. In Australian English, write **‘dived’** to use the past tense of the verb ‘to dive’.",Style Guide Content/Common misspellings and word confusion.md,0,0,
a4ecce75-a3b4-4113-a91f-3e67b982d79c,Common misspellings and word confusion.md,"['Common misspellings and word confusion', 'Choose the right word and spell it correctly', 'dived/dove']",152,217,416,#common-misspellings-and-word-confusion/choose-the-right-word-and-spell-it-correctly,,"The word **‘dove’** is the past tense of ‘dive’ in American English.
**Example**
> Bystanders dived into the creek to help the drowning swimmer.
---
### drank/drunk
The verb **‘drank’** is the past tense of ‘to drink’.  
The verb **‘drunk’** is a participle and is used with *has*, *have* or *had*.  
The adjective **‘drunk’** means ‘intoxicated by alcohol’.
**Example**
> Yesterday, the graduates drank the soft drinks from the staff fridge.  
> I arrived after they had drunk all the coffee.  
> The police released a campaign warning people not to drive while they are drunk.
---
### elicit/illicit
The word **‘elicit’** is a verb meaning ‘to draw out’, ‘to cause’ or ‘to evoke’.  
The word **‘illicit’** is an adjective meaning unlawful.
**Example**
> The questions in the survey were designed to elicit helpful responses.  
> Alcohol was once considered an illicit substance.
---
### immanent/imminent
The word **‘immanent’** means ‘part of something’s intrinsic nature’ or ‘remaining or operating within’.  
The word **‘imminent’** means ‘impending’ or ‘about to happen’.
**Example**
> The search for meaning is immanent in human nature.  
> Emergency Services advised residents that evacuation was imminent.
---
### for all intents and purposes/for all intensive purposes
The correct expression is **‘for all intents and purposes’**, meaning ‘in every practical sense’.
**Example**
> The paperwork may take a few weeks to come through but, for all intents and purposes, you are hired.
---
### foreword/forward
The noun **‘foreword’** means ‘the introductory comments at the beginning of a book’.  
The word **‘forward’** is usually an adjective or adverb. It means ‘in advance (of time)’, ‘ahead’ or ‘onward’.
**Example**
> The report is almost ready. All I need to do is write the foreword.  
> The publication date was brought forward. The report will now be released in June, and not October as initially stated.
---
### judgement/judgment
Write **‘judgement’** rather than **‘judgment’**.",Style Guide Content/Common misspellings and word confusion.md,4579,6578,
38a537d1-4a32-4728-bf5a-9dfa92b53b78,Common misspellings and word confusion.md,"['Common misspellings and word confusion', 'Choose the right word and spell it correctly', 'judgement/judgment']",218,218,13,#common-misspellings-and-word-confusion/choose-the-right-word-and-spell-it-correctly,,The exception is a court decision; write this as **‘judgment’**.,Style Guide Content/Common misspellings and word confusion.md,0,0,
9892bdfb-da34-4f89-814e-11c68d5a15f8,Common misspellings and word confusion.md,"['Common misspellings and word confusion', 'Choose the right word and spell it correctly', 'judgement/judgment']",220,242,166,#common-misspellings-and-word-confusion/choose-the-right-word-and-spell-it-correctly,,"**Example**
> You can speak to one of our counsellors without fearing judgement.  
> Please cite the High Court’s most recent judgment in the issues paper.
---
### lead/led
The word **‘lead’** is a noun meaning ‘leadership’ or ‘principal’; a verb meaning ‘to go before’, ‘to conduct’; or an adjective meaning ‘in front’.  
**‘Led’** is the past tense of ‘lead’.
‘Lead’ (not led) means a base metal and is pronounced as ‘led’.
**Example**
> They followed my lead.  
> She was the lead negotiator.  
> He took the lead in the race.  
> The deputy secretary led the discussion.  
> The chemical symbol for lead is ‘Pb‘.
---
... *(content continues for all other listed word pairs and examples, matching the original structure exactly)* ...",Style Guide Content/Common misspellings and word confusion.md,6580,7316,
376acd18-f3dc-4e36-8dda-0e657e619d78,Conjunctions.md,['Conjunctions'],1,6,33,#conjunctions,,"# Conjunctions
Conjunctions join whole sentences or parts of a sentence together. They can show people how ideas are linked, or how ideas contrast.
---",Style Guide Content/Conjunctions.md,0,151,
34c37bef-2209-41bc-921e-4d08f72f98da,Conjunctions.md,"['Conjunctions', 'Guidance']",7,17,61,#conjunctions/guidance,,"## Guidance
- Conjunctions join words, phrases and clauses  
- Some conjunctions are paired  
- Coordinating conjunctions join things of equal importance  
- Subordinating conjunctions join clauses and phrases to a main clause  
- Some adverbs work as conjunctions  
- ‘With’ is not a conjunction
---",Style Guide Content/Conjunctions.md,153,453,
a112afb4-9e50-46f6-ab70-b707937a009b,Conjunctions.md,"['Conjunctions', 'Conjunctions join words, phrases and clauses']",18,37,90,#conjunctions/conjunctions-join-words-phrases-and-clauses,,"## Conjunctions join words, phrases and clauses
Use conjunctions to connect words, phrases and clauses.
Examples of conjunctions are:
- and  
- but  
- or  
- because  
- when.
**Example**
> The team met early because the manager requested it.  
> Print the page in black and white, please.  
> Lee wanted casual or part-time work.  
> Give me a call when you have finished the report.
---",Style Guide Content/Conjunctions.md,455,844,
9f98a69a-f78d-454b-beaa-7f50a305bf16,Conjunctions.md,"['Conjunctions', 'Some conjunctions are paired']",38,48,121,#conjunctions/some-conjunctions-are-paired,,"## Some conjunctions are paired
Some conjunctions come in pairs, such as *whether/or*, *either/or* and *neither/nor*. Each conjunction in the pair should appear before the same type of word, phrase or clause.
**Example**
> Whether rain or shine, we’re going ahead with the team-building exercise. [Both conjunctions pair with a noun.]  
> My manager and I discussed both my performance review and my career prospects. [Both conjunctions pair with a noun phrase.]  
> Either we complete the report today, or we work on it tomorrow. [Both conjunctions pair with clauses.]
---",Style Guide Content/Conjunctions.md,846,1419,
8522a5ea-3d8d-4114-9db9-81afeb6a777b,Conjunctions.md,"['Conjunctions', 'Coordinating conjunctions join things of equal importance']",49,66,141,#conjunctions/coordinating-conjunctions-join-things-of-equal-importance,,"## Coordinating conjunctions join things of equal importance
Coordinating conjunctions include *and*, *but* and *or*. They link words, phrases and clauses that are of the same importance.
**Example**
> The Australian Defence Force will build new patrol boats and submarines. [Joining nouns]  
> Work quickly but carefully. [Joining adverbs]  
> The answer is true or false. [Joining adjectives]  
> The content designers had Post-its on the wall and on the floor. [Joining phrases]  
> Schools reopened so students returned. [Joining clauses]
Coordinating conjunctions can also join clauses that could stand alone as sentences.
**Example**
> Keep the sentence simple otherwise the message will get lost.
---",Style Guide Content/Conjunctions.md,1421,2128,
6271b1fe-d3af-4fc7-8d6e-62c894d8d21b,Conjunctions.md,"['Conjunctions', 'Subordinating conjunctions join clauses and phrases to a main clause']",67,87,172,#conjunctions/subordinating-conjunctions-join-clauses-and-phrases-to-a-main-clause,,"## Subordinating conjunctions join clauses and phrases to a main clause
Subordinating conjunctions join the main clause to a subordinate (or ‘dependent’) clause or phrase.
The main clause can stand alone as a sentence. Dependent clauses add to the main clause: they depend on it to form a complete sentence.
Examples of subordinating conjunctions are:
- when  
- if  
- unless  
- until  
- because  
- since.
**Example**
> When you get to work, please phone your new client. [‘Please phone your new client’ is the main clause; ‘when you get to work’ is the dependent clause.]  
> Take care of your health as though your life depends on it. [‘Take care of your health’ is the main clause; ‘your life depends on it’ is the dependent clause.]
---",Style Guide Content/Conjunctions.md,2130,2874,
9905e0aa-c7bf-4ffa-8420-fc548936eb4a,Conjunctions.md,"['Conjunctions', 'Some adverbs work as conjunctions']",88,107,178,#conjunctions/some-adverbs-work-as-conjunctions,,"## Some adverbs work as conjunctions
A conjunctive adverb is a word that does 2 things at the same time:
1. It joins 2 main clauses.  
2. It modifies a verb, an adjective, another adverb or a whole clause.
They are weaker connections than coordinating or subordinating conjunctions.
**Example**
> A quick guide outlines the issue, besides detailing other sources on the topic.
Conjunctive adverbs are often not needed. They add nuance to writing, but use them sparingly. You can usually delete them and keep meaning clear.
**Example**
> The deadline was still weeks away; however, it was going to be tough to meet. [The adverb ‘however’ links 2 main clauses.]  
> The deadline was still weeks away. It was going to be tough to meet. [No adverb links the 2 main clauses.]
---",Style Guide Content/Conjunctions.md,2876,3650,
d36a95c7-3a01-46a8-85ec-db1733f778f1,Conjunctions.md,"['Conjunctions', '‘With’ is not a conjunction']",108,119,122,#conjunctions/with-is-not-a-conjunction,,"## ‘With’ is not a conjunction
Don’t use *with* to add a clause at the beginning or end of a sentence. Reword or split the sentence to prevent this misuse. This helps create shorter, simpler sentences that are easier to read.
**Correct**
> The lake has had several blue-green algae outbreaks this year. It has been closed to swimming at least once a year since 2002.
**Incorrect**
> The lake has had several blue-green algae outbreaks this year, with the lake closed to swimming at least once a year since 2002.
---",Style Guide Content/Conjunctions.md,3652,4167,
abc820f8-3f2b-4b05-9dc6-2bbb299faf0d,Conjunctions.md,"['Conjunctions', 'Release notes']",120,126,70,#conjunctions/release-notes,,"## Release notes
The digital edition expands what was in the sixth edition by providing context and more examples. The information is consolidated in one page to help the user.
The sixth edition had information about conjunctions in many sections of the manual.
The *Content Guide* did not have any information about conjunctions.",Style Guide Content/Conjunctions.md,4169,4499,
c2d2045c-0adf-4a10-ad7e-c72b547f7b03,Contractions.md,['Contractions'],1,6,29,#contractions,,"# Contractions
Contractions are shortened words. People will read and understand them depending on their context. Avoid them in formal content.
---",Style Guide Content/Contractions.md,0,147,
61a22912-197c-4774-b949-94d8aacd8d9e,Contractions.md,"['Contractions', 'Guidance']",7,17,82,#contractions/guidance,,"## Guidance
- Shorten single words and grammatical phrases with care  
- Find out if the user will understand the contractions  
- Don’t end contractions with full stops  
- Capitalise contractions in the same way as the full word  
- Use the full word at start of the sentence (except for grammatical contractions)  
- Only use the contraction ‘no’ with numerals
---",Style Guide Content/Contractions.md,149,516,
d4f18c7d-ffc4-40c0-b8f9-5170e2d8c4c7,Contractions.md,"['Contractions', 'Shorten single words and grammatical phrases with care']",18,50,346,#contractions/shorten-single-words-and-grammatical-phrases-with-care,,"## Shorten single words and grammatical phrases with care
Single-word contractions use the first and last letters of a word and sometimes other letters in between.
**Example**
> Cth for ‘Commonwealth’  
> Dr for ‘Doctor’ [As a title]  
> Ltd for ‘Limited’ [As a legal status]
Grammatical contractions join 2 words. They use an apostrophe to show that there are missing letters.
**Example**
> aren’t (are not)  
> don’t (do not)  
> isn’t (is not)  
> it’s (it is)
Legal documents and many specialist and professional publications use specific contractions. Look at examples of existing content to see whether you can use grammatical contractions. Don’t use them if you’re unsure.
Avoid using contractions of single words in more formal content such as high-level briefing and responses to official inquiries. The exceptions are contractions used in formal writing, such as ‘Dr’ and other titles.
Grammatical contractions are not generally used in formal content. You can use them in less formal content which aims to create:
- a conversational tone (for example, in a newsletter)  
- a friendly or collaborative tone (for example, in brochures and manuals).
**Example**
> The department has not breached its staffing cap. [Formal high-level briefing or a response to a parliamentary question]  
> The department hasn’t breached its staffing cap. [Less formal briefing or other less formal communications]  
> We appreciate that the new rules weren’t advertised widely. We’re now contacting everyone who might be affected. Please don’t hesitate to contact us if you have any questions. [Friendly and conversational content for users of a service]
---",Style Guide Content/Contractions.md,518,2167,
d4d1b3e8-ac9e-4b4b-b433-f3e5ad41971b,Contractions.md,"['Contractions', 'Find out if the user will understand the contractions']",51,60,81,#contractions/find-out-if-the-user-will-understand-the-contractions,,"## Find out if the user will understand the contractions
Look at existing agency content to see whether grammatical contractions are appropriate.
If developing a new publication or communication channel, conduct user research. This will help you understand how people respond to grammatical contractions.
Some users might find grammatical contractions difficult to understand. They can add an extra cognitive load.
---",Style Guide Content/Contractions.md,2169,2587,
afbe2b72-f89f-4ffb-bfd8-e0926008bd59,Contractions.md,"['Contractions', 'Don’t end contractions with full stops']",61,81,188,#contractions/dont-end-contractions-with-full-stops,,"## Don’t end contractions with full stops
Don’t place a full stop after contractions. The exception is when the contraction ends a sentence and isn’t followed by another punctuation mark.
**Example**
> Tempo Australia Ltd hired him last year. [No full stop after the contraction]  
> He is currently working for Tempo Australia Ltd. [A full stop after the contraction ends the sentence.]  
> They said they can’t! [No full stop after the contraction because another punctuation mark ends the sentence]
Australian practice differs from US English, which adds a full stop after a contraction (for example, ‘Mr.’, ‘Ltd.’).
Don’t use an apostrophe to show missing letters in a contraction of a single word (‘Dr’, ‘Ltd’). Grammatical contractions use only one apostrophe, even if the contraction leaves out letters from more than one place.
**Correct**
> shan’t
**Incorrect**
> sha’n’t
---",Style Guide Content/Contractions.md,2589,3473,
55d4d07c-a091-456c-8105-69e46bf2f219,Contractions.md,"['Contractions', 'Capitalise contractions in the same way as the full word']",82,91,96,#contractions/capitalise-contractions-in-the-same-way-as-the-full-word,,"## Capitalise contractions in the same way as the full word
Use the capitalisation that you would use for the uncontracted word. Capitalisation of the uncontracted word depends on the context.
**Example**
> The Cth Games [The contraction ‘Cth’ is capitalised because it refers to the name of a sporting event: the Commonwealth Games.]  
> A cth is a term for a political community. [Here, ‘cth’ isn’t capitalised because it’s generic.]
---",Style Guide Content/Contractions.md,3475,3914,
992cbc3e-12ab-48d3-a4a8-9ab8f9d9ceef,Contractions.md,"['Contractions', 'Use the full word at start of the sentence (except for grammatical contractions)']",92,101,74,#contractions/use-the-full-word-at-start-of-the-sentence-except-for-grammatical-contractions,,"## Use the full word at start of the sentence (except for grammatical contractions)
Write out the contracted term in full unless it’s a grammatical contraction.
**Example**
> Commonwealth resources are available. [The word begins a sentence, so it isn’t contracted.]  
> Don’t forget your notes for the meeting. [Grammatical contractions can start a sentence.]
---",Style Guide Content/Contractions.md,3916,4280,
9066e57c-f598-48a6-afc8-3ad51ddd18f6,Contractions.md,"['Contractions', 'Only use the contraction ‘no’ with numerals']",102,120,180,#contractions/only-use-the-contraction-no-with-numerals,,"## Only use the contraction ‘no’ with numerals
The word ‘number’ is sometimes substituted with ‘no’. This is a contraction of the word *numero*. The plural form of the contraction is ‘nos’.
Only use the contraction ‘no’ when immediately followed by a numeral. In all other instances, write the word out in full so it isn’t confused with the negation ‘no’.
This contraction is not a standard symbol for numbers expressed as units of measurement.
**Like this**
> Archive box no 152 has been found in the basement.  
> I won’t be able to get their manager’s number until tomorrow.  
> There are a number of options available to us.
**Not this**
> I won’t be able to get their manager’s no until tomorrow.  
> There are a no of options available to us.
---",Style Guide Content/Contractions.md,4282,5034,
bc47dae3-4bf7-440e-944f-f7c3af3e6e03,Contractions.md,"['Contractions', 'Release notes']",121,133,294,#contractions/release-notes,,"## Release notes
The digital edition updates punctuation style for shortened forms.
- It removes the requirement to use full stops with non-Latin abbreviations.  
- Consistent with what was *Content Guide* advice, it recommends avoiding the use of Latin shortened forms.  
- Consistent with the sixth edition, it does not use full stops with acronyms or initialisms.  
- It is consistent with the sixth edition requirement not to use full stops with contractions. It changes the recommendation to use a full stop with the contraction ‘no’ for the word ‘number’ (or *numero*). This aligns the guidance with the general rule for shortened forms, and with the principle of minimal punctuation.  
- It prefers ‘Cth’ over ‘Cwlth’ as the contraction for ‘Commonwealth’. This reflects a departure from the sixth edition based on a corpus check with the Australian National Dictionary Centre.
The digital edition follows the *Content Guide*’s advice to avoid using Latin shortened forms. It lists common shortened forms and provides advice on the limited circumstances where they could be used and how to punctuate them.
This is a departure from advice in the sixth edition, which listed ‘thoroughly anglicised’ shortened forms used regularly in publications. It did not explicitly warn against their use. The sixth edition recommended against using ‘i.e.’, ‘e.g.’ and ‘etc.’ in body text and in formal content.",Style Guide Content/Contractions.md,5036,6439,
f4889bec-f8bd-48c9-969f-e45e246a5138,Currency.md,['Currency'],1,6,25,#currency,,"# Currency
Use the correct numbers, words and symbols for currency so people are clear about the amount.
---",Style Guide Content/Currency.md,0,108,
37b66d65-504c-4520-bec2-937ea1c01811,Currency.md,"['Currency', 'Guidance']",7,16,53,#currency/guidance,,"## Guidance
- Quantify an amount of money with a symbol and numeral  
- Clarify when you are using Australian dollars  
- Reference non-Australian currencies for accessibility  
- Quantify large amounts of money  
- Use words for inexact amounts
---",Style Guide Content/Currency.md,110,359,
c904f69b-1b6f-4e0d-bb35-1492bf950acd,Currency.md,"['Currency', 'Quantify an amount of money with a symbol and numeral']",17,51,186,#currency/quantify-an-amount-of-money-with-a-symbol-and-numeral,,"## Quantify an amount of money with a symbol and numeral
Write amounts using the relevant currency symbol followed by numerals. Don’t put a space between the currency symbol and the numerals.
**Example**  
`$27.99`
For an amount less than $1, you can write it either as a whole number of cents or as a decimal value.
For the cents form:
- Use the letter ‘c’ for cents after the numerals.  
- Don’t add a space between the numerals and the ‘c’.  
- Don’t use a full stop after the ‘c’ unless it’s at the end of a sentence.
**Example**  
`$0.50`  
`50c`
If the amount is a decimal number, always use 2 digits after the decimal point.
**Example**  
`$0.80`  
`$0.78`
If the amount is less than 10 cents, use a zero before the number of cents.
**Correct**  
`$0.04`
**Incorrect**  
`$0.4`
---",Style Guide Content/Currency.md,361,1149,
748575a7-5254-4f47-bc40-4d934850c73e,Currency.md,"['Currency', 'Clarify when you are using Australian dollars']",52,69,144,#currency/clarify-when-you-are-using-australian-dollars,,"## Clarify when you are using Australian dollars
Where content is clearly only referencing Australian dollars, use `$`.
**Example**
> The minimum wage in Australia is $19.49 per hour.
If users could be confused about the currency being referenced, place `A` before the `$`. Don’t insert a space between them.
**Example**
> The minimum wage in Australia is A$19.49 per hour.  
> [Use of ‘A’ is appropriate if the content is intended for users outside Australia.]
> The journalist was paid A$89 per hour during her posting in Hong Kong.  
> [Use of ‘A’ helps users understand that the journalist was not paid in Hong Kong dollars].
---",Style Guide Content/Currency.md,1151,1784,
a5a64fa5-206f-439e-8f85-2801f6c1cd68,Currency.md,"['Currency', 'Reference non-Australian currencies for accessibility']",70,106,363,#currency/reference-non-australian-currencies-for-accessibility,,"## Reference non-Australian currencies for accessibility
Non-Australian currency symbols may be inaccessible to people who access content using screen readers. Screen readers may be unable to interpret and describe the symbols. Avoid the use of non-Australian currency symbols where possible.
**Options for referencing non-Australian currencies**
- Use the 3-letter International Bank Account Number (IBAN) currency codes – for example, THB, USD, VND.  
  - This is the preferred method because it doesn’t use symbols and makes content more accessible.
- When referencing ‘dollar’ currencies, use a country prefix followed by the `$` symbol – for example, A$, C$, NZ$, US$.  
  - If there is any chance of confusion, use the 3-letter IBAN codes.
- Use the currency symbol only, for example `£` for the British pound, if you have evidence that it is the best way to meet a user need.
---
### Using IBAN currency codes (preferred)
- Use them for all currencies referenced in the content (including Australian dollars).  
- Don’t place a space between the IBAN currency code and the numerals.  
- Use the same number of decimal places for all the currencies you refer to.
**Example**
> Minimum wages are currently:  
> - Australia – AUD19.49 per hour  
> - Thailand – THB313.00 per day  
> - Vanuatu – VUV220.00 per hour  
> - Vietnam – VND4.18 million per month (urban Hanoi and Ho Chi Minh City).
---
### If using foreign currency symbols:
- Explain them on first use unless they are very widely known (for example, US$).  
- Place them before the numerals and don’t insert a space.  
- Don’t also use the IBAN currency code.
**Write this**",Style Guide Content/Currency.md,1786,3425,
f7221b7a-1fb0-4918-9c65-39fb3deaa54f,Currency.md,"['Currency', 'Reference non-Australian currencies for accessibility', 'If using foreign currency symbols:']",106,107,64,#currency/reference-non-australian-currencies-for-accessibility,,"> The minimum wage in Japan is currently Japanese yen (¥) 901 per hour. It was previously ¥874 per hour.  
> [The Japanese yen symbol isn’t very widely known in Australia, so explain it at first mention unless you're writing for a specialist audience familiar with the symbol.]",Style Guide Content/Currency.md,0,0,
d9d290c2-e5a8-47cd-9fdc-96d2b58b2343,Currency.md,"['Currency', 'Reference non-Australian currencies for accessibility', 'If using foreign currency symbols:']",109,117,84,#currency/reference-non-australian-currencies-for-accessibility,,"> The minimum wage in the United States is currently US$7.25 per hour.  
> [Because US$ is very widely known, don’t explain it on first use.]
**Not this**
> The minimum wage in the United States is currently $7.25 USD per hour.  
> [Don’t use both the currency symbol and the IBAN currency code. This also applies when writing Australian dollar amounts.]
---",Style Guide Content/Currency.md,3427,3785,
5e7b6c54-6d0f-4c32-9cfa-cc354fc59f46,Currency.md,"['Currency', 'Former Australian currency units']",118,133,112,#currency/former-australian-currency-units,,"## Former Australian currency units
Use words rather than symbols for former Australian currency.
Before 14 February 1966, pounds (£), shillings (s) and pence (d) were Australia’s units of currency. Few people would recognise these symbols now, so write them out in full.
**Write this**
> 9 pounds, 8 shillings and 7 pence
**Not this**
> £9 8s 7d
Some countries still use pounds as their currency. If there is any chance of confusion, state ‘former Australian pounds’ or use the symbol `A£`.
---",Style Guide Content/Currency.md,3787,4282,
9e706118-4a8d-4e70-b807-67d072e27427,Currency.md,"['Currency', 'Quantify large amounts of money']",134,144,80,#currency/quantify-large-amounts-of-money,,"## Quantify large amounts of money
Use the level of precision needed for the content.
**Example**
> They spent more than $2.1 million. [Use in descriptive text.]  
> Total expenditure was $2.195 million. [Use in a financial report.]  
> $2.195m [Use in a table or chart. No space or full stop. Explain the shortened form ‘m’ in a note.]
---",Style Guide Content/Currency.md,4284,4624,
8d219116-0352-4943-8e3e-b70c87b1a802,Currency.md,"['Currency', 'Use words for inexact amounts']",145,154,55,#currency/use-words-for-inexact-amounts,,"## Use words for inexact amounts
Use words for amounts of money that are an expression rather than an actual amount.
**Example**
> This approach is likely to save thousands of dollars.  
> The contract was worth several million dollars.
---",Style Guide Content/Currency.md,4626,4866,
e90d89b9-fdca-48ee-ab0a-f9a556a54d7a,Currency.md,"['Currency', 'Release notes']",155,161,114,#currency/release-notes,,"## Release notes
The digital edition recommends using the dollar symbol and numerals most cases for Australian currency. It gives three options for citing foreign currencies supported by a search of Australian corpora. It recommends avoiding non-Australian currency symbols where possible and using words instead of symbols when referring to former Australian currency.
The sixth edition gave the option of using a combination of words and numbers for currency in descriptive and narrative prose.
The Content Guide did not have guidance on the style for currency.",Style Guide Content/Currency.md,4868,5431,
928f3573-fcea-4143-828b-2fcdb5bc1737,Dashes.md,['Dashes'],1,6,41,#dashes,,"# Dashes
Dashes show a relationship. Generally, en dashes for spans are less accessible for users than a phrase. Use spaced en dashes to set off non-essential information in sentences.
---",Style Guide Content/Dashes.md,0,188,
c8be8916-fbc9-46ad-9b72-4c0c515442eb,Dashes.md,"['Dashes', 'Guidance']",7,19,124,#dashes/guidance,,"## Guidance
- Use the correct symbols for en dash and minus symbol  
- Use a phrase instead of an en dash for most spans of numbers  
- Follow exceptions to the general rule  
- Use an en dash for spans in technical content  
- Join nouns with an en dash to show an equal relationship  
- Rewrite to avoid joining a prefix with an en dash  
- Space en dashes in sentences to set off non-essential information  
- Use 2 em dashes for some quoted speech and deliberate omissions in text
---",Style Guide Content/Dashes.md,190,678,
5aba9bcc-ba74-4de3-af40-18a1d275c6f3,Dashes.md,"['Dashes', 'Use the correct symbols for en dash and minus symbol']",20,33,134,#dashes/use-the-correct-symbols-for-en-dash-and-minus-symbol,,"## Use the correct symbols for en dash and minus symbol
En dashes are half the width of the font height. Use them as a type of punctuation.
Don’t use an en dash instead of a minus symbol. Screen readers will read dashes as dashes, not as the minus symbol.
In Unicode, the en dash is `U+2013`. Use the entity `&ndash;` in HTML.
To make sure screen readers read the minus symbol, use the mathematical symbol for minus. In Unicode, this is `U+2212`. Use the entity `&minus;` in HTML.
Don’t confuse the dash or the minus symbol for a hyphen.
---",Style Guide Content/Dashes.md,680,1221,
d8a6e3c9-a09c-4564-a4d0-b8f056129424,Dashes.md,"['Dashes', 'Use a phrase instead of an en dash for most spans of numbers']",34,66,347,#dashes/use-a-phrase-instead-of-an-en-dash-for-most-spans-of-numbers,,"## Use a phrase instead of an en dash for most spans of numbers
En dashes show a span when used with numerals, such as in a financial year, a range of values or a span of time. En dashes sometimes appear in a span of words, such as in a span of days of the week.
Avoid using en dashes in most content.
Dashes can affect readability unless a user changes their screen reader’s default punctuation verbosity settings. Screen readers generally won’t read out dashes by default. This can affect people’s ability to quickly understand spans.
That is why, in general content, it’s better to use phrases for most spans of numbers. You can use en dashes in technical content, particularly if it contains a lot of spans.
### Spans in general content
Avoid using en dashes for spans in body text and headings. Instead, use:
- **‘from’** paired with **‘to’** – e.g., *from 57 to 65 years*  
- **‘between’** paired with **‘and’** – e.g., *between Monday and Friday*
Never mix ‘from’ or ‘between’ with an en dash.
**Correct**
> She worked from 10 to 28 January.  
> All seminars run from 10:30 am to 11:30 am.  
> Annual rainfall between 2017 and 2019 was lower than the long-term average.  
> The help desk operates between 9 am and 4 pm daily.
**Incorrect**
> She worked from 10–28 January.  
> All seminars run from 10:30–11:30 am.  
> Annual rainfall between 2017–2019 was lower than the long-term average.  
> The help desk operates between 9 am – 4 pm daily.
---",Style Guide Content/Dashes.md,1223,2678,
2006bd1d-6a2a-4df9-8c13-42c2aadc68e6,Dashes.md,"['Dashes', 'Follow exceptions to the general rule']",67,85,152,#dashes/follow-exceptions-to-the-general-rule,,"## Follow exceptions to the general rule
There are exceptions to the rule of using phrases for spans in general content. The exceptions are for particular date spans and time spans.
### Use an en dash for date spans in:
- financial years  
- calendar years  
- the titles of publications and programs  
- terms of office  
- lifespans (birth and death)  
- limited space situations.
**Note:** Date spans in headings should follow the general rule, except when the heading contains a title that has an en dash, or using words would push the character count over 70 characters (including spaces).
Only use en dashes for time spans when you have limited space.
---",Style Guide Content/Dashes.md,2680,3341,
949dee78-39d3-4129-aaff-539fb041e183,Dashes.md,"['Dashes', 'Use an en dash for a financial year']",86,99,117,#dashes/use-an-en-dash-for-a-financial-year,,"## Use an en dash for a financial year
For financial years, use 4 digits for the first number and only 2 digits for the second. Join them with an **unspaced** en dash.
Use the phrases ‘financial year’ and ‘financial years’ at first mention, unless the context makes the meaning clear.
**Example**
> The 2019–20 budget  
> The department recently published a list of gifts received during the 2022–23 financial year.
For financial years that cross centuries, use 4 digits on either side of the en dash.
---",Style Guide Content/Dashes.md,3343,3848,
c6e9d0f7-46fe-47f1-af3b-b43b0d0909c4,Dashes.md,"['Dashes', 'Use an en dash for a calendar year']",100,108,63,#dashes/use-an-en-dash-for-a-calendar-year,,"## Use an en dash for a calendar year
For calendar years, use 4 digits for the first number and either 4 or 2 digits for the second number. Join them with an unspaced en dash.
**Example**
> The following statistics cover the 2023–24 calendar years.
---",Style Guide Content/Dashes.md,3850,4102,
983ebde3-8b8d-46b7-b3bc-7a7abc9de726,Dashes.md,"['Dashes', 'Use an en dash for a date span in titles of publications and programs']",109,118,68,#dashes/use-an-en-dash-for-a-date-span-in-titles-of-publications-and-programs,,"## Use an en dash for a date span in titles of publications and programs
Date spans often appear in titles. Use 4 digits for the first year and 2 digits for the second, unless crossing centuries.
**Example**
> The diversity strategy 2020–25  
> The Lake Eyre basin plan 1999–2004
---",Style Guide Content/Dashes.md,4104,4387,
41a82193-10ce-424a-b63e-6511fa196716,Dashes.md,"['Dashes', 'Use an en dash for a term of office']",119,128,28,#dashes/use-an-en-dash-for-a-term-of-office,,"## Use an en dash for a term of office
**Correct**
> James Scullin (1929–1932)
**Incorrect**
> James Scullin (1929–32)
---",Style Guide Content/Dashes.md,4389,4511,
8428064c-44e8-403d-a47a-c5e9d9b3a928,Dashes.md,"['Dashes', 'Use an en dash for a person’s lifespan']",129,138,27,#dashes/use-an-en-dash-for-a-persons-lifespan,,"## Use an en dash for a person’s lifespan
**Correct**
> Caroline Chisholm (1808–1877)
**Incorrect**
> Caroline Chisholm (1808–77)
---",Style Guide Content/Dashes.md,4513,4646,
83c6fdd8-7c3b-45f3-b8bc-1351627a965f,Dashes.md,"['Dashes', 'Use an en dash for a date span when space is limited']",139,144,31,#dashes/use-an-en-dash-for-a-date-span-when-space-is-limited,,"## Use an en dash for a date span when space is limited
Allowed in display text, tables, lists, or social media.
---",Style Guide Content/Dashes.md,4648,4764,
c31b4793-443b-4061-8506-69c9ce10e46a,Dashes.md,"['Dashes', 'Restrict the use of an en dash for a date span in headings']",145,153,47,#dashes/restrict-the-use-of-an-en-dash-for-a-date-span-in-headings,,"## Restrict the use of an en dash for a date span in headings
Only use when:
- heading includes a title with an en dash  
- words push the count above 70 characters.
---",Style Guide Content/Dashes.md,4766,4935,
38648cf1-0ac0-468e-b2e9-83cc70dae902,Dashes.md,"['Dashes', 'Only use an en dash for a time span when space is limited']",154,162,60,#dashes/only-use-an-en-dash-for-a-time-span-when-space-is-limited,,"## Only use an en dash for a time span when space is limited
Spacing rules:
- **Spaced en dash**: when ‘am’/‘pm’ on both sides, or in 24-hour format.  
- **Unspaced en dash**: when ‘am’/‘pm’ only at end, or with ‘noon’, ‘midday’ or ‘midnight’.
---",Style Guide Content/Dashes.md,4937,5184,
956b4f4d-52db-4324-961a-ab72b1dd2809,Dashes.md,"['Dashes', 'Use an en dash for spans in technical content']",163,168,43,#dashes/use-an-en-dash-for-spans-in-technical-content,,"## Use an en dash for spans in technical content
In technical contexts with many numbers, use en dashes for number, date, and page spans. Don’t combine with ‘from’ or ‘to’.
---",Style Guide Content/Dashes.md,5186,5362,
24b5bbe6-1fd1-444c-8f0b-ef554c1ba40e,Dashes.md,"['Dashes', 'Join nouns with an en dash to show an equal relationship']",169,178,36,#dashes/join-nouns-with-an-en-dash-to-show-an-equal-relationship,,"## Join nouns with an en dash to show an equal relationship
Use an en dash between coordinate nouns.
**Example**
> Murray–Darling Basin  
> Sydney–Melbourne flight
---",Style Guide Content/Dashes.md,5364,5531,
2da55798-f9e4-4b12-a79a-46edd96dc0db,Dashes.md,"['Dashes', 'Rewrite to avoid joining a prefix with an en dash']",179,186,32,#dashes/rewrite-to-avoid-joining-a-prefix-with-an-en-dash,,"## Rewrite to avoid joining a prefix with an en dash
**Example**
> pre–Cold War policies  
> policies from before the Cold War
---",Style Guide Content/Dashes.md,5533,5663,
a3942894-a8a0-46a8-a3f8-870df5cd18ad,Dashes.md,"['Dashes', 'Space en dashes in sentences to set off non-essential information']",187,195,49,#dashes/space-en-dashes-in-sentences-to-set-off-non-essential-information,,"## Space en dashes in sentences to set off non-essential information
Spaced en dashes act like commas or brackets to insert extra information.
**Example**
> Three rivers – the Murray, Darling and Murrumbidgee – were discussed.
---",Style Guide Content/Dashes.md,5665,5895,
53b94400-b52d-4b88-9cd5-df5701eb839c,Dashes.md,"['Dashes', 'Em dash']",196,203,44,#dashes/em-dash,,"## Em dash
Em dashes are the same width as font height.
Australian Government style uses spaced en dashes for digital content. Follow this unless another style is required (e.g., for publication).
---",Style Guide Content/Dashes.md,5897,6097,
2829e1e7-5b4c-494e-b24c-2b1241a22d2b,Dashes.md,"['Dashes', 'Use 2 em dashes for some quoted speech and deliberate omissions in text']",204,212,37,#dashes/use-2-em-dashes-for-some-quoted-speech-and-deliberate-omissions-in-text,,"## Use 2 em dashes for some quoted speech and deliberate omissions in text
Shows a sudden interruption or omission.
**Example**
> ‘Any more questions before ——’
---",Style Guide Content/Dashes.md,6099,6263,
6df410f3-4b2e-44b4-970d-c3388c8b94d9,Dashes.md,"['Dashes', 'Release notes']",213,219,63,#dashes/release-notes,,"## Release notes
The digital edition recommends spaced en dashes for additional, amplifying, and parenthetical material, instead of the sixth edition’s unspaced em dash. Also advises using words instead of en dashes for number spans in some cases, for accessibility.
---
**Last updated:** Thursday 27 February 2025",Style Guide Content/Dashes.md,6265,6579,
a1f8c1f1-c368-4ff1-9c31-7a5898417ae7,Dates and time.md,['Dates and time'],1,6,70,#dates-and-time,,"# Dates and time
Dates and expressions of time need to be readable and clear, particularly in content that contains detailed timelines. Write, abbreviate and punctuate dates and times consistently so people can understand your content. Follow international and Australian standards to write dates and times for data systems and international communication.
---",Style Guide Content/Dates and time.md,0,360,
87f30fb3-f17c-4314-8ca3-7333170820ee,Dates and time.md,"['Dates and time', 'Guidance']",7,32,249,#dates-and-time/guidance,,"## Guidance
* Follow Australian conventions for dates
* Combine numerals and words for dates in body text
* Use shortened forms for dates when space is limited
* Don’t write dates as numerals unless space is limited
* Don’t use an apostrophe for decades
* Use words for spans of years in body text
* Use en dashes for particular types of year spans
* Use words for spans of days and months in body text
* Use en dashes for spans of days and months when space is limited
* Refer to specific days, events and periods with capitals
* Use numerals for times of day
* Use en dashes for spans of time when space is limited
* Follow the manual’s number rules for duration
* Use shortened forms for units of time when space is limited
* Avoid using ‘bi’ to mean either 2 or twice
* How to combine dates and times
* Meet standards for data systems and information interchange
* Insert a non-breaking space correctly
* Release notes
* About this page
* Help us improve the Style Manual
---",Style Guide Content/Dates and time.md,362,1341,
cd170846-587a-4621-adde-7bd5d296ad10,Dates and time.md,"['Dates and time', 'Follow Australian conventions for dates']",33,40,72,#dates-and-time/follow-australian-conventions-for-dates,,"## Follow Australian conventions for dates
There are Australian conventions for writing dates in words and numerals, and in numeric formats. These conventions include how to sequence elements of the date.
Use numerals and words for dates in most content. Use numeric dates when space is limited and in content types like tables.
---",Style Guide Content/Dates and time.md,1343,1675,
536c0c46-6283-4f31-8556-e670a8870ae2,Dates and time.md,"['Dates and time', 'Combine numerals and words for dates in body text']",41,91,420,#dates-and-time/combine-numerals-and-words-for-dates-in-body-text,,"## Combine numerals and words for dates in body text
In Australia, the conventional sequence for dates is ‘day month year’. Use this sequence when expressing dates in numerals and words.
For dates in body text, use numerals for the day and year and spell out the name of the month. Don’t include a comma or any other punctuation.
Spell out the name of the day if it is being used, but don’t include a comma after the day.
The names of months and days start with an initial capital because they are proper nouns.
**Write this**
> 31 December 2020
> Thursday 31 December 2020
**Not this**
> December 31, 2020
> Thursday, 31 December 2020
Insert a non-breaking space between the day and the month so they stay together on one line. A non-breaking space means that a line break will split the date before the year.
Keeping the day and month together allows people to identify the information appearing before the line break as a date.
**Write this**
> Please find attached the new agenda for the extraordinary general meeting, 2 pm 8 November 2022. \[With a non-breaking space between ‘8’ and ‘November’]
**Not this**
> Please find attached the draft minutes of the extraordinary general meeting held in Sydney, 8 November 2022. \[With no non-breaking space between ‘8’ and ‘November’]
Don’t use an ordinal number (12th, 21st etc.) when writing dates in body text.
**Write this**
> 1 May 1997
> Schedule 3 commences on the first 1 July after the bill receives Royal Assent. \[Extract from an explanatory memorandum]
**Not this**
> 1st May 1997
> Schedule 3 commences on the first 1st July after the bill receives Royal Assent.
### Incomplete dates
Follow the general rules above when writing incomplete dates. Spell out the month in words if you need to leave out either the day or the year.
**Example**",Style Guide Content/Dates and time.md,1677,3476,
bcc778c3-e866-4d42-b2dc-96ca39ed7abf,Dates and time.md,"['Dates and time', 'Combine numerals and words for dates in body text', 'Incomplete dates']",91,92,28,#dates-and-time/combine-numerals-and-words-for-dates-in-body-text,,"> The winning yacht usually reaches Hobart on 27 December.
> More than 1,700 jobs have been created since January 2018.",Style Guide Content/Dates and time.md,0,0,
126b70a4-c5eb-44bf-b849-93a0bc088010,Dates and time.md,"['Dates and time', 'Combine numerals and words for dates in body text', 'Incomplete dates']",94,118,125,#dates-and-time/combine-numerals-and-words-for-dates-in-body-text,,"There is an exception to the general rule for writing dates in body text. If you refer to the day but not the month, use an ordinal number.
Don’t put the ordinal suffix (‘st’, ‘nd’, ‘rd’ or ‘th’) in superscript. Superscript can cause problems for people who use screen readers.
**Write this**
> She will leave by the 20th.
**Not this**
> She will leave by the 20th.
If you refer to the year only, use the full numerical year. Don’t abbreviate it.
**Write this**
> 1945
**Not this**
> ‘45
> 45
---",Style Guide Content/Dates and time.md,3478,3974,
489aeb76-354f-4c24-94c4-a19f2ed9a215,Dates and time.md,"['Dates and time', 'Use shortened forms for dates when space is limited']",119,157,406,#dates-and-time/use-shortened-forms-for-dates-when-space-is-limited,,"## Use shortened forms for dates when space is limited
Only use abbreviations if space is limited – for example, in tables, illustrations, charts and notes. Ensure that it is obvious to users which days of the week or months you are referring to.
The standard abbreviations for the days of the week are:
* Monday – ‘Mon’ or ‘M’
* Tuesday – ‘Tues’ (‘Tue’) or ‘Tu’
* Wednesday – ‘Wed’ or ‘W’
* Thursday – 'Thurs’ (‘Thur’,‘Thu’) or ‘Th’
* Friday – ‘Fri’ or ‘F’
* Saturday – ‘Sat’ or ‘Sa’
* Sunday – ‘Sun’ or ‘Su’.
The abbreviations in parentheses are alternatives for the standard abbreviation they follow. Only use the alternatives when the context ensures their meaning is clear.
> Note: Style Manual lists Monday as the first day of the week. This is consistent with the order of calendar days in a calendar week as defined in the international standard adopted by Australia.
The standard abbreviations for the months are:
* January – ‘Jan’
* February – ‘Feb’
* March – ‘Mar’
* April – ‘Apr’
* May – retain as ‘May’
* June – retain as ‘June’ or shorten to ‘Jun’
* July – retain as ‘July’ or shorten to ‘Jul’
* August – ‘Aug’
* September – ‘Sept’ or shorten to ‘Sep’
* October – ‘Oct’
* November – ‘Nov’
* December – ‘Dec’.
Only use the shortest form of days and months – ‘F’, ‘M’, ‘N’ and so on – in limited applications. An example is a time-series chart where the context and order allow users to understand the difference between each capital letter.
Don’t use a full stop after shortened days and months. No full stop is the correct Australian Government style for all abbreviations, acronyms and initialisms and contractions.
### Don’t abbreviate dates in body text",Style Guide Content/Dates and time.md,3976,5646,
6a281aa3-269d-4fea-b9ef-e51a70d3aa2f,Dates and time.md,"['Dates and time', 'Use shortened forms for dates when space is limited', 'Don’t abbreviate dates in body text']",158,169,65,#dates-and-time/use-shortened-forms-for-dates-when-space-is-limited,,"Avoid abbreviated words when writing dates in body text. Words written in full are usually easier to read and understand.

**Write this**
> The Labor Party called an urgent conference on Saturday 22 December.
**Not this**
> The Labor Party called an urgent conference on Sat 22 Dec.
---",Style Guide Content/Dates and time.md,0,165,
21d674bd-26d1-4e0b-a43f-4541d32cc4f8,Dates and time.md,"['Dates and time', 'Don’t write dates as numerals unless space is limited']",170,219,299,#dates-and-time/dont-write-dates-as-numerals-unless-space-is-limited,,"## Don’t write dates as numerals unless space is limited
Avoid writing dates entirely in numerals for general content. Use numeric dates only when space is limited (such as in tables).
Numeric dates can be confusing because their order and format differs between countries.
Use Australia’s conventional order of ‘day month year’ unless you are writing for users in a country that uses a different style.
### Use a forward slash in numeric dates
Separate the numbers in a numeric date with an unspaced forward slash, using the format ‘day/month/year’. This format uses single digits for single-digit days and months.
**Write this**
> 4/6/2021 \[Australia: d/m/yyyy]
> 7/12/2020
**Not this**
> 12/7/2020 \[USA: m/d/yyyy]
> 2021-06-04 \[Sweden: yyyy-mm-dd]
### Numeric dates can have 2-digit elements
You can also use 2 digits for each element.
Only use this style for the year:
* in financial data
* if it is clear which century you are referring to
* if users understand the order of the elements (‘day month year’ for Australian users).
**Example**
> 07/12/20
> 30/06/22
Whichever style you use for date formats, use it consistently.
### Full stops in computer applications
Many computer systems and applications use a full stop in numeric dates. Use 2 digits for the day and month and 4 digits for the year: ‘dd.mm.yyyy’.
**Example**
> 07.12.2020
> 10.09.2021
---",Style Guide Content/Dates and time.md,5648,7012,
b3232d17-1d31-422b-89c3-462cea955dcb,Dates and time.md,"['Dates and time', 'Don’t use an apostrophe for decades']",220,237,96,#dates-and-time/dont-use-an-apostrophe-for-decades,,"## Don’t use an apostrophe for decades
Write decades with an ‘s’ on the end. Don’t use an apostrophe to show the plural.
**Correct**
> 2010s
> 1980s
**Incorrect**
> 2010’s
> 1980’s
In more casual writing, you can use expressions such as ‘the eighties’. You can also use an apostrophe to show the missing numerals in a decade – for example, ‘In the ’80s, all my jackets had shoulder pads.’
---",Style Guide Content/Dates and time.md,7014,7406,
d451c14f-7918-4368-a796-37c2ca2a69d7,Dates and time.md,"['Dates and time', 'Use words for spans of years in body text']",238,257,106,#dates-and-time/use-words-for-spans-of-years-in-body-text,,"## Use words for spans of years in body text
As a general rule, write spans of years in words, using ‘to’, ‘from … to’ or ‘between … and’. Write the years out in full, not as abbreviations.
Don’t replace the word between the years with an en dash.
**Write this**
> the years 2015 to 2019
> from 2015 to 2019
> between 2015 and 2019
**Not this**
> the years 2015–2019
> from 2015–2019
> between 2015–2019
---",Style Guide Content/Dates and time.md,7408,7815,
50549757-a090-45c3-8b20-9fc904086dbb,Dates and time.md,"['Dates and time', 'Use en dashes for particular types of year spans']",258,292,403,#dates-and-time/use-en-dashes-for-particular-types-of-year-spans,,"## Use en dashes for particular types of year spans
Government content often includes spans of years. Some year spans are easier to read and understand if they contain an unspaced en dash rather than words.
This is particularly true in content that contains multiple spans of years. In this case, using en dashes makes the content easier to scan.
Use an unspaced en dash for a:
* financial year
* calendar year
* span of years in the titles of publications and programs
* span of years written in parentheses, such as for a term of office and the years of birth and death.
Always include the phrases ‘financial year’, ‘financial years’, ‘calendar year’ or ‘calendar years’ unless the context makes the meaning clear. You can also introduce the relevant phrase at first mention and just write the year span, without the phrase, in later mentions.
Finally, exercise your judgement. Consider using en dashes for year spans when using words makes the content harder to read.
**Example**
> This document includes expenditure and revenue estimates for the 2021–22 financial year. For comparison, the attachment contains estimates for 2020–21 and 2019–20.
> The agency measures injury hospitalisations and deaths over 2 calendar years. Data showed a small increase in injury hospitalisations for 2017–2018 and 2019–2020. Injury deaths declined over the earlier period, but showed a marked increase for 2019–2020.
> The library holds a reference copy of the Inclusion and diversity strategy 2022–24.
> Alfred Deakin was Prime Minister for much of Australia’s 2nd Parliament (1903–1906).
> Sidney Nolan (1917–1992) had 3 younger siblings.
Always use unspaced en dashes in spans of years. Don’t use forward slashes.
**Write this**
> National Road Safety Action Plan 2018–20
> Australia’s energy consumption rose by 0.6% in 2018–19 and fell by 2.9% in 2019–20.
**Not this**",Style Guide Content/Dates and time.md,7817,9679,
da223409-6407-48ca-9ba2-171e6123e84c,Dates and time.md,"['Dates and time', 'Use en dashes for particular types of year spans']",292,296,31,#dates-and-time/use-en-dashes-for-particular-types-of-year-spans,,"> National Road Safety Action Plan 2018/20
> Australia’s energy consumption rose by 0.6% in 2018/19 and fell by 2.9% in 2019/20.

---",Style Guide Content/Dates and time.md,0,5,
1eec09ad-63a5-4c82-b8f9-086da286b9eb,Dates and time.md,"['Dates and time', 'Use words for spans of days and months in body text']",297,312,192,#dates-and-time/use-words-for-spans-of-days-and-months-in-body-text,,"## Use words for spans of days and months in body text
As a general rule, use ‘from … to’ and ‘between … and’ in spans of days and months.
If it’s appropriate for your content, keep elements of the span together by inserting non-breaking spaces between them.
When you include a year, insert a non-breaking space between the day and month. A non-breaking space keeps the day and month together while the line break splits the date before the year.
**Example**
> Parliament is scheduled to sit from 3 to 21 December. \[Non-breaking spaces between ‘3’, ‘to’, ‘21’ and ‘December’]
> We will do snap inspections between 6 and 8 September. \[Non-breaking spaces between ‘6’, ‘and’, ‘8’ and ‘September’]
> The exhibition will run from 30 November to 23 February 2022. \[Non-breaking space between ‘30’ and ‘November’, and between ‘23’ and ‘February’]
---",Style Guide Content/Dates and time.md,9681,10528,
381b6aca-5258-4a69-9947-dddb6777ad83,Dates and time.md,"['Dates and time', 'Use en dashes for spans of days and months when space is limited']",313,335,181,#dates-and-time/use-en-dashes-for-spans-of-days-and-months-when-space-is-limited,,"## Use en dashes for spans of days and months when space is limited
Only use en dashes for spans of days and months if you have limited space. This could be in display text, tables, lists or in social media posts.
But also exercise your judgement – consider using en dashes if using words makes the content harder to read.
The en dash is spaced when the day and month appear on both sides of the span.
**Example**
> Exhibitions in 2024 The power of the comma 6 Feb – 30 Jun; 9 am – 4 pm daily
The en dash is unspaced when the month only appears at the end of the span.
**Example**
> Symposium Series 2025
> Plain language: 3–5 March
> Accessible tables: 9–11 June
> Content design: 8–10 September
---",Style Guide Content/Dates and time.md,10530,11230,
1b1b683c-0188-4dd3-af34-d62efef07e18,Dates and time.md,"['Dates and time', 'Refer to specific days, events and periods with capitals']",336,386,408,#dates-and-time/refer-to-specific-days-events-and-periods-with-capitals,,"## Refer to specific days, events and periods with capitals
Treat specific days, public events and periods in history as proper nouns and use initial capitals. Use lower case for ‘the’ and any prepositions, unless they are capitalised as part of a proprietary name.
In body text, use lower case for generic terms like the names of seasons –‘autumn’ – and astronomical events such as ‘equinox’ and ‘solstice’. Write ‘century’ and ‘centuries’ in lower case.
### Holidays and events
Use initial capitals for all institutional holidays, religious days and public events. Follow the capitalisation of proprietary names.
**Example**
> New Year’s Day
> Good Friday
> Ramadan
> Yom Kippur
> the City2Surf
> the AFL Grand Final
> Labour Day
> the Adelaide Festival
> Party In The Paddock 2024
> Anzac Day \[‘Anzac’ stands for Australian and New Zealand Army Corps, but only takes an initial capital. The acronym appears in legislation with an initial capital and this has become the commonly-used form.]
### Periods and events of historical importance
Use initial capitals for specific periods and events of historical importance, but not when you abbreviate them to a generic term.
**Example**
> the Renaissance
> the Bronze Age
> the French Revolution, the revolution
> the Battle of Long Tan, the battle
### World wars
There are 2 acceptable styles for referring to the world wars.
Use either style, but be consistent in your content.
**Example**
> First World War, Second World War
> World War I, World War II \[With roman numerals]
Use 2 non-breaking spaces to keep each name together on one line of text.
Write ‘World War I’ and ‘World War II’ with roman numerals.
The accepted way to write most roman numerals is by typing letters of the alphabet. Use a capital ‘i’ – I – for the world wars.",Style Guide Content/Dates and time.md,11232,13021,
44ee99db-ef25-4546-ad7d-92aa37e59050,Dates and time.md,"['Dates and time', 'Refer to specific days, events and periods with capitals', 'World wars']",387,387,55,#dates-and-time/refer-to-specific-days-events-and-periods-with-capitals,,The Style Manual acknowledges that the house styles of some government agencies require the use of the arabic numerals ‘1’ and ‘2’. User research will always guide an agency’s style choices. Our recommendation to use roman numerals comes from corpus evidence.,Style Guide Content/Dates and time.md,0,0,
8a5a54e9-8c25-479d-9b10-424d8cc64e17,Dates and time.md,"['Dates and time', 'Refer to specific days, events and periods with capitals', 'World wars', 'Shortened forms for world wars']",389,457,420,#dates-and-time/refer-to-specific-days-events-and-periods-with-capitals,,"#### Shortened forms for world wars
In content with many mentions of the world wars, you might decide to use a shortened form. Write the name of the war out in full the first time you use it. Include the shortened form in parentheses immediately afterwards and use the shortened form from then on.
Use roman numerals in the shortened form.
**Example**
> The Second World War (WWII) started in 1939. Many Australians died in WWII.
> World War I (WWI) started in 1914. Many Australians enlisted for service in WWI.
### Eras and periods
Use initial capitals for the actual name of a geological era or period but not for broad historical and cultural times.
**Example**
> the Lower Jurassic period
> the Mesozoic era
> the colonial era
> baroque ornamentation
### Centuries
Use numerals, not words, for centuries. This is an exception to the rule for ordinal numbers.
Write ‘century’ and ‘centuries’ in lower case.
Don’t use shortened forms, such as 18C or C18, unless you have limited space.
Don’t use superscript for the ordinal suffix.
**Write this**
> the 18th century
> in the 2nd and 3rd centuries
> a 19th-century writer
> an 8th-century monastery
**Not this**
> the eighteenth century
> in 2C and 3C
> a nineteenth-century writer
> an eighth-century monastery
> an 8th-century monastery
Use CE and BCE to represent the common era (CE) and the time before the common era (BCE). There is no ‘year 0’ in this system. The years progress from 1 BCE to 1 CE.
Write ‘CE’ and ‘BCE’ without full stops and with a non-breaking space separating them from the year or century.
**Example**
> 44 BCE
> 1452 CE
> the 3rd century BCE
> the 3rd century CE
### Seasons and seasonal events
Use lower case for the seasons and recurrent seasonal events.
**Example**
> winter
> summer solstice
---",Style Guide Content/Dates and time.md,13023,14802,
b772c30e-552a-4de2-b028-f4156e947492,Dates and time.md,"['Dates and time', 'Use numerals for times of day']",458,509,410,#dates-and-time/use-numerals-for-times-of-day,,"## Use numerals for times of day
In most documents, numerals give a clearer expression of time. Write times of day using numerals, especially when you need to convey precise times.
Use a colon between the hours and minutes. The use of a colon as the separator, rather than a full stop, reflects a shift in contemporary Australian usage.
A colon ensures that the time isn’t confused with a decimal number.
For example, ‘10.50’ can be read as ‘10 and a half’ as well as ‘50 minutes past 10’. Screen reader users will probably hear ‘10.50’ as ‘10 point 5’.
**Example**
> The bus leaves at 8:22 am.
> The broadcast will run from 9:45 am to 11:45 am.
### Times using ‘am’ and ‘pm’
The initialisms ‘am’ and ‘pm’ come from the Latin phrases ante meridiem (before noon) and post meridiem (after noon).
Write ‘am’ and ‘pm’ in lower case. Separate the numbers and the initialism with a non-breaking space.
Don’t use ‘am’ and ‘pm’ with words that duplicate their meaning, for example ‘morning’ and ‘afternoon’.
**Correct**
> Please respond by 10 am tomorrow.
> Let’s meet at 6:30 pm.
**Incorrect**
> Please respond by 10 am tomorrow morning.
> Let’s meet at 6:30 pm in the evening.
You can use 2 zeros to show the full hour, but they aren’t essential. Use 2 zeros if that is consistent with other expressions of time in your content, such as in running sheets.
**Example**
> 9 pm
> 9:00 pm
### Noon, midday and midnight
Use ‘noon’, ‘midday’ or ‘midnight’ instead of ‘12 am’ or ‘12 pm’. This makes it easier for people to understand the time.
**Write this**
> We have extended the closing date to midnight Friday 7 October 2022.
**Not this**
> We have extended the closing date to 12 am Friday 7 October 2022.",Style Guide Content/Dates and time.md,14804,16501,
8efca3cc-dbc8-4405-a560-285fe3e5d4d4,Dates and time.md,"['Dates and time', 'Use numerals for times of day', 'Noon, midday and midnight']",510,510,28,#dates-and-time/use-numerals-for-times-of-day,,"Write ‘o’clock’ only when you quote someone directly or transcribe a recording. In these situations, use numerals and the word ‘o’clock’.",Style Guide Content/Dates and time.md,0,0,
ed26a5bb-4147-4ec1-ab2a-bbbffbb0f860,Dates and time.md,"['Dates and time', 'Use numerals for times of day', 'Noon, midday and midnight']",512,565,414,#dates-and-time/use-numerals-for-times-of-day,,"**Example**
> ‘The minister is speaking at about 10 o’clock,’ they said.
### The 24-hour clock
Use the 24-hour clock if it helps people understand your content. This is important when referring to times in these contexts:
* travel
* certain scientific fields
* the armed services
* content written for countries using the 24-hour clock.
The 24-hour clock is also useful in content where space is limited. This is because it uses fewer characters than times with ‘am’ and ‘pm’. For this reason, it is often used in timetables and schedules.
This system numbers the hours from 00:00 hours (midnight) to 23:59. It always uses at least 4 digits. It can have 6 digits if seconds are included:
* The first 2 digits are the hours.
* The next 2 digits are the minutes.
* The last 2 digits are the seconds, if you include them.
Always use a ‘leading zero’ for hours under 10 – for example, write ‘05:30’ not ‘5:30’.
Use a colon to separate the hours, minutes and seconds in the 24-hour clock.
**Example**
> 00:45 \[12:45 am]
> 07:38 \[7:38 am]
> 23:18 \[11:18 pm]
> 23:59:17 \[11:59:17 pm – includes hours, minutes and seconds]
Don’t add ‘am’ or ‘pm’ to times written in 24-hour clock format.
**Write this**
> 06:45
> 23:18
**Not this**
> 06:45 am
> 23:18 pm
Some government agencies that produce technical and scientific content don’t use a colon for the 24-hour clock – for example, 2300 and 0430. This is the ‘basic format’ used for international communication.
If space is limited and you use the 24-hour clock in general content, we recommend inserting a colon for clarity. This is the ‘extended format’ used for international communication.
### Time zones
You might need to define which time zone you are referring to.
Time zones are usually written with the 24-hour clock.",Style Guide Content/Dates and time.md,16503,18273,
9f3f7be5-5faf-4fe4-81fc-aa77ace35639,Dates and time.md,"['Dates and time', 'Use numerals for times of day', 'Time zones']",566,566,7,#dates-and-time/use-numerals-for-times-of-day,,The main Australian zones are:,Style Guide Content/Dates and time.md,0,0,
4dcc00fa-4880-4762-88c6-0cb0e7070ee1,Dates and time.md,"['Dates and time', 'Use numerals for times of day', 'Time zones']",568,604,336,#dates-and-time/use-numerals-for-times-of-day,,"* ACST (Australian Central Standard Time)
* ACDT (Australian Central Daylight saving Time)
* AEST (Australian Eastern Standard Time)
* AEDT (Australian Eastern Daylight saving Time)
* AWST (Australian Western Standard Time)
* LHST (Lord Howe Standard Time)
* LHDT (Lord Howe Daylight Time).
Daylight saving time is not observed in the Northern Territory, Queensland and Western Australia.
There are also time zones for some Australian external territories.
**Example**
> The meeting will commence at 15:30 AEDT on 17 November 2022.
#### Coordinated Universal Time
Coordinated Universal Time (UTC) is a time standard used as the basis for regulating world timekeeping.
UTC expresses the unadjusted local time at 0° longitude. It is not adjusted for daylight saving. Local standard time at longitudes around the world is represented by an offset to UTC.
UTC is based on International Atomic Time (TAI), which is a weighted average of atomic clocks located around the world, including in Australia. TAI does not take into account changes in the earth’s rotation, so leap seconds are occasionally added to UTC.
UTC is the standard and legal reference for times of day in Australia. The UTC(AUS) standard is maintained by the Australian Government’s National Measurement Institute.
Time zones are written as positive or negative offsets to UTC.
Write the initialism ‘UTC’, followed by ‘+’ or ‘−’, followed by the time offset to UTC in 24-hour system format.
**Example**
> During winter, the time in Sydney is UTC+10:00.
> São Paulo is in the Brasília Time Zone which is UTC−03:00.
---",Style Guide Content/Dates and time.md,18275,19854,
6151f932-f5ba-4a38-a6ae-1098f08f0d3a,Dates and time.md,"['Dates and time', 'Use en dashes for spans of time when space is limited']",605,645,254,#dates-and-time/use-en-dashes-for-spans-of-time-when-space-is-limited,,"## Use en dashes for spans of time when space is limited
Only use en dashes for time spans if you have limited space. This could be in display text, tables, lists or in social media posts.
But also exercise your judgement – consider using en dashes if using words makes the content harder to read.
The spacing of the en dash depends on the elements of the span.
Use an unspaced en dash:
* if the ‘am’ or ‘pm’ appears only at the end of the span
* for spans of time in the 24-hour clock format.
Use a spaced en dash:
* when ‘am’ or ‘pm’ appears on both sides of the span
* if ‘noon’, ‘midday’ or ‘midnight’ appears in the span.
**Example**
> Soccer training this Sat: 8–9 am
> Available appointment times are:
> 08:00–08:15
> 13:30–13:45
> 16:45–17:00
> Help desk opening hours:
> Monday to Thursday: 7 am – 4 pm
> Friday: 9 am – midday
Don’t combine words and the en dash.
**Write this**
> Closed 11 am – 2 pm.
**Not this**
> Closed between 11 am – 2 pm.
---",Style Guide Content/Dates and time.md,19856,20814,
5060ba44-fbb9-49a1-995e-6250a84a3bb1,Dates and time.md,"['Dates and time', 'Follow the manual’s number rules for duration']",646,679,384,#dates-and-time/follow-the-manuals-number-rules-for-duration,,"## Follow the manual’s number rules for duration
When expressing duration (lengths of time) in body text, follow Style Manual rules about choosing words or numerals.
This means writing the words ‘zero’ and ‘one’ and using numerals for ‘2’ and above. The rules also say to use the numerals ‘0’ and ‘1’ in specific situations.
For duration, the specific situations are likely to be when:
* you compare numbers in a sentence
* a sentence contains a series of numbers.
Write the words ‘zero’ and ‘one’ in sentences that don’t contain other numerals. Write the numerals ‘0’ and ‘1’ in sentences that contain numerals from 2 and above, or where all numbers show duration.
Spell out the units of time: ‘hours’, ‘minutes’ and ‘seconds’.
**Example**
> There are 7 minutes and 30 seconds remaining. \[Numerals for 2 and above]
> The hearing adjourned for 2 hours. \[Numerals for 2 and above]
> The committee will break for lunch for one hour. \[Words for zero and one]
> Although we allowed candidates 1 minute to answer each question, most took over 2 minutes. \[Numerals when comparing duration]
> I noted faults at these time stamps: 0 minutes 45 seconds, 1 minute 4 seconds and 3 minutes 8 seconds. \[Numerals for a series of numbers showing duration]
Use fractions written in words if users only need a general idea of values.
Only use decimal numbers if they are the best way to explain what people need to know. But be aware that some people might not understand the decimal’s time value. For example, 1.25 hours is 1 hour 15 minutes, not 1 hour 25 minutes.
It is usually better to avoid decimals and include the number and unit of time.
**Example**",Style Guide Content/Dates and time.md,20816,22462,
452b3116-1235-412e-a20d-ab4208f40ffb,Dates and time.md,"['Dates and time', 'Follow the manual’s number rules for duration']",677,683,105,#dates-and-time/follow-the-manuals-number-rules-for-duration,,"> The session finished about a quarter of an hour early. \[Words for a fraction – gives a general idea of the duration]
> I clocked her at 15 minutes and 12 seconds. \[Easier to understand than 15.2 minutes]
>
> They broke the record by 0.04 seconds. \[Numeral – a decimal gives people the information that is appropriate in this context. But the words ‘… by 4 hundredths of a second’ might be clearer to some users.]

---",Style Guide Content/Dates and time.md,0,5,
86c0ed53-ae26-4fd7-aa19-359b0ef6399f,Dates and time.md,"['Dates and time', 'Use shortened forms for units of time when space is limited']",684,729,415,#dates-and-time/use-shortened-forms-for-units-of-time-when-space-is-limited,,"## Use shortened forms for units of time when space is limited
It is usually better to spell out the units that measure time. This is particularly so in general content. Only use short forms if space is limited and the short forms are easy to identify correctly.
If you need to abbreviate time, use the following units as shortened forms:
* second – s
* minute – min
* hour – h
* day – d
* week – wk
* month – mo
* year – y or yr (Choose one and use it consistently in your document.)
The International System of Units – SI – is the international standard for measurement. The unit for second – symbol ‘s’ – is the SI base unit for time.
Other time measures are not SI units – but ‘min’, ‘h’ and ‘d’ are used with ‘s’ and recognised as legal units of measurement in Australia. They are listed in Schedules 1 and 2 of the National Measurement Regulations.
There are also commonly-used shortened forms for time measures – for example, ‘wk’ (week), ‘mo’ (month) and ‘yr’ or ‘y’ (year). These are not legal units of time, but are likely to be understood when used alongside other time units.
If your expression contains one time measure only, insert a non-breaking space between the number and unit.
Never add an ‘s’ to show a plural.
**Write this**
> 35 s
> 15 min
> 6 h
> 5 d
> 3 wk
> 8 mo
> 2 y or 2 yr
> \[There are non-breaking spaces between numbers and units. There is no ‘s’ to show plurals.]
**Not this**
> 35s
> 6hs
> 15mins
> 5d
> 3wks
> 8mo
> 2y or 2yr
> \[There are no non-breaking spaces between numbers and units. There is an ‘s’ after ‘min’, ‘hr’ and ‘wk’.]",Style Guide Content/Dates and time.md,22464,24033,
39c8b34d-6ab2-4a35-a1d7-6733b6779e49,Dates and time.md,"['Dates and time', 'Use shortened forms for units of time when space is limited']",730,730,35,#dates-and-time/use-shortened-forms-for-units-of-time-when-space-is-limited,,But don’t space a number and its unit when your expression contains more than one time measure. Use a non-breaking space between each time value instead.,Style Guide Content/Dates and time.md,0,0,
f090e501-5fea-4528-8c78-2a1ac646008e,Dates and time.md,"['Dates and time', 'Use shortened forms for units of time when space is limited']",732,749,162,#dates-and-time/use-shortened-forms-for-units-of-time-when-space-is-limited,,"Never add an ‘s’ to show a plural.
**Write this**
> 11min 12s
> 7h 8min 30s
> \[There is no space between a number and its unit. There is a non-breaking space between each time measure in the expression.]
**Not this**
> 11min12s \[There is no (non-breaking) space between ‘11min’ and ‘12s’.]
> 11 min 12 s \[There is a non-breaking space between ‘11’ and ‘min’, and between ‘12’ and ‘s’.]
> 7hs 8mins 30s \[There is an ‘s’ after ‘7h’ and ‘8min’.]
Data systems support specific (and usually several) shortened forms for units of time. For example, hours might be: h, hh, hr, hours, hrs. They might also be case-sensitive or case-insensitive. You will need to check system specifications.
---",Style Guide Content/Dates and time.md,24035,24725,
2d17d54b-274d-443c-a46c-a1dc1f8f0e05,Dates and time.md,"['Dates and time', 'Avoid using ‘bi’ to mean either 2 or twice']",750,769,104,#dates-and-time/avoid-using-bi-to-mean-either-2-or-twice,,"## Avoid using ‘bi’ to mean either 2 or twice
The prefix ‘bi’ can be confusing when used with expressions of time:
* ‘Bimonthly’ can mean either every 2 months or twice a month.
* ‘Biannual’ means twice a year.
* ‘Biennial’ means every 2 years.
Instead of using these words, be clear about the frequency and period of time you mean.
**Write this**
> We meet once every 2 years.
**Not this**
> We meet biennially.
---",Style Guide Content/Dates and time.md,24727,25143,
687adf1e-d7ce-41a9-8584-79934b942e32,Dates and time.md,"['Dates and time', 'How to combine dates and times']",770,810,378,#dates-and-time/how-to-combine-dates-and-times,,"## How to combine dates and times
There is no fixed rule about the order of dates and times when combining them in body text. You can choose whether the date or the time should come first. The order doesn’t matter as long as the information is clear and the sentence flows logically.
But make sure that:
* you follow the style rules for each element
* the time doesn’t come between the day and the date
* you use the same style consistently throughout your document.
**Write this**
> They will appear before the committee at 3 pm on Wednesday 7 August 2024.
> They will appear before the committee on Wednesday 7 August 2024 at 3 pm.
> \[There is a non-breaking space between ‘3’ and ‘pm’, no comma after ‘Wednesday’ and a non-breaking space between ‘7’ and ‘August’.]
**Not this**
> They will appear before the committee at Wednesday 3 pm on 7 August. \[The time appears between day and date.]
> They will appear before the committee on Wednesday, 7 August at 3 pm. \[There is a comma between day and date.]
### Combining dates and times when space is limited
Use the same approach to combine the date and time when you have limited space. This might be in a table, social media post, or in a display or presentation context (display text).
We always recommend using minimal punctuation, but exercise your judgement. A comma between the date and time can make information easier to scan if you haven't used a preposition like ‘at’ or ‘on’.
You can also use shortened forms for the date. Only do this if you are sure users will understand what you mean.
**Example**",Style Guide Content/Dates and time.md,25145,26710,
ecf727c0-4d00-4134-822a-9d73bfccab97,Dates and time.md,"['Dates and time', 'How to combine dates and times', 'Combining dates and times when space is limited']",801,814,76,#dates-and-time/how-to-combine-dates-and-times,,"> Lunch and Learn: Financial security in the 1980s
> Friday 1 March at 12 midday
> 3rd floor seminar room
>
> Lunch and Learn: Financial security in the 1980s
> 12 midday, Friday 1 March
> 3rd floor seminar room
>
> Content Meetup
> Tue 23 Apr at 4 pm
> All welcome!

---",Style Guide Content/Dates and time.md,0,5,
71ee1c82-d837-432f-9325-f6e1e953e5e4,Dates and time.md,"['Dates and time', 'Meet standards for data systems and information interchange']",815,861,402,#dates-and-time/meet-standards-for-data-systems-and-information-interchange,,"## Meet standards for data systems and information interchange
Follow international standards when writing dates and time:
* for international communication
* to transfer data between systems.
The International Organization for Standardization (ISO) develops and publishes the international standard for dates and time format – the ISO 8601 series.
Australia and New Zealand have adopted the international standard. The Australia – New Zealand standard is Date and time: representations for information interchange. It is published as the AS/NZS ISO 8601 series in 2 parts:
* Part 1: basic rules
* Part 2: extensions
You can purchase copies of ISO 8601 and AS/NZS ISO 8601 from Standards Australia.
### Standards are voluntary
International and Australian – New Zealand standards on dates and time are voluntary.
The standards ensure that data systems and humans can exchange date and time information internationally and across time zones in a recognised format.
A description of all the dates and times standards is beyond the scope of the Style Manual.
We cover these standards from Part 1: basic rules:
* calendar date
* ordinal date
* local time of day
* combined calendar date and local time of day.
We don’t cover Part 2: extensions.
### Basic and extended formats
There are 2 format options for each standard: ‘basic format’ and ‘extended format’.
Basic format does not have separators between units of dates and time. Avoid using basic format in body text. It is easy for computers to read but harder for humans.
Extended format is also for computers, but it includes separators between units to make it easier for humans to read.
We show both formats in our examples.
#### Calendar date
The standard sets out a descending order of year (4 digits), month (2 digits) and day (2 digits) for a complete representation of calendar date.",Style Guide Content/Dates and time.md,26712,28553,
82bf7211-a221-4004-8530-1199c1cc6884,Dates and time.md,"['Dates and time', 'Meet standards for data systems and information interchange', 'Basic and extended formats', 'Calendar date']",862,862,19,#dates-and-time/meet-standards-for-data-systems-and-information-interchange,,The numbers can be unspaced (basic format) or separated by a hyphen (extended format).,Style Guide Content/Dates and time.md,0,0,
c3b50ffa-dee0-463a-9d13-c1ccc05fc231,Dates and time.md,"['Dates and time', 'Meet standards for data systems and information interchange', 'Basic and extended formats', 'Calendar date']",864,912,394,#dates-and-time/meet-standards-for-data-systems-and-information-interchange,,"**Example**
> 20201207 \[Calendar date, basic format]
>
> 2020-12-07 \[Calendar date, extended format]
ISO format is becoming more common, especially in software.
#### Ordinal date
Ordinal dates are often used when transferring data between data systems. This is because they are easy for simple systems to read.
Ordinal dates are not the same as ordinal numbers.
Ordinal dates have 7 digits:
* The first 4 digits represent the year.
* The next 3 digits represent the day.
This is the ISO standard. Some older systems might use 2 digits for the year, not 4.
Days are numbered from 1 to 365 (366 for a leap year). For example, 20 September is the 263rd day of the year (264th in a leap year) and its 3 digits are 263.
The ordinal date can be unspaced (basic format) or separated by a hyphen (extended format).
If you use dates in electronic data transfer, use basic format and don’t separate the numbers.
If people, rather than a computer, will read the information, use extended format and insert a hyphen between the year and day.
**Example**
> Write 7 January 2023 as:
>
> 2023007 \[The 4-digit form for the year, basic format]
> 23007 \[The 2-digit form for the year, basic format].
>
> Write 31 July 2020 as:
>
> 2020-213 \[The 4-digit form for the (leap) year, extended format]
> 20-213 \[The 2-digit form for the (leap) year, extended format].
#### Local time of day
The standard for a complete representation of local time of day starts with the letter ‘T’ followed by 2-digit numbers for the hour, minute and second.
The numbers can be unspaced (basic format) or separated by a colon (extended format).
You can omit the ‘T’ if there’s no possibility of confusion.",Style Guide Content/Dates and time.md,28555,30226,
ca41516c-e2ab-47e5-8f38-08e594421963,Dates and time.md,"['Dates and time', 'Meet standards for data systems and information interchange', 'Basic and extended formats', 'Local time of day']",913,913,59,#dates-and-time/meet-standards-for-data-systems-and-information-interchange,,"A ‘reduced precision’ time of 15 minutes after 7 pm in basic format – ‘1915’ – can easily be confused with the calendar year 1915. In these cases, it is better to write time of day as T1915 (basic format) or 19:15 (extended format).",Style Guide Content/Dates and time.md,0,0,
486ad4f1-3ca4-4139-bb6c-2c21e788be2d,Dates and time.md,"['Dates and time', 'Meet standards for data systems and information interchange', 'Basic and extended formats', 'Local time of day']",915,938,217,#dates-and-time/meet-standards-for-data-systems-and-information-interchange,,"> Note: The format for local time of day doesn’t allow for daylight saving. The format showing daylight saving includes the time shift between local time and Coordinated Universal Time. This is beyond the scope of the Style Manual.
**Example**
> 153020 \[Local time of day, basic format – 15h 30m 20s, that is 20 seconds after 3:30 pm]
> 15:30:20 \[Local time of day, extended format]
#### Combined date and local time of day
Combine date and local time of day using the style standards set out above.
Always use the letter ‘T’ between the date and time.
The basic format for international communication is unspaced. The extended format uses hyphens for the date and colons for the time of day.
**Example**
> 20230811T121505 \[Basic format – 11 August 2023 at 15 minutes and 5 seconds after midday.]
> 2023-08-11T12:15:05 \[Extended format]
> 2023223T121505 \[Ordinal date, basic format – same date and time as above]
> 2023-223T12:15:05 \[Ordinal date, extended format]
---",Style Guide Content/Dates and time.md,30228,31202,
569c182b-5e41-4e47-a221-4cfa24d98830,Dates and time.md,"['Dates and time', 'Insert a non-breaking space correctly']",939,948,48,#dates-and-time/insert-a-non-breaking-space-correctly,,"## Insert a non-breaking space correctly
You can insert a non-breaking space using the Unicode character U+00A0.
In HTML, use the entity `&nbsp;` to insert a non-breaking space.
The keyboard shortcut in Word is Ctrl+Shift+Spacebar.
---",Style Guide Content/Dates and time.md,31204,31439,
43dcc004-7ea8-4e54-b591-d6d1f6585563,Dates and time.md,"['Dates and time', 'Release notes']",949,973,370,#dates-and-time/release-notes,,"## Release notes
The digital edition adds new content including rules and examples for:
* date spans
* time spans and lengths
* shortened forms
* Coordinated Universal Time
* combined dates and times.
There is expanded guidance on standards for data systems and information interchange.
The digital edition changes the punctuation used with expressions of dates and time. There are no full stops for shortened forms of months and days of the week. This is consistent with the new general rule for abbreviations.
Unlike the sixth edition, but consistent with the Content Guide, the digital edition recommends using a colon rather than a full stop when expressing times.
The Latin shortened forms, ‘am’ and ‘pm’ do not have punctuation. This is consistent with the sixth edition and the Content Guide.
Consistent with the Content Guide, the digital edition recommends specifying noon or midnight for 12 o’clock (instead of using ‘am’ or ‘pm’).
The recommendation to express a date span using a phrase, rather than an en dash, aligns with the Content Guide.
Like the sixth edition, the digital edition recommends the use of non-breaking spaces between the day and month in dates. It differs from the sixth edition by recommending the use of a numeral with centuries. The digital edition recommends 2 acceptable styles for references to the world wars, while the sixth edition does not have an explicit rule.
The Content Guide illustrated guidance, but did not have explicit advice, on the use of spacing for dates and time. The use of a space between time and ‘am’ or ‘pm’ is consistent with the sixth edition, but a departure from examples given in the Content Guide.",Style Guide Content/Dates and time.md,31441,33106,
062a83ac-b254-460c-a5b2-5dac62dbbf60,Delegated legislation.md,['Delegated legislation'],1,6,36,#delegated-legislation,,"# Delegated legislation
Follow the correct style to cite delegated legislation made under the authority of an Act. This will help people find the source material.
---",Style Guide Content/Delegated legislation.md,0,166,
5d5db4d0-fb7a-4762-9e41-341976fe17a4,Delegated legislation.md,"['Delegated legislation', 'Guidance']",7,52,402,#delegated-legislation/guidance,,"## Guidance
### Delegated legislation comes in many forms
Delegated legislation is made under the authority of an Act, not by the Act directly. For example, parliament may delegate this authority to a minister, statutory bodies or office holders.
Regulations are the most common type of delegated legislation. There are many others, including:
- determinations  
- ordinances  
- proclamations  
- orders  
- rules  
- by-laws  
- standards  
- principles.
Some jurisdictions refer to delegated legislation as *subordinate legislation*, *subsidiary legislation* or *statutory rules*.
Some, but not all, types of delegated legislation are legislative instruments. *Legislative instrument* is defined in section 8 of the *Legislation Act 2003*. All legislative instruments are registered on the Legislation Register. Regulations are legislative instruments.
The Legislation Register also contains notifiable instruments. These are not legislative, but are notices about legal matters of interest to the public. An example is the *Order to Call Out the Australian Defence Force Reserves [No. 2]*, made during Australia’s bushfire crisis in 2020.
---
### Style for regulations titles is roman type, title case
Use title case (maximal capitalisation) and roman type for the titles of regulations.
Always capitalise ‘Regulations’ or ‘Regulation’ when you write the title of regulations and refer to particular regulations.
Cite the title exactly without altering the spelling. The year forms part of the title. There is no comma between title and year.
**Example**
> The *Ombudsman Regulations 2017* is an instrument made under the *Ombudsman Act 1976*. These Regulations …  
> *Superannuation Industry Supervision Regulations 1994* (Cth)  
> *Workers’ Compensation and Injury Management Regulations 1982* (WA)
---
### The basic unit of regulations is a regulation (reg)
Regulations are compilations made up of individual regulations. Each regulation might be divided into subregulations.
Use lower case when citing an individual regulation or subregulation, unless they begin a sentence.",Style Guide Content/Delegated legislation.md,168,2250,
78deac9f-988b-4c90-8db1-9483f6b8fcfb,Delegated legislation.md,"['Delegated legislation', 'Guidance', 'The basic unit of regulations is a regulation (reg)']",53,53,29,#delegated-legislation/guidance,,Some titles are singular so check to make sure you write the title correctly. A singular regulation still contains regulations and subregulations.,Style Guide Content/Delegated legislation.md,0,0,
88162fe8-82dc-4202-902f-ae906a0ef80a,Delegated legislation.md,"['Delegated legislation', 'Guidance', 'The basic unit of regulations is a regulation (reg)']",55,108,420,#delegated-legislation/guidance,,"**Example**
> … pursuant to regulation 58 of *Defence Regulation 2016*. [Note the full title of the Regulation is singular]  
> Regulation 4A and subregulation 4AA(2) of the *Customs (Prohibited Imports) Regulations 1956*. [Note the full title of the Regulations is plural.]  
> The Regulations deal with the importation of plastic explosives into Australia (regulation 4AA).
The shortened forms of regulations and subregulations are:
- reg  
- regs  
- subreg  
- subregs
**Example**
> An authorised officer under the *Water Act 2007* will be issued with an identity card … The associated regulations specify other mandatory features of the card, including the Commonwealth Coat of Arms (*Water Regulations 2008*, reg 10.1).
Regulations receive a unique identifier when registered on the Legislation Register – for example, F2019C00400 (*Ombudsman Regulations 2017*). You can use the identifier to search for regulations or to point users to earlier superseded regulations.
**Example**
> … the licence variations prescribed in the *Water Amendment Regulation 2012 (No. 1)* (F2012L01015).
---
### Other delegated legislation follows title case, no italics
Style for all other titles of delegated legislation is the same as for regulations.
Use roman type and title case for citations that give the full title.
Use an initial capital for a reference to a specific instrument. Use lower case for generic references.
---
#### Determinations
Use the long form ‘Determination’ for in-text citations and notes.
**Example**
> *Remuneration Tribunal (Members of Parliament) Determination No. 2 2019*, Part 6  
> *Financial Management Determination 2019* (Tas)
Use a capital ‘D’ when you refer to a particular determination or to determinations.
Use a lower case ‘d’ when you write about generic determinations.
**Example**
> Under section 10 of the *Australian Passports Determination 2015*. This Determination ...  
> The Act allows benefits to be varied by determination of the Remuneration Tribunal.
---
#### Orders
Use the long forms ‘Order’ and ‘Orders’ for in-text citations and notes.",Style Guide Content/Delegated legislation.md,2252,4335,
84107404-83e6-49c9-b94c-aa9364220239,Delegated legislation.md,"['Delegated legislation', 'Guidance', 'Other delegated legislation follows title case, no italics', 'Orders']",109,109,1,#delegated-legislation/guidance,,**Example**,Style Guide Content/Delegated legislation.md,0,0,
4b493796-8aee-4a69-979b-f2c373544f99,Delegated legislation.md,"['Delegated legislation', 'Guidance', 'Other delegated legislation follows title case, no italics', 'Orders']",110,165,391,#delegated-legislation/guidance,,"> *Marine Order 44 (Safe Containers) 2019*, subsection 6(1)
Use a capital ‘O’ when you refer to a particular order or to orders.
Use a lower case ‘o’ when you write about generic orders.
**Example**
> The calculation methods for associate deferred pension annual rates are prescribed by the *Judges’ Pensions Order 2013*, section 8. The Order … [A specific reference]  
> In Australia, exports are regulated through legislation, regulations and orders. [A generic reference]
---
#### Ordinances
Use the long forms ‘Ordinance’ and ‘Ordinances’ for in-text citations and notes.
**Example**
> *Administration Ordinance 1990* (Jervis Bay Territory), section 3A
Use a capital ‘O’ when you refer to a particular ordinance.
Use a lower case ‘o’ when you write about generic ordinances.
**Example**
> … the *Norfolk Island Administrator Ordinance 2016*. The Ordinance …  
> The Governor-General has the power to make ordinances for the peace, order and good government of the Jervis Bay Territory.
Acts in the Northern Territory and the Australian Capital Territory were known as ordinances until self-government.
---
#### Rules
A rule is made by judges or legislation setting out how a court will conduct its proceedings.
Don’t use ‘rule’ and ‘ruling’ interchangeably. They are different things. Rulings are authoritative decisions made by a court or similar body about matters before them.
Use a capital ‘R’ when you refer to a particular rule or rules.
Use a lower case ‘r’ when you write about generic rules.
**Example**
> … *High Court Rules 2004*. The Rules …  
> The Minister has the power to make rules under the *National Land (Road Transport) Ordinance 2014*.
Units for rules are ‘rules’ and ‘subrules’.
Use lower case for their shortened forms:
- r (rule)  
- subr (subrule)  
- rr (rules)  
- subrr (subrules)
**Example**",Style Guide Content/Delegated legislation.md,4337,6162,
d0acfdd2-b4e5-4d0a-972d-d082915ac652,Delegated legislation.md,"['Delegated legislation', 'Guidance', 'Other delegated legislation follows title case, no italics', 'Rules']",165,169,92,#delegated-legislation/guidance,,"> Sittings of a Full Court are held at places and on days fixed by rule of Court or as appointed by the Chief Justice (*High Court Rules 2004*, rr 6.04.1 and 6.04.2).  
> If an appeal relates to a private ruling by the ATO Commissioner, the sealed copy of the notice of appeal must be served within 6 days after filing (*Federal Court Rules 2011*, r 33.03.5).

---",Style Guide Content/Delegated legislation.md,0,5,
2d4614a5-ace5-4bb6-8d8b-d97cda5bcefc,Delegated legislation.md,"['Delegated legislation', 'Release notes']",170,178,162,#delegated-legislation/release-notes,,"## Release notes
The digital edition has considerable advice on how to cite legal material. It includes new material on Commonwealth tribunals and Australian Tax Office rulings. It expands on sixth edition information on treaties.
The digital edition departs from sixth edition guidance about the capitalisation, punctuation and italicisation of citation elements for some legal material. The current edition also recommends the contraction ‘Cth’ rather than ‘Cwlth’.
These departures are informed by legal material and general publications from Australian courts, government agencies working in the legislative context and academic sources. The digital edition style is for general, rather than specialist, legal content.
The *Content Guide* briefly mentioned legislation in relation to capitalisation. There was no detailed guidance about how to cite legislation.",Style Guide Content/Delegated legislation.md,6164,7029,
95298492-7778-45af-8fc1-b9aa999d4909,Determiners.md,['Determiners'],1,6,25,#determiners,,"# Determiners
Determiners always go with a noun. They tell people something specific or general about the noun.
---",Style Guide Content/Determiners.md,0,115,
93a84dba-0b00-412d-a5d3-f4407357e6f7,Determiners.md,"['Determiners', 'Guidance']",7,16,53,#determiners/guidance,,"## Guidance
- Determiners are ‘articles’ that go with nouns  
- Definite articles refer to a specific thing or things  
- Indefinite articles let you make generalisations  
- Pronouns can function as determiners  
- Numbers can function as determiners
---",Style Guide Content/Determiners.md,117,372,
5bf74779-34c6-4b4d-b4b8-f110fcaa853c,Determiners.md,"['Determiners', 'Determiners are ‘articles’ that go with nouns']",17,34,117,#determiners/determiners-are-articles-that-go-with-nouns,,"## Determiners are ‘articles’ that go with nouns
Determiners introduce a noun or a noun phrase. Determiners give more information about the noun they are introducing. They are also called ‘articles’.
They show users:
- which things you are referring to  
- whether you are referring to specific or to generic things and ideas  
- how many things there are.
Determiners include:
- articles such as ‘a’, ‘an’ or ‘the’  
- pronouns such as ‘those’, ‘my’ or ‘some’  
- numbers such as ‘2’, ‘14’ or ‘23 million’.
---",Style Guide Content/Determiners.md,374,885,
080d9879-87b4-45b1-a2a5-8ccbb7008084,Determiners.md,"['Determiners', 'Definite articles refer to a specific thing or things']",35,56,137,#determiners/definite-articles-refer-to-a-specific-thing-or-things,,"## Definite articles refer to a specific thing or things
The word **‘the’** is the *definite article*. It defines which specific thing you are referring to.
**Example**
> They finished the report on time and on budget.  
> [This sentence refers to a specific report.]
You can use ‘the’ for a group of things, but only if you refer to a specific group.
**Example**
> The employees were on time for the meeting.  
> [Specific employees were on time.]
Don’t use ‘the’ when you make a generalisation.
**Example**
> People work in offices.  
> [This is a generalisation about people and offices.]
---",Style Guide Content/Determiners.md,887,1482,
19d61bb0-dd9f-4a5e-9096-2de17a55df9d,Determiners.md,"['Determiners', 'Indefinite articles let you make generalisations']",57,95,326,#determiners/indefinite-articles-let-you-make-generalisations,,"## Indefinite articles let you make generalisations
The words **‘a’** and **‘an’** are *indefinite articles*. Use them when you are referring to a generic thing or idea rather than a specific one.
**Example**
> A school should teach a child how to read and write.  
> [This could be any school and any child.]
> An EL2 usually supervises several staff.  
> [This could be any EL2.]
Choose **‘a’** or **‘an’** according to the sound of the word after it:
- Use ‘a’ if the following word starts with a consonant sound.  
- Use ‘an’ if the following word starts with a vowel sound.
The same rule applies to shortened words and phrases (*abbreviations, acronyms and initialisms, and contractions*).
Some vowels have a hidden ‘y’ consonant sound at the beginning. For example, you would read ‘universal’ as **yew-nee-ver-sahl**.
Say the noun out loud. If it starts with the hidden ‘y’ sound, use **a**.
**Example**
> It was an error.  
> [The ‘e’ sound in ‘error’ is a vowel.]
> It was a cold office.  
> [The ‘c’ sound in ‘cold’ is a consonant.]
> The job required a university degree.  
> [The ‘u’ sound in ‘university’ sounds like the consonant ‘y’.]
For words that start with **‘h’**:
- Use ‘an’ only before words that start with a silent ‘h’, such as *honour* or *hour*.  
- Use ‘a’ for all other words starting with ‘h’, such as *historian* or *hotel*, when the ‘h’ is spoken.
---",Style Guide Content/Determiners.md,1484,2865,
5cbf87bb-9109-4059-afaa-0fa3e66a60bf,Determiners.md,"['Determiners', 'Pronouns can function as determiners']",96,115,122,#determiners/pronouns-can-function-as-determiners,,"## Pronouns can function as determiners
Some pronouns introduce nouns, so they work as determiners. Examples of these pronouns are **any**, **some**, **this**, **that**, **these**, **those**, **my**, **your**, **his**, **her**.
Pronouns, working as determiners, can show which noun you are referring to.
**Example**
> Write some instructions.  
> Those meetings were long but fruitful.  
> Give it your best shot.
Pronouns can also quantify the noun.
**Example**
> Every public servant knows the code of conduct.  
> Most reports are well written.  
> Few people have time to fill out forms.
---",Style Guide Content/Determiners.md,2867,3462,
dca9d3d7-73fa-40ce-ac85-b4ccb94aa366,Determiners.md,"['Determiners', 'Numbers can function as determiners']",116,126,64,#determiners/numbers-can-function-as-determiners,,"## Numbers can function as determiners
Numbers work as determiners because they give information about how many nouns they are introducing.
**Example**
> They had 2 meetings.  
> This is my second cup of coffee for the day.  
> This month, the minister delivered 3 keynote addresses.
---",Style Guide Content/Determiners.md,3464,3751,
b2737d2f-d276-4c49-a9c1-c548d9ca95dc,Determiners.md,"['Determiners', 'Release notes']",127,135,121,#determiners/release-notes,,"## Release notes
The digital edition relates grammatical concepts to the principles of plain language. It relates word choice to grammatical information about types of words.
It provides an overview on types of words to introduce grammatical concepts about parts of speech and how they relate to sentence structure.
The sixth edition called types of words *‘word classes’*. It had summary information about parts of speech on pages 68 to 70. This formed part of Chapter 5 on grammar.
The *Content Guide* did not have any in-depth information on grammatical concepts.",Style Guide Content/Determiners.md,3753,4319,
9ef9cb8c-7fe3-4b5c-b413-c56f3044cd65,Diplomats.md,['Diplomats'],1,6,24,#diplomats,,"# Diplomats
Use the correct term when referring to ambassadors, high commissioners, nuncios and other diplomatic staff.
---",Style Guide Content/Diplomats.md,0,123,
61bbfc2b-00da-4c8f-a7ca-63852e9acfb8,Diplomats.md,"['Diplomats', 'Guidance']",7,18,61,#diplomats/guidance,,"## Guidance
### Use the correct term when referring to diplomats
The title for diplomats depends on what they represent:
- **High commissioners** represent Commonwealth countries.  
- **Ambassadors** represent non-Commonwealth countries.  
- **Nuncios** represent the Holy See, the governing body of the Roman Catholic Church.
---",Style Guide Content/Diplomats.md,125,455,
90c932ca-cbc9-4606-9e57-2e53fe0eb16b,Diplomats.md,"['Diplomats', 'Use initial capitals for the titles of high commissioners, ambassadors and nuncios']",19,29,72,#diplomats/use-initial-capitals-for-the-titles-of-high-commissioners-ambassadors-and-nuncios,,"## Use initial capitals for the titles of high commissioners, ambassadors and nuncios
Use initial capitals when writing to ambassadors, high commissioners and nuncios.
**Example**
> His Excellency Mr Babar Amin, High Commissioner for Pakistan
The pronouns **‘His’** and **‘Her’** are part of the title. Write these with an initial capital as well.
---",Style Guide Content/Diplomats.md,457,808,
ff613a16-e3ac-43f4-86b8-8e1ec21d8748,Diplomats.md,"['Diplomats', 'Address high commissioners, ambassadors and nuncios with ‘His Excellency’ or ‘Her Excellency’']",30,41,98,#diplomats/address-high-commissioners-ambassadors-and-nuncios-with-his-excellency-or-her-excellency,,"## Address high commissioners, ambassadors and nuncios with ‘His Excellency’ or ‘Her Excellency’
Use **‘His Excellency’** or **‘Her Excellency’** to address high commissioners, ambassadors and nuncios.
**Example**
> Her Excellency the Hon Dame Annette Faye King, High Commissioner for New Zealand  
> Her Excellency Ms Francesca Tardioli, Ambassador of Italy  
> His Excellency Mr Tim Kane, Ambassador to Brazil  
> His Excellency Archbishop (Most Rev) Adolfo Tito Yllana, Apostolic Nuncio for Holy See
---",Style Guide Content/Diplomats.md,810,1316,
a1ba9795-9c82-4006-8a9a-ee9e6b699bac,Diplomats.md,"['Diplomats', 'Emails and letters to ambassadors, high commissioners and nuncios']",42,55,63,#diplomats/emails-and-letters-to-ambassadors-high-commissioners-and-nuncios,,"## Emails and letters to ambassadors, high commissioners and nuncios
In **formal correspondence** with ambassadors, high commissioners and nuncios:
- Open with **‘Your Excellency’**.  
- Conclude with **‘Yours faithfully’**.
In **informal correspondence**:
- Open with **‘Dear High Commissioner’** or **‘Dear Ambassador’**.  
- Conclude with **‘Yours sincerely’**.
---",Style Guide Content/Diplomats.md,1318,1686,
a1410cab-7ccf-43b1-90d0-9780c2d4d88a,Diplomats.md,"['Diplomats', 'Address other diplomatic staff by name and appointment']",56,68,70,#diplomats/address-other-diplomatic-staff-by-name-and-appointment,,"## Address other diplomatic staff by name and appointment
Use the name and official position to address:
- diplomatic staff (such as chargés d’affaires and counsellors)  
- consular appointees (such as consuls general, vice-consuls and honorary consuls).
**Example**
> Mr John Smith, Chargé d’Affaires  
> Ms Susan Grace, Consul General in Chennai
---",Style Guide Content/Diplomats.md,1688,2039,
fb754a17-de54-41f2-8c8f-bb4e3e298cfe,Diplomats.md,"['Diplomats', 'Release notes']",69,73,43,#diplomats/release-notes,,"## Release notes
The digital edition consolidates information from the sixth edition and provides updated examples.
The *Content Guide* did not have specific information about titles and forms of address for diplomats.",Style Guide Content/Diplomats.md,2041,2259,
08ff2cb2-25d7-49b2-ab5c-d0d3817ac331,Editing and proofreading.md,['Editing and proofreading'],1,6,24,#editing-and-proofreading,,"# Editing and proofreading
Editing and proofreading help ensure consistency so content meets user needs and expectations.
---",Style Guide Content/Editing and proofreading.md,0,125,
6a993158-1332-43f2-96af-25bb363512ef,Editing and proofreading.md,"['Editing and proofreading', 'Guidance']",7,15,43,#editing-and-proofreading/guidance,,"## Guidance
- Editing is integral to clear content  
- Types of editing (levels)  
- A style sheet is a useful tool  
- Australian standards set out specialist skills and know-how
---",Style Guide Content/Editing and proofreading.md,127,310,
2fa09604-0962-4574-a68a-3084f464cdbb,Editing and proofreading.md,"['Editing and proofreading', 'Editing is integral to clear content']",16,64,318,#editing-and-proofreading/editing-is-integral-to-clear-content,,"## Editing is integral to clear content
Editing is part of the work of any team that creates and publishes content. Editing helps content meet user and business needs by ensuring it is:
- appropriate for the audience  
- easily understood  
- free from errors, consistent and complete.
### Digital Service Standard requirements
You must make sure content is clear, accurate and consistent to meet the Digital Service Standard:
- **Criterion 6.** Consistent and responsive design  
- **Criterion 9.** Make it accessible
### Accessibility requirements
**User needs:**
- I can understand any information contained in an image.  
- I can access equivalent information to anything contained in a video or audio file.  
- I can change the content's presentation without losing information or structure.  
- I can find and navigate the content and determine where I am on the webpage.  
- I can avoid making any mistakes with my inputs, and correct any that I might make.
**Fundamentals:**
- You must make sure content is consistent, has a clear structure and is error free to make it accessible for all users.  
- Make sure content uses plain language. This helps all users and is essential for some. Avoid (or explain) unusual words, phrases and idioms. Expand all acronyms on their first use.  
- Make sure other content elements, including captions, transcripts, alt text, link text, headings and instructions are accessible to all users.
**Web Content Accessibility Guidelines success criteria:**",Style Guide Content/Editing and proofreading.md,312,1806,
fd9692c3-46d6-4290-8109-9b21fa552bdb,Editing and proofreading.md,"['Editing and proofreading', 'Editing is integral to clear content', 'Accessibility requirements']",49,68,170,#editing-and-proofreading/editing-is-integral-to-clear-content,,"- 1.1.1 Non-text content – level A  
- 1.2.2 Captions (prerecorded) – level A  
- 1.2.3 Audio description or media alternative (prerecorded) – level A  
- 1.3.1 Info and relationships – level A  
- 1.3.2 Meaningful sequence – level A  
- 1.3.3 Sensory characteristics – level A  
- 2.4.2 Page titled – level A  
- 2.5.3 Label in name – level A  
- 3.3.2 Labels or instructions – level A  
- 2.4.6 Headings and labels – level AA  
- 3.3.3 Error suggestion – level AA  
- 2.4.9 Link purpose (link only) – level AAA  
- 2.4.10 Section headings – level AAA  
- 3.1.5 Reading level – level AAA  
- 3.1.3 Unusual words – level AAA  
- 3.1.4 Abbreviations – level AAA  
- 3.3.5 Help – level AAA

---",Style Guide Content/Editing and proofreading.md,0,5,
1c00e4d2-f524-4768-8316-1f76b08e6a45,Editing and proofreading.md,"['Editing and proofreading', 'Types of editing (levels)']",69,104,416,#editing-and-proofreading/types-of-editing-levels,,"## Types of editing (levels)
There are different levels of editing. Each involves specific tasks that happen at certain stages in content development. The aim in any level of edit is to meet user needs and make sure content is fit for purpose.
### Substantive editing focuses on content, style, structure and meaning
The substantive edit reviews structural and textual elements when the draft content is complete.
Substantive editing shapes text to make meaning clear. It also improves the structure, usability, language and presentation of the content. It is sometimes called a structural edit.
Before starting, agree on the scope of the substantive edit in the team.
The substantive edit can:
- conduct a plain English review to check sentence length, replace complex words with simpler alternatives and remove jargon  
- check the design of the content to make sure it is the best possible format  
- reorganise content to improve the flow of information and navigation  
- identify gaps in the content or any information that can be removed  
- reword content to make it easier to understand and to achieve consistent voice and tone  
- check compliance with specific government requirements.
The style sheet is updated through a substantive edit to record any decisions that can inform a copyedit.
#### Substantive editing is not rewriting or fact-checking
Substantive editing does not:
- write a significant amount of new content (but it can include advice to add more content)  
- substantially rewrite to shorten text (but it can involve advice to delete content)  
- choose the right typeface or apply formatting styles (but can include checking bolded, italicised and underlined font)  
- fact-check, such as checking names of people and places, dates, citations, quotes or links to external content.
An editor can rewrite or fact-check content, but these are separate tasks to substantive editing. They should happen before any editing begins.
---",Style Guide Content/Editing and proofreading.md,1808,3766,
71a6c932-c905-4698-899a-85d658df84e2,Editing and proofreading.md,"['Editing and proofreading', 'Types of editing (levels)', 'Copyediting focuses on consistency and accuracy']",105,105,9,#editing-and-proofreading/types-of-editing-levels,,### Copyediting focuses on consistency and accuracy,Style Guide Content/Editing and proofreading.md,0,0,
989b4421-8a8d-44d8-ac2c-c033da282829,Editing and proofreading.md,"['Editing and proofreading', 'Types of editing (levels)', 'Copyediting focuses on consistency and accuracy']",107,155,418,#editing-and-proofreading/types-of-editing-levels,,"Copyediting happens once the content is settled, for example, after the substantive edit. A copyedit shows whether content is consistent, accurate and complete.
Before starting, agree on the scope of the copyedit within the team. An editor might identify substantive issues with the content during the copyedit. The team should decide how it will address those issues.
If there is any more substantive editing or rewriting after the copyedit, the content will need to be copyedited again.
During copyediting, an editor:
- corrects issues with language in line with the style sheet  
- aligns the style of references and citations with agreed referencing style  
- comments on inconsistencies in voice and tone.
A copyedit also checks for issues or inconsistencies with:
- design, layout and function  
- illustrations, tables, headings, sequences, internal links and other elements.
The style sheet is updated during a copyedit to record style decisions.
#### Copyediting is not substantive editing or rewriting
Copyediting does not:
- restructure content (other than to make sentences clear and grammatically correct)  
- write new content or shorten text  
- rewrite text to unify voice or edit for plain English (other than to deal with isolated issues)  
- format or design text  
- fact-check  
- check external links embedded in the content (other than a spot check in case there are systemic issues).
---
### Proofreading is about quality control
Proofreading is a quality-assurance process. It happens after the copyedit. It is a final check on visual and textual elements.
A proofread confirms that the content:
- is correct  
- is complete  
- meets the organisation’s requirements to publish.
Proofreading gives assurance:
- the content is ready to ‘go live’  
- the printing press can start running.
Proofreading compares the content that is about to go live or to print with a master copy. The master copy is the current copy of the approved text.",Style Guide Content/Editing and proofreading.md,3768,5728,
a9098159-d9f6-4754-8cfc-7d37c77a0a26,Editing and proofreading.md,"['Editing and proofreading', 'Types of editing (levels)', 'Proofreading is about quality control']",156,156,20,#editing-and-proofreading/types-of-editing-levels,,The master copy should be error-free so the proofreader can check for any introduced errors.,Style Guide Content/Editing and proofreading.md,0,0,
5f9d2301-35cc-4055-929e-4bbb98f61f7a,Editing and proofreading.md,"['Editing and proofreading', 'Types of editing (levels)', 'Proofreading is about quality control']",158,199,418,#editing-and-proofreading/types-of-editing-levels,,"A proofread compares the master copy with:
- the publishing platform  
- the design proof from the designer  
- a printer’s proof from the printer.
The proofread makes sure nothing gets changed or missed in any of these steps.
The style sheet is a critical tool for this task, even though proofreading is not editing. (What many people call ‘proofreading’ is what editors call ‘copyediting’.) The style sheet ensures proofreaders’ work follows earlier style decisions.
Proofreaders do not make changes to content. Proofreaders query issues such as:
- content that is different to the master copy, including changes, introduced errors and missing content  
- missing or incorrectly placed elements such as links, page numbers, table headings and captions  
- design elements like typefaces, heading styles and hierarchies, page breaks and spacing  
- obvious errors in spelling or grammar, checked against the style sheet  
- anything that goes against the decisions in the style sheet.
The proofreader’s queries go to whoever is responsible for resolving particular issues.
There can be several rounds of proofreading until no errors remain. Each time proofing corrections are made, the proofreader should check the content again. Each check ensures there are no flow-on errors to the text, layout or design.
‘Blind proofreading’ is when there is no master copy. This requires an experienced proofreader, because there is no authorised version to compare against.
#### Proofreading is not editing
Proofreading is not editing and it is not a substitute for copyediting.
Proofreading does not include checking:
- for inconsistent language, spelling or grammar  
- non-textual elements, such as the content of tables or illustrations.
Proofreaders notice issues and query them. Proofreading is not a chance to have another round of editing, add more content, or add new functions to content.
---
### Proofreading is better with 2 people
Proofreaders are most effective when working in teams of 2. The team is:",Style Guide Content/Editing and proofreading.md,5730,7736,
acf40135-a3e7-4f65-a3a2-5c36410d403a,Editing and proofreading.md,"['Editing and proofreading', 'Types of editing (levels)', 'Proofreading is better with 2 people']",199,209,69,#editing-and-proofreading/types-of-editing-levels,,"- a copyholder, who reads aloud from the master copy  
- a reader, who checks the final version for changes and errors and marks up the content.

This approach is especially helpful when checking complex, data-rich content, such as:
- mathematical or scientific content  
- annual reports  
- long financial tables.
---",Style Guide Content/Editing and proofreading.md,0,175,
1fc1010c-6c2b-4b27-bdef-cec633eae953,Editing and proofreading.md,"['Editing and proofreading', 'A style sheet is a useful tool']",210,234,196,#editing-and-proofreading/a-style-sheet-is-a-useful-tool,,"## A style sheet is a useful tool
The style sheet is a living record and a tool for communicating decisions in the content team. It helps to ensure quality and consistency.
A style sheet includes decisions about:
- the dictionary you follow  
- any spelling variations  
- any variations you are making from this manual or your organisation’s style guide.
It can also include any style decisions informed by user research on user needs and accessibility.
An editor adds to the style sheet as they edit, including elements such as:
- spelling  
- capitalisation  
- grammar  
- punctuation.
The updates ensure the style sheet records all decisions. Updates remove the need to repeat the decision-making process on any aspect of the content.
Keeping a style sheet up to date means all team members can use the same style, making the content as consistent as possible.
---",Style Guide Content/Editing and proofreading.md,7738,8607,
a0bf676e-d85d-4d79-83f6-d566739b4e22,Editing and proofreading.md,"['Editing and proofreading', 'Australian standards set out specialist skills and know-how']",235,240,69,#editing-and-proofreading/australian-standards-set-out-specialist-skills-and-know-how,,"## Australian standards set out specialist skills and know-how
The Institute of Professional Editors (IPEd), in consultation with all Australian editing societies, has developed the **IPEd standards for editing practice**. This resource sets out the core standards that professional editors should meet. It is the foundation for IPEd’s national accreditation scheme.
---",Style Guide Content/Editing and proofreading.md,8609,8979,
cf098e8c-653c-45e4-a5de-c00ef864678d,Editing and proofreading.md,"['Editing and proofreading', 'Release notes']",241,247,73,#editing-and-proofreading/release-notes,,"## Release notes
The digital edition provides an overview of editing and proofreading. It does not provide short-hand markup for proofreading, as the focus is on the digital environment.
The sixth edition had a chapter on editing and proofreading that focused more on print.
The *Content Guide* did not include information about editing and proofreading.",Style Guide Content/Editing and proofreading.md,8981,9335,
b1a8983f-00f3-4fae-88ff-e929a78dc4ea,Ellipses.md,['Ellipses'],1,6,39,#ellipses,,"# Ellipses
Ellipses show users that ideas or words are missing from a sentence or a quote. Don’t use ellipses to change the intent of the original source.
---",Style Guide Content/Ellipses.md,0,158,
a72f8eee-c27c-4089-a24d-72ba32149cca,Ellipses.md,"['Ellipses', 'Guidance']",7,15,45,#ellipses/guidance,,"## Guidance
- Show missing words or ideas with ellipses  
- Do not use a string of full stops  
- Add spaces around ellipses  
- Don’t change the original intent of quoted material
---",Style Guide Content/Ellipses.md,160,344,
87ce6657-c2b7-4c19-8125-4052e6c04d9f,Ellipses.md,"['Ellipses', 'Show missing words or ideas with ellipses']",16,54,330,#ellipses/show-missing-words-or-ideas-with-ellipses,,"## Show missing words or ideas with ellipses
The ellipsis (plural ‘ellipses’) is a character of exactly 3 dots.
Use the ellipsis:
- if you omit words in quoted text  
- to mark an unfinished phrase, clause or sentence.
**Example**
> The report is well written, but it needs a thorough review … There is an obvious need for more work.  
> Whitlam’s speech on the steps of Parliament House (‘Well may we say …’) is still widely quoted.
If there is an ellipsis in the original text you’re quoting, add the phrase `ellipsis in original` in square brackets after the quote. Use the same font as the surrounding text.
**Example**
> The minister wrote, ‘The policy settings were … comprehensive’ [ellipsis in original].
Don’t use a full stop, comma or semicolon after an ellipsis.
**Example**
> The review clarified that the Army might have to fight on home ground … To be properly equipped, the Army needs a new troop carrier.
You can use a question mark or exclamation mark after an ellipsis if necessary.
**Example**
> I’ve written hundreds of reports: annual reports, white papers …!
If a paragraph or more is omitted from a block quotation, you can place the ellipsis on a line of its own.
**Example**
> The review clarified that the Army might have to fight on home ground.  
>   
> …  
>   
> During exercises, ADF personnel were tasked with tracking down enemy troops from the mythical nation of Musoria.
---",Style Guide Content/Ellipses.md,346,1755,
784f1806-0133-4147-9e35-5332fd654798,Ellipses.md,"['Ellipses', 'Do not use a string of full stops']",55,64,59,#ellipses/do-not-use-a-string-of-full-stops,,"## Do not use a string of full stops
Use the symbol for the ellipsis. Don’t use a string of full stops. Insert it using:
- the unicode character `U+2026`  
- the HTML code `&#8230;`  
- in many software applications, `Alt+Ctrl+.` or `Option+;`.
---",Style Guide Content/Ellipses.md,1757,2005,
d14201a2-7bae-4997-b7bd-f30066aa5571,Ellipses.md,"['Ellipses', 'Add spaces around ellipses']",65,87,153,#ellipses/add-spaces-around-ellipses,,"## Add spaces around ellipses
Use a single space before and after each ellipsis.
**Correct**
> The evaluation concluded, ‘The report is well written, but it needs … more work.’
**Incorrect**
> The evaluation concluded, ‘The report is well written, but it needs…more work.’
**Correct**
> The evaluation concluded, ‘The report is well written, but …’
**Incorrect**
> The evaluation concluded, ‘The report is well written, but…’
The exception to this rule is if the quote ends in an exclamation mark or question mark. Include the final punctuation mark after the ellipsis. Don’t include a space between the punctuation and the ellipsis.
**Example**
> He asked, ‘What does the Army do during exercises …?’
---",Style Guide Content/Ellipses.md,2007,2712,
a52b4986-455f-4588-91b4-9bdddbbc3d98,Ellipses.md,"['Ellipses', 'Don’t change the original intent of quoted material']",88,101,121,#ellipses/dont-change-the-original-intent-of-quoted-material,,"## Don’t change the original intent of quoted material
Use ellipses sparingly. Overusing ellipses can lead to a suspicion that you are misquoting. Don’t leave out important details or change the original intent of the quoted material.
**Write this**
> The report is well written, but it needs rewriting now circumstances have changed … There is now an obvious need for more work.
**Not this**
> The report … needs rewriting … obvious need for more work.
[This version omits a key piece of information: the reason for the work.]
---",Style Guide Content/Ellipses.md,2714,3245,
7abc1b84-bcce-485f-bee8-85d43180d164,Ellipses.md,"['Ellipses', 'Release notes']",102,111,70,#ellipses/release-notes,,"## Release notes
The digital edition expands on advice from the *Content Guide*.
The sixth edition had advice on using ellipsis points to show indecision and incompleteness. This is not included in the digital edition as it’s not relevant to government writing.
The *Content Guide* had basic advice on using ellipsis points.
---",Style Guide Content/Ellipses.md,3247,3575,
45e8bc4f-50c0-4bb5-b8d5-ef617010517d,Ellipses.md,"['Ellipses', 'About this page']",112,125,197,#ellipses/about-this-page,,"## About this page
**References**
- Dixon JC and Bolitho B (2005–2019) *Course notes and exercises: Editing and proofreading for the workplace*, Centre for Continuing Education, Australian National University, Canberra.  
- Microsoft Corporation (2019) *Keyboard shortcuts in Word: insert international characters*, Microsoft website, accessed 1 December 2019  
- Murphy EM with Cadman H (2014) *Effective writing: plain English at work*, 2nd edition, Lacuna, 2014.  
- Owen M (2018) *How to type accented letters in macOS three different ways*, appleinsider website, accessed 4 December 2019.  
- Seely J (2001) *Oxford everyday grammar*, Oxford Paperback Reference.  
- Stilman S (2004) *Grammatically correct*, Writer’s Digest Books, 2004; revised and updated, 2010.  
- Truss L (2003) *Eats, shoots and leaves: the zero tolerance approach to punctuation*, Profile Books, London, 2003.  
- The Unicode Consortium (2019) *Unicode*, Unicode website, accessed 2 December 2019.
**Last updated**  
This page was updated Tuesday 19 October 2021.",Style Guide Content/Ellipses.md,3577,4619,
b09f1c0b-bb7c-4297-9920-f954d12533ba,Exclamation marks.md,['Exclamation marks'],1,6,23,#exclamation-marks,,"# Exclamation marks
Exclamation marks show emphasis and convey emotion. Only use them in informal content.
---",Style Guide Content/Exclamation marks.md,0,110,
f2a4a406-7be7-4ffe-b576-9e409917533d,Exclamation marks.md,"['Exclamation marks', 'Guidance']",7,13,24,#exclamation-marks/guidance,,"## Guidance
- Don’t use exclamation marks in general  
- Write one exclamation mark: don’t overuse them
---",Style Guide Content/Exclamation marks.md,112,219,
36f0c2ff-72c4-4dcb-a399-15dfb2b51e71,Exclamation marks.md,"['Exclamation marks', 'Don’t use exclamation marks in general']",14,46,223,#exclamation-marks/dont-use-exclamation-marks-in-general,,"## Don’t use exclamation marks in general
Exclamation marks aren’t part of government voice. Don’t use exclamation marks in formal content, such as government reports or briefings.
In general use, exclamation marks can emphasise:
- statements  
- emotions  
- greetings  
- commands  
- rhetorical questions.
**Example**
> That can’t be true!  
> Stand at ease!
Use them sparingly in less formal content such as promotional material and social media posts. Be aware that exclamation marks can create a sense of panic or stress.
**Like this**
> Congratulations to our 2020 Australia Day Award recipients!  
>   
> Happy international mother language day! #ourAPS believes in the importance of cultural and linguistic diversity (CALD) for a sustainable and harmonious Australian society.
**Not this**
> A state of emergency has been declared for all areas of the ACT!
Exclamation marks often appear ‘as themselves’ in instructions to users of government services.
**Example**
> Your password can have any of the following characters: ! @ # $ % ^ & *
---",Style Guide Content/Exclamation marks.md,221,1272,
4a7449c7-52a4-4161-b621-06fef9f301ab,Exclamation marks.md,"['Exclamation marks', 'Write one exclamation mark: don’t overuse them']",47,62,124,#exclamation-marks/write-one-exclamation-mark-dont-overuse-them,,"## Write one exclamation mark: don’t overuse them
Don’t use exclamation marks too often. Exclamation marks can lose their emphasis if you use too many.
At the end of each sentence you want to emphasise, use only one exclamation mark.
**Write this**
> Were you born overseas or have a parent who was? Nearly half of Australians do!
**Not this**
> Were you born overseas or have a parent who was? Nearly half of Australians do!!!
Some people use multiple exclamation marks in social media. This is not suitable for government content.
---",Style Guide Content/Exclamation marks.md,1274,1810,
7f0697da-a85c-4077-9060-f8ddaf919dee,Exclamation marks.md,"['Exclamation marks', 'Release notes']",63,72,82,#exclamation-marks/release-notes,,"## Release notes
The digital edition has the same advice as the sixth edition about exclamation marks. The only addition is a reminder to use only one exclamation mark instead of several.
The sixth edition had a brief section on exclamation marks in the chapter on sentence punctuation.
The *Content Guide* recommended against the use of exclamation marks for government content.
---",Style Guide Content/Exclamation marks.md,1812,2195,
e3fcb831-28b6-41ec-a953-5b9b09778266,Exclamation marks.md,"['Exclamation marks', 'About this page']",73,86,233,#exclamation-marks/about-this-page,,"## About this page
### References
- Australian Government (n.d.) Help, myGov, accessed 27 February 2020.  
- Department of Agriculture, Water and the Environment (12 February 2020) ‘What do these two places have in common? They’re both …’ [Facebook post], Department of Agriculture, Water and the Environment, accessed 16 May 2020.  
- Dixon JC and Bolitho B (2005–2019) *Course notes and exercises: Editing and proofreading for the workplace*, Centre for Continuing Education, Australian National University, Canberra.  
- Murphy EM with Cadman H (2014) *Effective writing: plain English at work*, 2nd edition, Lacuna, 2014.  
- Seely J (2001) *Oxford everyday grammar*, Oxford Paperback Reference.  
- Stilman S (2004) *Grammatically correct*, Writer’s Digest Books, 2004; revised and updated, 2010.  
- The Australian Public Service (20 February 2020) ‘Happy international mother language day! #ourAPS believes in the importance of …’ [Facebook post], The Australian Public Service, accessed 27 February 2020.  
- Truss L (2003) *Eats, shoots and leaves: the zero tolerance approach to punctuation*, Profile Books, London, 2003.
**Last updated**  
This page was updated Tuesday 19 October 2021.",Style Guide Content/Exclamation marks.md,2197,3394,
389d8b8a-ed01-451d-b86f-d541541b1b9b,Forward slashes.md,['Forward slashes'],1,6,40,#forward-slashes,,"# Forward slashes
Forward slashes are useful in a small number of situations. Users are familiar with them in mathematical expressions, dates, web addresses and in some shortened forms.
---",Style Guide Content/Forward slashes.md,0,189,
b747a4a6-5c8f-4d64-b8d1-7710fb966689,Forward slashes.md,"['Forward slashes', 'Guidance']",7,17,74,#forward-slashes/guidance,,"## Guidance
- Limit the forward slash to specific uses  
- Don’t add spaces around most forward slashes  
- Write shortened units of measurement with a forward slash  
- Use an en dash for financial years, not a slash  
- Write ‘or’ instead of a slash for alternatives  
- Don’t join words with a slash
---",Style Guide Content/Forward slashes.md,191,497,
9c2c92e5-f622-4067-9065-8c1039c5ab4c,Forward slashes.md,"['Forward slashes', 'Limit the forward slash to specific uses']",18,40,136,#forward-slashes/limit-the-forward-slash-to-specific-uses,,"## Limit the forward slash to specific uses
The forward slash is also known as the ‘solidus’ or just the ‘slash’.
Use forward slashes:
- in some shortened forms  
- in mathematical expressions  
- to present lines of poetry in body text  
- instead of ‘per’, ‘an’ or ‘a’ when abbreviating units of measurement  
- in web addresses  
- in dates if you can’t write them out – for example, in tables  
- in some place names.
**Example**
> c/- [for ‘care of’ in postal addresses]  
> n/a [for ‘not applicable’]  
> (x + y)/(a + b)  
> http://www.abc.net.au/foreign  
> 04/12/2020
---",Style Guide Content/Forward slashes.md,499,1078,
f40d1a8c-d8ee-444e-99b4-72fa5619f798,Forward slashes.md,"['Forward slashes', 'Don’t add spaces around most forward slashes']",41,62,138,#forward-slashes/dont-add-spaces-around-most-forward-slashes,,"## Don’t add spaces around most forward slashes
There is no need to include a space on either side of a forward slash.
The exceptions are for:
- official dual place names  
- lines of poetry in body text – use forward slashes with spaces around them to show the line breaks.
**Example**
> truwana / Cape Barren Island [Official dual place name]
---
### Print considerations
As far as possible, avoid using forward slashes either side of a line break.
If you must, include the slash before the line break so that the reader anticipates it as they read the next line.
---",Style Guide Content/Forward slashes.md,1080,1649,
2cad0eab-77c2-4a7b-8a2a-36a5bf4d8b4c,Forward slashes.md,"['Forward slashes', 'Write shortened units of measurement with a forward slash']",63,75,45,#forward-slashes/write-shortened-units-of-measurement-with-a-forward-slash,,"## Write shortened units of measurement with a forward slash
Don’t use forward slashes when spelling out units of measurement.
**Correct**
> 60 km/h  
> 60 kilometres per hour
**Incorrect**
> 60 kilometres/hour
---",Style Guide Content/Forward slashes.md,1651,1865,
a7382306-0a31-44d8-bbc7-3005901d8950,Forward slashes.md,"['Forward slashes', 'Use an en dash for financial years, not a slash']",76,87,44,#forward-slashes/use-an-en-dash-for-financial-years-not-a-slash,,"## Use an en dash for financial years, not a slash
Don’t use a forward slash as a replacement for an en dash in financial years.
**Correct**
> 2019–20
**Incorrect**
> 2019/20
---",Style Guide Content/Forward slashes.md,1867,2045,
cbca4771-901a-4c5c-8f03-cc01e4eb40bb,Forward slashes.md,"['Forward slashes', 'Write ‘or’ instead of a slash for alternatives']",88,101,88,#forward-slashes/write-or-instead-of-a-slash-for-alternatives,,"## Write ‘or’ instead of a slash for alternatives
When showing alternatives, use ‘or’ instead of a forward slash. This is easier for people to understand.
**Write this**
> a yes or no question
**Not this**
> a yes/no question
Do not use ‘and/or’ in text. It could mean either ‘and’ or ‘or’, which confuses many users. Rewrite the sentence to make the meaning clear.
---",Style Guide Content/Forward slashes.md,2047,2416,
2ea91387-f139-4183-9d3b-38cb8d2d980a,Forward slashes.md,"['Forward slashes', 'Don’t join words with a slash']",102,114,81,#forward-slashes/dont-join-words-with-a-slash,,"## Don’t join words with a slash
Don’t use a forward slash between words that retain their separate identities. Instead, either use an en dash or reword the sentence. Forward slashes can make it look like you mean to show an alternative.
**Write this**
> a Sydney–Brisbane flight  
> a Sydney to Brisbane flight
**Not this**
> a Sydney/Brisbane flight
---",Style Guide Content/Forward slashes.md,2418,2773,
54af3016-061a-4d9e-bfa3-2cd0101cd010,Forward slashes.md,"['Forward slashes', 'Release notes']",115,124,70,#forward-slashes/release-notes,,"## Release notes
The digital edition consolidates information about when and how to use the forward slash.
The sixth edition included information about the forward slash in the section on sentence punctuation. It was also mentioned in the section on numbers.
The *Content Guide* did not have guidance on the forward slash.
---",Style Guide Content/Forward slashes.md,2775,3101,
dfb28740-d88d-4021-90c7-e260798498cf,Forward slashes.md,"['Forward slashes', 'About this page']",125,135,128,#forward-slashes/about-this-page,,"## About this page
**References**
- Dixon JC and Bolitho B (2005–2019) *Course notes and exercises: Editing and proofreading for the workplace*, Centre for Continuing Education, Australian National University, Canberra.  
- Murphy EM with Cadman H (2014) *Effective writing: plain English at work*, 2nd edn, Lacuna, Westgate.  
- Seely J (2001) *Oxford everyday grammar*, Oxford University Press, Oxford.  
- Stilman S (2004) *Grammatically correct*, Writer’s Digest Books, Ohio.  
- Truss L (2003) *Eats, shoots and leaves: the zero tolerance approach to punctuation*, Profile Books, London, 2003.
**Last updated**  
This page was updated Wednesday 24 July 2024.",Style Guide Content/Forward slashes.md,3103,3766,
705c776f-6940-4486-b160-24b386a2b4b3,Fractions and decimals.md,['Fractions and decimals'],1,6,32,#fractions-and-decimals,,"# Fractions and decimals
Decimals are useful when people need a precise value. Fractions are useful when an exact value is not important.
---",Style Guide Content/Fractions and decimals.md,0,141,
c76f6d1f-460e-49d3-863f-4dabdabef6ff,Fractions and decimals.md,"['Fractions and decimals', 'Guidance']",7,55,205,#fractions-and-decimals/guidance,,"## Guidance
### Choose between a decimal value or fraction
You can express a less-than-whole number as a decimal or as a fraction.
In text, write decimal values as numerals. Write fractions as words.
**Example**  
`0.5` [Decimal value]  
`half` [Fraction]
Use decimals when you need to be precise.
**Example**  
They had 7.5 full-time equivalent staff in the section.  
Australia received 412.8 mm of rainfall this year.
Use fractions when:
- an exact number is not important  
- the user needs only a general idea of the values.
**Example**  
About two-thirds of staff attended last week's meeting.  
The dam was three-quarters full.
---
### Use ‘0’ before a decimal point for values less than one
Decimal values less than one have a ‘0’ before the decimal point.
**Correct**  
`0.59`
**Incorrect**  
`.59`
Always use a full stop, not a comma, for the decimal point. This is the style for Australian content.
**Correct**  
`2.5687`
**Incorrect**  
`2,5687`
---",Style Guide Content/Fractions and decimals.md,143,1104,
fb9eeae0-3dce-4d6f-9153-6cf695d68940,Fractions and decimals.md,"['Fractions and decimals', 'Release notes']",56,62,126,#fractions-and-decimals/release-notes,,"## Release notes
The digital edition updates guidance on fractions and decimals. It recommends using words for fractions in most cases. Decimals are expressed as numerals, consistent with the sixth edition. Decimals are also covered in guidance about currency.
The sixth edition makes a distinction between decimal and non-decimal fractions. The digital edition does not make this distinction. The sixth edition recommended using words when expressing imprecise non-decimal fractions (for example, ‘three-quarters’). This is consistent with the digital edition guidance for fractions.
The Content Guide had no advice on the use of fractions and decimals.",Style Guide Content/Fractions and decimals.md,1106,1760,
53e3bb15-84aa-4841-92a3-95cda78a824f,Full stops.md,['Full stops'],1,6,36,#full-stops,,"# Full stops
Full stops mark the end of sentences which aren't questions or exclamations. Users need them to scan text and to recognise decimal values.
---",Style Guide Content/Full stops.md,0,155,
c42e7cda-c4be-4ef4-9d9e-b55c8f9cc0e4,Full stops.md,"['Full stops', 'Guidance']",7,18,88,#full-stops/guidance,,"## Guidance
- Complete a sentence with a full stop  
- Use full stops with some numbers and shortened forms  
- Don’t end web or email addresses with full stops  
- Ensure link text doesn’t include a full stop  
- Write headings, measurements and captions without full stops  
- Don’t add a full stop after hashtags, emojis or handles  
- Punctuate text messages (SMS) correctly
---",Style Guide Content/Full stops.md,157,539,
c90f5ae6-7f19-4e49-a084-6b747ba38eb8,Full stops.md,"['Full stops', 'Complete a sentence with a full stop']",19,35,117,#full-stops/complete-a-sentence-with-a-full-stop,,"## Complete a sentence with a full stop
Full stops mark the end of a sentence that is not a question or an exclamation.
Following the same rule, use full stops at the end of the last item in a list that’s made up of sentence fragments.
**Example**
> The committee met yesterday. It discussed:  
>   
> office space  
> working hours  
> managers’ salaries.
Use the final full stop because this type of list is a sentence presented as points to make it easier to read.
---",Style Guide Content/Full stops.md,541,1012,
0c04e320-0d25-43e2-8dbf-9ead1afbd158,Full stops.md,"['Full stops', 'Use full stops with some numbers and shortened forms']",36,47,84,#full-stops/use-full-stops-with-some-numbers-and-shortened-forms,,"## Use full stops with some numbers and shortened forms
Also use full stops:
- as the decimal point in numbers and currency – for example, ‘$3.55’  
- in numbering subsections and paragraphs in a document – for example, ‘Section 7.3’  
- in some Latin shortened forms and shortened forms used in referencing.
Don’t use full stops with contractions or most abbreviations.
---",Style Guide Content/Full stops.md,1014,1388,
533faf52-89ae-4caf-86e0-d0785132c96d,Full stops.md,"['Full stops', 'Don’t end web or email addresses with full stops']",48,59,93,#full-stops/dont-end-web-or-email-addresses-with-full-stops,,"## Don’t end web or email addresses with full stops
Do not use a full stop after a web or email address if it’s part of a sentence fragment or on a line by itself.
**Example**
> Website: department.gov.au  
> Email: example@department.gov.au
Write full stops in email and web addresses when you use the full form rather than link text (for example, `dfat.gov.au` instead of linking *the DFAT website*).
---",Style Guide Content/Full stops.md,1390,1796,
be009418-964f-4cdb-81e7-33a0bf436922,Full stops.md,"['Full stops', 'Ensure link text doesn’t include a full stop']",60,71,73,#full-stops/ensure-link-text-doesnt-include-a-full-stop,,"## Ensure link text doesn’t include a full stop
Use full stops at the end of sentences with link text, but don’t include the full stop in the link itself.
**Correct**
> The People team manages the add a new employee form.
**Incorrect**
> The People team manages the add a new employee form.
---",Style Guide Content/Full stops.md,1798,2092,
0d463a4f-dcde-47d5-ad8d-0d0db97dd426,Full stops.md,"['Full stops', 'Write headings, measurements and captions without full stops']",72,86,82,#full-stops/write-headings-measurements-and-captions-without-full-stops,,"## Write headings, measurements and captions without full stops
Don’t use full stops in:
- headings  
- stand-alone lists (stand-alone lists have a heading without a colon)  
- page headers or footers.
Full stops do not go after:
- symbols or units of measurement (unless the symbol or unit is also at the end of a sentence)  
- captions and titles.
---",Style Guide Content/Full stops.md,2094,2447,
4a156af1-4e04-471f-89f7-f4a25abe3249,Full stops.md,"['Full stops', 'Don’t add a full stop after hashtags, emojis or handles']",87,98,66,#full-stops/dont-add-a-full-stop-after-hashtags-emojis-or-handles,,"## Don’t add a full stop after hashtags, emojis or handles
Use correct punctuation in government social media. You don’t need a full stop if your post ends in:
- a web address (URL)  
- a tag or handle  
- a hashtag  
- an emoji  
- a sentence fragment.
---",Style Guide Content/Full stops.md,2449,2706,
8a4231f4-41aa-40cb-8b66-d6d90ae816c4,Full stops.md,"['Full stops', 'Punctuate text messages (SMS) correctly']",99,109,116,#full-stops/punctuate-text-messages-sms-correctly,,"## Punctuate text messages (SMS) correctly
In government text messages, use correct punctuation and grammar to avoid ambiguity. Correct writing shows people that the text is authoritative and trustworthy.
Include a full stop at the end of a text message if it finishes with a sentence. Don’t include a full stop if the message ends with a fragment or sign off.
**Example**
> Warning: there is a high probability of hail in your area. Please take appropriate precautions and stay safe. Time sent: 4:30 pm AEST
---",Style Guide Content/Full stops.md,2708,3220,
4ae2620e-e583-4101-8de0-a8df38e9bca7,Full stops.md,"['Full stops', 'Release notes']",110,119,162,#full-stops/release-notes,,"## Release notes
The digital edition consolidates information on full stops with a focus on online content. It removes the requirement to use full stops with abbreviations. Evidence from Australian corpora supports this change. It is consistent with guidance to use minimal punctuation.
The sixth edition mentions full stops in several sections including punctuation, abbreviations, numbers and citations.
The *Content Guide* had brief information about the full stop in several sections. It advised against using a full stop after an email address or bare URL to end a sentence. The digital edition advises to omit a full stop when the email address or bare URL is a fragment or on a line by itself (such as in an email signature block).
---",Style Guide Content/Full stops.md,3222,3964,
1be76c9b-aa75-4bb5-90f2-5cd4bcf86d6a,Full stops.md,"['Full stops', 'About this page']",120,137,314,#full-stops/about-this-page,,"## About this page
**References**
- Dixon JC and Bolitho B (2005–2019) *Course notes and exercises: Editing and proofreading for the workplace*, Centre for Continuing Education, Australian National University, Canberra.  
- Crystal D (11 June 2016) ‘On the reported death of the full-stop / period’, *DCblog*, accessed 20 December 2019.  
- Great Barrier Reef Marine Park (15 March 2020) ‘A slice of paradise. When visiting islands and cays, tread …’ [Facebook post], Great Barrier Reef Marine Park Authority, accessed 16 May 2020.  
- Gunraj DN, Drumm-Hewitt AM, Dashow EM, Upadhyay SSN and Klin C (2016) ‘Texting insincerely: the role of the period in text messaging’, *Computers in Human Behavior*, 55(B):1067–1075, doi:10.1016/j.chb.2015.11.003.  
- Houghton KJ, Upadhyay SSN and Klin C (2018) ‘Punctuation in text messages may convey abruptness. Period’, *Computers in Human Behavior*, 80(C):112–121, doi:10.1016/j.chb.2017.10.044.  
- Murphy EM with Cadman H (2014) *Effective writing: plain English at work*, 2nd edn, Lacuna, Westgate.  
- Seely J (2001) *Oxford everyday grammar*, Oxford University Press, Oxford.  
- Stilman A (2004) *Grammatically correct*, Writer’s Digest Books, Ohio.  
- Stone A and Ford R (2017) ‘Chasing after a century of punctuation’, *Procedia Computer Science*, 118:15–21, doi:0.1016/j.procs.2017.11.144.  
- Truss L (2003) *Eats, shoots and leaves: the zero tolerance approach to punctuation*, Profile Books, London.  
- Wright EM (2019) *Pragmatic functionality of punctuation on Twitter* [master’s thesis], University of Kentucky, accessed 21 December 2020.
**Last updated**  
This page was updated Tuesday 19 October 2021.",Style Guide Content/Full stops.md,3966,5628,
a974b625-f0dc-4de5-adbc-515960805599,Government terms.md,['Government terms'],1,6,37,#government-terms,,"# Government terms
Use the correct term and follow the rules for capitalising government terms. People find it easier to understand content that has a consistent style.
---",Style Guide Content/Government terms.md,0,172,
de92a2c5-684a-4c59-901f-34294a3de4af,Government terms.md,"['Government terms', 'Guidance']",7,18,86,#government-terms/guidance,,"## Guidance
### Use initial capitals for formal names and titles
Use initial capitals only for the formal names and titles of government entities and office holders. Use lower case for generic references.
These are rules for general content. There might be exceptions if you are writing specialist legal content using terms defined in legislation.
This page orders guidance for common government terms alphabetically.
---",Style Guide Content/Government terms.md,174,595,
0fee2d14-69d6-4ba8-96e9-193621d6dd56,Government terms.md,"['Government terms', 'Australian Government']",19,31,88,#government-terms/australian-government,,"## Australian Government
Refer to the national government of Australia as the ‘Australian Government’. Use an initial capital for both words only when they occur together.
**Example**
> The Australian Government coordinates emergency management with the states.  
> The advertised grants are funded by the Australian Government. The government recently extended the closing date for applications.
**Australian Government Department of Industry, Science, Energy and Resources**
---",Style Guide Content/Government terms.md,597,1077,
19016338-0ca5-476b-92cf-68a4598fcc9f,Government terms.md,"['Government terms', 'Bench']",32,42,45,#government-terms/bench,,"## Bench
In general content, use lower case for the ‘bench’ and ‘full bench’.
**Example**
> She was elevated to the bench.  
> The High Court hears cases that require a full bench.
---",Style Guide Content/Government terms.md,1079,1263,
948c2f86-7858-4dad-9263-c428bcc145af,Government terms.md,"['Government terms', 'Budget']",43,61,98,#government-terms/budget,,"## Budget
Use an initial capital for ‘the Budget’ to show the difference from the generic reference.
**Example**
> People on lower incomes will receive tax relief in this year’s Budget.  
> Just like the federal Budget was deferred in 2020, so too were state budgets.
Use lower case for ‘budget’ when it is used as an adjective or a plural.
**Example**
> budget provisions  
> the budgetary process  
> successive federal budgets
---",Style Guide Content/Government terms.md,1265,1698,
6d8fc849-c831-41be-bef1-563a46ec7671,Government terms.md,"['Government terms', 'Cabinet']",62,71,37,#government-terms/cabinet,,"## Cabinet
Always use an initial capital for ‘the Cabinet’ to show the difference from its generic reference.
**Example**
> It was a decision by the Cabinet.
---",Style Guide Content/Government terms.md,1700,1861,
d6d7e484-4b1e-4bca-ba76-7afae4a13821,Government terms.md,"['Government terms', 'Commonwealth']",72,88,101,#government-terms/commonwealth,,"## Commonwealth
‘The Commonwealth of Australia’ is the name of Australia in the Constitution. Use an initial capital for ‘Commonwealth’.
Do not use the phrase ‘Commonwealth government’ to mean ‘Australian Government’.
**Write this**
> Defence is an Australian Government responsibility under the Constitution.  
> The Commonwealth marine area is any part of the sea between 3 and 200 nautical miles from the coast.
**Not this**
> Defence is a Commonwealth government responsibility under the Constitution.
---",Style Guide Content/Government terms.md,1863,2372,
3cc987cf-5286-4a06-a52b-f7ca2ae34f15,Government terms.md,"['Government terms', 'Crown']",89,98,37,#government-terms/crown,,"## Crown
Always use an initial capital for ‘the Crown’ to show the difference from its generic reference.
**Example**
> The Governor-General is appointed by the Crown.
---",Style Guide Content/Government terms.md,2374,2545,
44fe78c3-ba88-4c79-94e9-62b627347d6e,Government terms.md,"['Government terms', 'Departments and agencies']",99,135,306,#government-terms/departments-and-agencies,,"## Departments and agencies
Use initial capital letters only for the formal names of government departments and agencies. Check the names of departments and agencies in the government online directory.
Don’t use capital letters for generic mentions. For example, use:
- ‘the agency’ instead of ‘the Agency’
- ‘the authority’ instead of ‘the Authority’
- ‘the commission’ instead of ‘the Commission’
- ‘the department’ instead of ‘the Department’
Use a shortened form of the name only if the department or agency uses it regularly in their own content.
If you cite a source written by an organisation that has since changed its name, use the name published in the source. This might not be the organisation’s current name.
**Write this**
> The Department of Finance owns the policy. The department has been working on it for months.
**Not this**
> The Department of Finance owns the policy. The Department has been working on it for months.
Always use an initial capital for ‘the Treasury’ to show the difference from its generic reference.
**Example**
> The Treasury conducts itself to the highest standards.
Use initial capitals for the formal names of areas in a department or agency's organisational structure. Don't use initial capitals for generic mentions.
**Example**
> The Budget Policy Division is part of Treasury’s Fiscal Group. The division coordinates the delivery of the Budget and other fiscal reports.
---",Style Guide Content/Government terms.md,2547,3968,
2f66129e-e4ec-429b-b033-01fa6cc87026,Government terms.md,"['Government terms', 'Federal']",136,146,51,#government-terms/federal,,"## Federal
Use an initial capital letter for ‘federal’ when it forms part of a formal name. Don’t capitalise it when it is used as an adjective.
**Example**
> the Federal Court of Australia  
> federal issues
---",Style Guide Content/Government terms.md,3970,4182,
28f2bcc4-0b8c-4d97-b7aa-170f098361fb,Government terms.md,"['Government terms', 'Federation']",147,157,74,#government-terms/federation,,"## Federation
Use an initial capital for the word ‘federation’ only when referring to Australia’s Federation in 1901.
**Example**
> The design of Australia’s national flag is the result of a competition announced to coincide with Federation in 1901.  
> The type of architecture popular between 1890 and 1915 is known as Federation style architecture.
---",Style Guide Content/Government terms.md,4184,4539,
d297e150-ad47-40a9-97d6-5ce5372c514e,Government terms.md,"['Government terms', 'Government']",158,170,69,#government-terms/government,,"## Government
Use an initial capital for the word ‘government’ if it is part of a formal name. Use lower case everywhere else.
**Example**
> the Victorian Government  
> the Australian and New Zealand governments  
> the governments of South Australia and Tasmania  
> Road maintenance is a local government responsibility.
---",Style Guide Content/Government terms.md,4541,4868,
dc4ae25a-a3a2-4653-b1e8-e1d71f9064d0,Government terms.md,"['Government terms', 'Government programs and agreements']",171,188,73,#government-terms/government-programs-and-agreements,,"## Government programs and agreements
Use initial capitals for the full names of:
- government programs
- treaties
- protocols and similar agreements.
Use initial capitals for abbreviations that remain specific but not for generic references or abbreviations.
**Example**
> the Greater Artesian Basin Sustainability Initiative  
> the Artesian Basin Initiative  
> the initiative
---",Style Guide Content/Government terms.md,4870,5253,
ff56630c-c453-475d-aa51-9c3556f565e2,Government terms.md,"['Government terms', 'Heads of state and prime ministers']",189,207,137,#government-terms/heads-of-state-and-prime-ministers,,"## Heads of state and prime ministers
Use initial capitals for the formal and abbreviated titles of current heads of state.
**Example**
> The Prime Minister announced the new initiative this morning.  
> The Prime Minister of the United Kingdom chairs Cabinet meetings.  
> The Sultan of Oman comes from a dynasty of rulers. The Sultan met with the Prime Minister last week.
You do not need to use capitals for generic references or previous incumbents.
**Example**
> Sir Edmund Barton was the first prime minister of Australia.  
> Justin Trudeau is the eldest son of former Canadian prime minister Pierre Trudeau.
---",Style Guide Content/Government terms.md,5255,5874,
b25bdcb4-62a0-42cc-aee2-b3e1f74944c5,Government terms.md,"['Government terms', 'Legislation']",208,230,100,#government-terms/legislation,,"## Legislation
Check titles of legislation in:
- the Federal Register of Legislation
- the Australian Parliament House list of bills and legislation.
Use initial capitals for:
- Act
- Ordinance
- Regulation
- Bill
Use lower case for generic references to bills, regulations and ordinances. Use initial capitals for all references to Acts.
**Example**
> The Act separated legal ties between the 2 entities.  
> The bills were rejected for the second time.
---",Style Guide Content/Government terms.md,5876,6334,
93b99938-aadd-41cf-844d-eb6e5956a844,Government terms.md,"['Government terms', 'Ministers and departmental secretaries']",231,270,241,#government-terms/ministers-and-departmental-secretaries,,"## Ministers and departmental secretaries
Use initial capitals for official titles; lower case for generic references.
**Write this**
> The Minister for Education announced the new policy. Education groups met with the minister to present their views.  
> The Secretary of the Department of Social Services gave the opening address. Several secretaries attended the forum.
**Not this**
> The Minister for Education announced the new policy. Education groups met with the Minister to present their views.
Apply this to all government office holders.
**Example**
> Our local member is Assistant Minister to the Prime Minister.  
> Assistant ministers are designated as parliamentary secretaries under the Ministers of State Act 1952.  
> The Deputy Secretary of Policy and Programs was one of 5 deputy secretaries to attend the meeting.
---
### Correct prepositions
- Always use ‘for’ for a minister’s portfolio.
- Generally, use ‘of’ for anyone working at a department or agency.
**Write this**
> the Minister for Education  
> Secretary of the Department of Health
**Not this**
> the Minister of Education  
> Secretary for the Department of Health
---",Style Guide Content/Government terms.md,6336,7488,
b7f00c7a-d016-40cf-9fb8-9eeefcad4c9c,Government terms.md,"['Government terms', 'Principals of Australian institutions']",271,287,94,#government-terms/principals-of-australian-institutions,,"## Principals of Australian institutions
Use initial capitals for official titles of principals and chief executives of Australian institutions. Use lower case for generic references.
**Example**
> the Chief Justice of the High Court of Australia  
> the Attorney-General  
> the Premier of New South Wales
**Lower case examples**
> The average salaries of vice-chancellors have reached a new high.  
> Several attorneys-general met to discuss the issue last week.
---",Style Guide Content/Government terms.md,7490,7958,
21a590e1-fe33-4ddd-af49-53a32b00e2a8,Government terms.md,"['Government terms', 'States and territories']",288,309,156,#government-terms/states-and-territories,,"## States and territories
- Use initial capitals for formal names.
- Use lower case for generic or plural references.
**Example**
> The Australian Capital Territory has a land border length of 306 kilometres. The territory’s total area is more than 2,000 square kilometres.  
> The South Australian Government started the project. The government will meet regularly to review progress.  
> The states and territories are responsible for health care and education.
**Special case – Northern Territory**
‘Territory’ can be used with a capital ‘T’ as a semi-official term for the Northern Territory.
**Example**
> The Northern Territory road toll is a concern to the territory.  
> The Territory is a common destination for overseas tourists.
---",Style Guide Content/Government terms.md,7960,8703,
e3e0cb35-12a2-4d35-861f-6dbd426e5af6,Government terms.md,"['Government terms', 'Parliamentary terms']",310,353,196,#government-terms/parliamentary-terms,,"## Parliamentary terms
Use initial capitals for formal names connected with parliament; lower case for generic references.
**Example**
> Parliament House  
> the Parliamentary Library  
> The problem was raised in the Queensland Parliament.  
> There was a change to parliamentary procedures.
Use initial capitals for parliamentary office holders:
- Clerk of the House
- President of the Senate
- Speaker of the House
- Usher of the Black Rod
**Example**
> Senator Lines is the Deputy President and Chair of Committees in the 46th Parliament.
Use initial capitals for formal titles of current members of parliament.
**Example**
> Mr Adam Bandt MP  
> Senator Pauline Hanson
Use lower case for non-formal terms:
- member of parliament
- senator
- frontbench
- backbench
- crossbench
**Example**
> She moved from the backbench to take the new ministerial portfolio.  
> He was a former senator for Tasmania.
---",Style Guide Content/Government terms.md,8705,9614,
8b04515d-670b-42d4-849f-5975816cecf7,Government terms.md,"['Government terms', 'The houses of the Australian, state and territory parliaments']",354,370,80,#government-terms/the-houses-of-the-australian-state-and-territory-parliaments,,"## The houses of the Australian, state and territory parliaments
Always use initial capitals for:
- the Senate
- the House of Representatives
- equivalent state and territory bodies.
**Example**
> The Senate referred the matter to the Senate Community Affairs References Committee.  
> The Legislative Assembly will vote on the matter tomorrow.
Lower case for ‘houses of parliament’.
---",Style Guide Content/Government terms.md,9616,10003,
a56f55f1-4440-4f6a-87f3-f8fd83a40a67,Government terms.md,"['Government terms', 'Release notes']",371,375,57,#government-terms/release-notes,,"## Release notes
- The capitalisation of ‘house’ in the parliamentary context follows Hansard style.
- The digital edition prefers ‘Cth’ over ‘Cwlth’ as the contraction for ‘Commonwealth’.
- The Content Guide had brief advice on government names, consistent with the sixth edition.",Style Guide Content/Government terms.md,10005,10286,
6f91996b-90c0-40da-964b-16b38f94d055,Headings.md,['Headings'],1,4,39,#headings,,"# Headings
Headings help users scan content and find what they need. Organise content using clear heading levels. Begin each heading with keywords and keep it to the point.",Style Guide Content/Headings.md,0,172,
f06b8386-fe7d-4358-a6c7-971f84317e10,Headings.md,"['Headings', 'Guidance']",5,13,68,#headings/guidance,,"## Guidance
- Write headings that are clear and short
- Use keywords to start headings
- Organise heading levels in a logical order
- Be consistent: use a parallel structure
- Use unique formatting for each level of heading
- Write all headings in sentence case and use minimal punctuation",Style Guide Content/Headings.md,174,463,
eb16668c-844b-46a3-ae93-01d4a5223c39,Headings.md,"['Headings', 'Write headings that are clear and short']",14,41,273,#headings/write-headings-that-are-clear-and-short,,"## Write headings that are clear and short
Headings organise information. Clear headings are specific to the topic they describe.
Keep them brief. They are signposts for people and for search engines.
Many people skim through headings to check whether a page is relevant before they read it in detail. Search engines use headings to analyse and rank content.
### Accessibility requirements
**User needs:**
- I can change the content's presentation without losing information or structure.
- I can find and navigate the content and determine where I am on the webpage.
**Fundamentals:**
- Write clear page titles. This is the first topic a screen reader user will hear and should align with the first heading on the page.
- Organise content with a clear structure using section headings. Clearly describe the topics or the following section in the headings.
- Make sure all users can navigate through all content in the intended order, regardless of the technology they are using. Use the same navigation elements consistently across services.
**Web Content Accessibility Guidelines success criteria:**
- 1.3.1 Info and relationships – level A
- 2.4.2 Page titled – level A
- 2.4.6 Headings and labels – level AA
- 2.4.10 Section headings – level AAA",Style Guide Content/Headings.md,465,1714,
a8290725-140f-4707-90b6-b4b9c041e303,Headings.md,"['Headings', 'State the main point']",42,57,122,#headings/state-the-main-point,,"## State the main point
Write headings that tell the user what is in the content below it.
Headings should state the main point. This helps users find and use content in search results and on social media.
Use words that accurately describe the content. Don’t use empty words or phrases (for example, ‘more’ or ‘related information’).
Only include information in the section that is relevant to the heading. If the information isn’t relevant, move it or rewrite the heading.
**Like this**
> Learn how to drive
**Not this**
> More information",Style Guide Content/Headings.md,1716,2257,
ef20394a-9e92-412d-96f0-793536a0d02f,Headings.md,"['Headings', 'Use 70 characters or fewer']",58,63,55,#headings/use-70-characters-or-fewer,,"## Use 70 characters or fewer
Write headings that are no more than 70 characters (including spaces).
Longer headings are more difficult to read and can be confusing. They might also suggest that you have too many ideas in a section.",Style Guide Content/Headings.md,2259,2491,
95fd7cc4-bf59-4838-851d-5545664b7463,Headings.md,"['Headings', 'Avoid questions as headings']",64,69,59,#headings/avoid-questions-as-headings,,"## Avoid questions as headings
Using questions pushes your main idea towards the end of the heading.
Starting a heading with ‘why’, ‘how’ or ‘what’ makes it slower for the user to read. They have to read the whole heading before finding relevant keywords.",Style Guide Content/Headings.md,2493,2748,
bda8499e-f15c-488f-a0cd-3f5159afb3cd,Headings.md,"['Headings', 'Use keywords to start headings']",70,85,215,#headings/use-keywords-to-start-headings,,"## Use keywords to start headings
Start headings and subheadings with keywords that help people to make a connection.
People scan-read headings to know the relevance of the content. If they use assistive technologies, they might use the tab key to read from heading to heading. Others who use screen readers might generate a list of headings for quick navigation.
The keywords should relate to the main content below the heading. Pay special attention to the first 2 or 3 words. These might be the only words someone reads to decide whether to continue to scan the page or to read the text.
Using keywords at the start of a heading is called ‘frontloading’. Frontloading makes it easier for people to assess the heading’s relevance – either on a web page or in search results. It also helps search engines find your content.
**Write this**
> Use keywords to start headings
**Not this**
> Write a heading starting with the main keywords",Style Guide Content/Headings.md,2750,3685,
3a0dfc31-3970-47d5-949b-7c93e61f4bf3,Headings.md,"['Headings', 'Organise heading levels in a logical order']",86,106,205,#headings/organise-heading-levels-in-a-logical-order,,"## Organise heading levels in a logical order
Heading hierarchy is the relationship between main headings and subheadings. The hierarchical structure shows users how topics fit together.
A clear and logical heading hierarchy shows readers where to find information and how important it is.
Keep each section concise and use headings to chunk information so it works well on screen for the user.
Heading levels include main titles, headings and subheadings:
- Level 1 headings are titles of webpages or titles of chapters in a book or printed report.
- Level 2 headings are main headings.
- Level 3 headings are subheadings.
- Level 4 headings are sub-subheadings (headings under subheadings).
### Don’t skip heading levels
Write headings in a complete organised hierarchy.
A complete hierarchy helps people scan the content to find the information they need. Screen reader users need to be able to rely on heading level hierarchy to find relevant content.",Style Guide Content/Headings.md,3687,4642,
8fa75f32-9bea-42d5-ba84-2dd53a2afd42,Headings.md,"['Headings', 'Use one level 1 heading']",107,115,93,#headings/use-one-level-1-heading,,"## Use one level 1 heading
Use just one level 1 heading per webpage. Make it unique to your site. This helps users understand the content and find it using search engines.
The level 1 heading is also a good place to include target keywords needed for search engine optimisation.
**Print considerations**  
In documents, use level 1 headings (or ‘Heading 1’ style) for the main sections, such as part titles.",Style Guide Content/Headings.md,4644,5051,
04a1c249-4ff5-4433-bfc0-fdc6ce42cedc,Headings.md,"['Headings', 'Make the headings relate']",116,119,36,#headings/make-the-headings-relate,,"## Make the headings relate
Every heading and subheading must relate to the heading above it so the grouping of information is logical and clear for users.",Style Guide Content/Headings.md,5053,5208,
6e9d6223-fd82-415a-a84a-3635884791b4,Headings.md,"['Headings', 'Avoid level 5 and deeper heading levels']",120,127,106,#headings/avoid-level-5-and-deeper-heading-levels,,"## Avoid level 5 and deeper heading levels
Try to use only 3 or 4 heading levels at the most. A simpler structure is easier to read.
You can use deeper heading levels (level 4 and below) for very complex documents, but try to avoid it.
Deep and complex hierarchies of headings are a sign that you are probably trying to do too much on a webpage or in a chapter. It is likely that you will lose the reader.",Style Guide Content/Headings.md,5210,5615,
1a315123-85ba-497a-9155-17bb591979b4,Headings.md,"['Headings', 'Space out headings']",128,131,37,#headings/space-out-headings,,"## Space out headings
Separate each heading from the next one by some text, even if it’s only a sentence. This helps create a clear distinction between ideas.",Style Guide Content/Headings.md,5617,5775,
425b5b1a-499c-4402-8c84-42744f6d3f92,Headings.md,"['Headings', 'Create at least 2 headings for each level']",132,160,142,#headings/create-at-least-2-headings-for-each-level,,"## Create at least 2 headings for each level
Give each heading level in a section at least one other heading at the same level. This avoids the appearance of stranded ideas.
**Like this**  
H1: Apply for a drivers licence
H2: Pass the theory test
H3: Learn the road rules
H3: Book a theory test
H2: Pass the driving test
H3: Practise for the test
H3: Book the driving test
kotlin
Copy
Edit
**Not this**  
H1: Pass the driving test
H3: Learn the road rules
H4: Pass the theory test
H5: Practise for the test
H2: Book theory test
H2: Pass the driving test
sql
Copy
Edit",Style Guide Content/Headings.md,5777,6344,
93f68a06-1514-4a01-b711-2f8e2441c648,Headings.md,"['Headings', 'Use numbered headings only for steps']",161,171,104,#headings/use-numbered-headings-only-for-steps,,"## Use numbered headings only for steps
Use numbered headings only when they relate to a series of steps. Numbered headings can help users through a sequential structure.
**Print considerations**  
In print, you can use numbered headings to help people cross-reference information:
- If you use numbered headings, use them only in the body.
- Don’t use numbered headings in the preliminary pages or endmatter in a report.
- Don’t number more than the first 3 heading levels.",Style Guide Content/Headings.md,6346,6820,
af524a3b-0b97-4e52-98e5-0162dde030ba,Headings.md,"['Headings', 'Be consistent: use a parallel structure']",172,185,84,#headings/be-consistent-use-a-parallel-structure,,"## Be consistent: use a parallel structure
All headings in a level should be consistent.
They should have the same:
- overall message (for example, they are all steps in a process)
- grammatical form (called ‘parallel structure’).
Two common forms are:
- noun phrases (for example, ‘effective headings’ and ‘punctuation and capitalisation’)
- instructions (for example, ‘keep headings short’ and ‘be consistent’)",Style Guide Content/Headings.md,6822,7234,
cc1af60d-a6c8-4132-a5a9-4fe17d10241c,Headings.md,"['Headings', 'Use unique formatting for each level of heading']",186,197,144,#headings/use-unique-formatting-for-each-level-of-heading,,"## Use unique formatting for each level of heading
Format headings so the heading levels are visibly different. This helps users scan the text.
People should be able to tell the difference between heading levels at a glance.
Formatting options include:
- font weights and sizes that are distinct from one another – a larger, bolder font for main headings and a smaller, lighter font for lower-level subheadings
- colour to help people scan the headings – but don’t rely on colour as the only way to differentiate heading levels
- spacing above a heading to help people see the visual break from one section to the next",Style Guide Content/Headings.md,7236,7854,
3bbbc3c8-aa4a-4a9a-8fdd-438ef001da19,Headings.md,"['Headings', 'Don’t add an underline']",198,203,57,#headings/dont-add-an-underline,,"## Don’t add an underline
Don’t underline headings or any other text.
Underlined text looks like a hyperlink, which can confuse users. It also makes it harder to read letters with descenders (for example, ‘p’, ‘y’ and ‘g’ in ‘Applying for government support’).",Style Guide Content/Headings.md,7856,8116,
629736cb-3693-4290-a297-0259ae594f5b,Headings.md,"['Headings', 'Apply HTML elements, tags and styles to headings']",204,248,352,#headings/apply-html-elements-tags-and-styles-to-headings,,"## Apply HTML elements, tags and styles to headings
Use styles, tags and HTML elements to identify headings in digital content.
Correctly styled and tagged headings:
- make it easy to create consistent headings
- help software build an automatic table of contents
- are needed for accessibility of digital content
- help search engines understand the topic that you’re writing about
**Print considerations**  
Correctly styled headings make it easier for graphic designers to know how to lay out the publication, including what weighting to give each heading.
The reader should see at least one heading on each double-page spread in a printed document.
Don’t leave a heading at the bottom of the page with no text below it. Send the heading to the top of the next page so it stays with the content below it.
### HTML elements
Use the correct HTML element for the heading level.
Your content management system should have inbuilt heading styles that you can apply to text.
**Example**  
H1 = ‘Lodging your tax return’ (the page title)
H2 = ‘Individual tax return’ (a heading for a main section)
H3 = ‘Lodging online’ (a subheading)
H4 = ‘Creating an account’ (a sub-subheading)
vbnet
Copy
Edit
### System heading styles
Apply correct inbuilt heading styles so they can be automatically added to navigation and contents pages.
If your organisation uses templates, use the template styles.
**Print considerations**  
Some organisations have their own heading style guidelines.
If no guidelines apply, use a ‘Heading 1’ style for the main sections in the document. The title of a document uses the ‘Title’ style.",Style Guide Content/Headings.md,8118,9726,
0783c2f9-ed42-4f3a-b21e-f7291aaaa4aa,Headings.md,"['Headings', 'Write all headings in sentence case and use minimal punctuation']",249,270,211,#headings/write-all-headings-in-sentence-case-and-use-minimal-punctuation,,"## Write all headings in sentence case and use minimal punctuation
Use sentence case for headings to help people read the text more easily.
This means you should use a capital letter only for:
- the first letter of the first word
- the first letter of any proper nouns
- letters in acronyms and initialisms
Don’t write headings in all capital letters as users could misread words. For example, ‘ACT’ could be ‘act’ (the verb) rather than the initialism for the Australian Capital Territory.
If you work for an organisation that uses all capitals for headings, make sure any abbreviations are easy to understand.
### Don’t use a full stop to end headings
Even if the heading is a sentence, it doesn’t need a full stop at the end.
### Avoid using shortened forms in headings
Don’t use a shortened form in a heading unless it is better known than the full term (for example, ‘DNA’ and ‘CSIRO’).",Style Guide Content/Headings.md,9728,10619,
b0e16ed1-b01e-4cc5-ad95-faf3d37b6b5d,Headings.md,"['Headings', 'Digital Service Standard requirements']",271,276,53,#headings/digital-service-standard-requirements,,"## Digital Service Standard requirements
To ensure the content works on all devices, use responsive design methods.
Many people do not use a desktop computer or printed material to access services and information. Test content on a mobile device first.",Style Guide Content/Headings.md,10621,10873,
19928aa3-6312-4ec7-9db7-f8e36ea22497,Headings.md,"['Headings', 'Release notes']",277,283,81,#headings/release-notes,,"## Release notes
The digital edition focuses on writing headings for online content, but includes print considerations.
It builds on content from the sixth edition and has new guidance on tags, styles and frontloading. It recommends against using isolated headings.
The Content Guide mentioned frontloading, short headings and heading hierarchies. The digital edition has new content on tags, styles and frontloading.",Style Guide Content/Headings.md,10875,11292,
4ce2073e-1467-4fa2-879e-8817cb6da4c1,Hyphens.md,['Hyphens'],1,6,43,#hyphens,,"# Hyphens
Hyphens connect words and prefixes so meaning is clear. Refer to your organisation’s preferred dictionary when you are not sure if you need to use a hyphen for spelling.
---",Style Guide Content/Hyphens.md,0,183,
c2b83ba3-bc07-4175-b877-6149c556fae7,Hyphens.md,"['Hyphens', 'Guidance']",7,17,72,#hyphens/guidance,,"## Guidance
- Follow hyphenation rules in the dictionary your organisation uses  
- Write certain prefixes with a hyphen  
- Write most suffixes without hyphens  
- Hyphenate some but not all compound words  
- Repeat words instead of using a hanging hyphen  
- Don’t hyphenate ‘-ing’ and ‘-ed’ verbs or most ‘-ly’ adverbs
---",Style Guide Content/Hyphens.md,185,511,
c22589c0-0c9e-4ec7-8efc-5cd73a9ba7fa,Hyphens.md,"['Hyphens', 'Follow hyphenation rules in the dictionary your organisation uses']",18,52,258,#hyphens/follow-hyphenation-rules-in-the-dictionary-your-organisation-uses,,"## Follow hyphenation rules in the dictionary your organisation uses
Hyphens clarify meaning by connecting words and parts of words into a single unit of meaning. Use hyphens to avoid ambiguity.
**Example**
> a little used office → a little-used office  
> a unionised workforce → an un-ionised particle
There are few firm rules about using hyphens, and dictionaries do not always agree.  
Use the dictionary your organisation recommends and follow its hyphenation practices.
Follow the accepted naming conventions for compass points, names of people and names of places.
---
### Print considerations
Don’t break short words over a line, especially:
- words of fewer than 6 letters  
- one-syllable words  
- 2-syllable words
Break words between syllables so that the hyphen:
- is between 2 components of a compound word (`data-base`)  
- is between the base word and the suffix or prefix (`neat-ness`)  
- comes before a consonant (`fic-tion`, not `fict-ion`), unless misleading (`draw-ings`, not `dra-wings`)
Don’t add extra hyphens when breaking URLs or email addresses — people could misread them as part of the address.
Use the part of the word before the hyphen to suggest the rest of the word.
---",Style Guide Content/Hyphens.md,513,1717,
ca40282b-f213-420a-9a66-658f27234222,Hyphens.md,"['Hyphens', 'Write certain prefixes with a hyphen']",53,145,420,#hyphens/write-certain-prefixes-with-a-hyphen,,"## Write certain prefixes with a hyphen
Hyphens are useful in words formed with prefixes such as:
`anti-`, `auto-`, `counter-`, `extra-`, `intra-`, `re-`, `sub-`
They are especially useful for:
- doubled-up vowels  
- clarifying new words that could be confused with existing ones
**Example**
> re-cover [cover again] vs recover [retrieve]  
> re-creation [create anew] vs recreation [leisure]  
> re-signed [signed again] vs resigned [stepped down]
If a prefix such as `non-`, `pre-`, `anti-` acts on more than one word and the phrase is already hyphenated, use a second hyphen.
**Example**
> non-English-speaking countries  
> anti-harm-minimisation stance
---
### Doubled-up vowels
Use a hyphen when the last letter of a single-syllable prefix is a vowel and the following word starts with the same vowel.
**Write this**
> de-emphasise, pre-eminent, re-enter
**Not this**
> deemphasise, preeminent, reenter
If a word is well known, this is less important. Check the dictionary.
**Write this**
> coordinate, cooperate
**Not this**
> co-ordinate, co-operate
---
### Double letters
Hyphens can link a prefix/suffix to a word to avoid a double letter or misunderstanding.
**Example**
> multi-item vs multilateral  
> re-sign [sign again] vs resign [leave job]
---
### Capital letters
Hyphenate when a prefix is followed by a capitalised word.
**Example**
> un-Australian, pro-European
---
### Vowel combinations
Don’t hyphenate if the words end/start with different vowels.
**Example**
> prearrange, reallocate, triennial
Use a hyphen if the prefix is attached to a single-syllable word beginning with a vowel.
**Example**
> de-ice
---
### Two-syllable prefixes
- Ending in a vowel (other than ‘o’) + vowel start → often hyphenated.
  **Example:** anti-aircraft, semi-official
- Ending in vowel ‘o’ → often no hyphen regardless.
  **Example:** macroeconomics, retroactive
- Ending in a consonant → rarely hyphenated.
  **Example:** hyperlink, interactive
---
### ‘Co-’ and ‘ex-’ prefixes
- Many words with ‘co-’ (meaning joint) have a hyphen.  
- All words with ‘ex-’ (meaning former) are hyphenated.",Style Guide Content/Hyphens.md,1719,3818,
2844837c-7563-43e0-beec-3d02b449dc0e,Hyphens.md,"['Hyphens', 'Write certain prefixes with a hyphen', '‘Co-’ and ‘ex-’ prefixes']",146,161,47,#hyphens/write-certain-prefixes-with-a-hyphen,,"**Example**

> co-author, co-worker  
> ex-councillor, ex-president
---
### Numbers and italics with prefixes
Use a hyphen if a prefix is followed by a number or italicised expression.
**Example**
> post-1960  
> anti-*raskol* measures
---",Style Guide Content/Hyphens.md,0,228,
16bcd12c-6dd4-4e12-812a-e85bf5e7e818,Hyphens.md,"['Hyphens', 'Write most suffixes without hyphens']",162,175,63,#hyphens/write-most-suffixes-without-hyphens,,"## Write most suffixes without hyphens
Attach suffixes directly to base words. Common suffixes: `-able`, `-ate`, `-ation`, `-fold`, `-ful`, `-ise`, `-ish`, `-ly`, `-ment`, `-ness`, `-y`.
**Example**
> readable, colourful, costly
Hyphenate:
- `-fold` when used with a numeral: **300-fold** vs **threefold**  
- `-odd` always: **150-odd competitors**
---",Style Guide Content/Hyphens.md,3820,4172,
8cf33970-e098-426f-8318-7b7b659cc828,Hyphens.md,"['Hyphens', 'Hyphenate some but not all compound words']",176,269,418,#hyphens/hyphenate-some-but-not-all-compound-words,,"## Hyphenate some but not all compound words
Compound = 2+ words carrying a new meaning.
Hyphenate when used before a noun as adjectives. Don’t hyphenate when after.
**Example**
> up-to-date accounts vs accounts are up to date  
> small-business owners vs owners of small businesses
---
### Compound nouns
#### Verb + adverb
Hyphenate.  
**Example:** shake-out, make-up, go-ahead
#### Adverb + verb
No hyphen.  
**Example:** bypass, downpour
#### Verb + noun
Some take a hyphen — check dictionary.
| Verb + Noun type | Hyphenation | Example |
|---|---|---|
| Verb no suffix + noun | one word | stingray |
| Verb ‘-ing’/‘-ed’ + noun | 2 words | flying doctor |
| Single-syllable noun + verb ‘-ing’/‘-ed’ | one word | stocktaking |
| Multi-syllable noun + verb ‘-ing’/‘-ed’ | hyphen or 2 words | profit-taking |
#### Noun + noun
Often hyphenated if equal elements, rhyming, or prepositional phrase.  
**Example:** owner-driver, hocus-pocus, editor-at-large
---
### Compound adjectives
Hyphenate when:
- Two adjectives: **bitter-sweet**  
- Noun + adjective: **accident-prone**  
- Adverbial phrase before noun: **dusk-to-dawn curfew**
Don’t hyphenate:
- Adverb + adjective when adverb ends in ‘-ly’: **newly discovered**  
- When modified by very/most/etc.: **very well known diplomat**
---
### Clarification
Use hyphens to avoid ambiguity.
**Example**
> more experienced staff vs more-experienced staff
---
### Set phrases
Usually no hyphen unless further modified.
**Example**
> tax office ruling vs retrospective tax-office ruling
---
### Adjectives with verbs
- Compound adjectives with participles often hyphenated: **well-known**  
- Some are single words: **airborne, widespread**  
- Don’t hyphenate adverb + verb when adverb ends in ‘-ly’.
---
### Numbers and fractions
- Hyphenate compound adjectives with numbers: **4-part series**, **third-storey office**  
- Spell-out numbers 21–99 with hyphens: **twenty-one**  
- Hyphenate fractions: **one-half**, but **a half**
---
### Capitals, italics, quotation marks
Usually no hyphen.  
**Example:** High Court decision, ‘do or die’ attitude
---",Style Guide Content/Hyphens.md,4174,6273,
95ee597e-495e-4792-a473-0803f7093e12,Hyphens.md,"['Hyphens', 'Compound verbs']",270,276,28,#hyphens/compound-verbs,,"## Compound verbs
Hyphenate adjective + noun or noun + verb: **cold-shoulder**, **gift-wrap**  
Don’t hyphenate adverb + verb: **bypass**, **overreact**
---",Style Guide Content/Hyphens.md,6275,6431,
332c380b-444e-4bd5-acd3-325a151386c3,Hyphens.md,"['Hyphens', 'Compound adverbs']",277,282,13,#hyphens/compound-adverbs,,"## Compound adverbs
Write as one word: **barefoot**, **downstream**
---",Style Guide Content/Hyphens.md,6433,6504,
a98fd5ac-cc90-4679-8feb-208cfc5a7d2d,Hyphens.md,"['Hyphens', 'Repeat words instead of using a hanging hyphen']",283,288,32,#hyphens/repeat-words-instead-of-using-a-hanging-hyphen,,"## Repeat words instead of using a hanging hyphen
Hanging hyphen example: **full- and part-time positions** → better as **full-time and part-time positions**
---",Style Guide Content/Hyphens.md,6506,6667,
862ad7cf-2dca-4e51-bbd5-8806314aca76,Hyphens.md,"['Hyphens', 'Don’t hyphenate ‘-ing’ and ‘-ed’ verbs or most ‘-ly’ adverbs']",289,297,32,#hyphens/dont-hyphenate-ing-and-ed-verbs-or-most-ly-adverbs,,"## Don’t hyphenate ‘-ing’ and ‘-ed’ verbs or most ‘-ly’ adverbs
**Correct:** a fully loaded truck  
**Incorrect:** a fully-loaded truck
**Exceptions:** fully-fashioned, fully-fledged
---",Style Guide Content/Hyphens.md,6669,6855,
16407091-6982-4c38-8d15-2fd6e5d8252b,Hyphens.md,"['Hyphens', 'Release notes']",298,302,28,#hyphens/release-notes,,"## Release notes
The digital edition consolidates Content Guide + sixth edition. Adds examples and clarifies correct vs incorrect use.
---",Style Guide Content/Hyphens.md,6857,6995,
59cfccca-a923-4229-acba-887fdd940539,Italics.md,['Italics'],1,6,33,#italics,,"# Italics
Italic type contrasts with roman type. It draws people’s attention to convey meaning. Use italic type sparingly as it can affect readability.
---",Style Guide Content/Italics.md,0,155,
d37bb327-0df6-4f27-8d71-8ddbcc5deda2,Italics.md,"['Italics', 'Guidance']",7,17,69,#italics/guidance,,"## Guidance
- Limit use of italics  
- Italicise titles of stand-alone works, legal cases and Acts  
- Set off most foreign words and phrases  
- Don’t use italics for Latin shortened forms  
- Show that formulas and some text have special meaning  
- Stress words with special emphasis, but rarely
---",Style Guide Content/Italics.md,157,459,
db0968d7-aa73-41c7-85a4-8dbb14c08316,Italics.md,"['Italics', 'Limit use of italics']",18,57,319,#italics/limit-use-of-italics,,"## Limit use of italics
Italics are sloping letters. Roman type is upright and the default font type.
Italic type makes text stand out from surrounding roman type. The contrast can help readers notice important words, identify differences and find those words again.
**Example**
> The Australian of the Year honour is a government award. It is different from *The Australian*’s annual award of the same name.  
> [Publication titles use italics, but not awards.]
Italics lose their effectiveness when many italicised words appear on a page.
Limit italics to the uses described on this page, which link to detailed guidance.
**Don’t use italics for:**
- large blocks of text  
- material that would normally be in italics but is set apart (such as a list of titles under a heading)  
- aggregation pages (such as a page listing legislation).
Overuse affects the content’s accessibility, readability and usability.
---
### Accessibility requirements
**User need:**
> I can read and understand text, even if there are unusual words and shortened forms, or languages other than English.
**Fundamentals:**
- Use a consistent type style. For some users, it can be difficult to read the text when presented in a style that is different or unfamiliar. This includes changes to the shapes of letters, as between roman and italic type.  
- Avoid chunks of italic text.
**Web Content Accessibility Guidelines success criterion:**
Guideline 3.1 – readable. (WCAG 2.0 advisory techniques remain relevant.)
---",Style Guide Content/Italics.md,461,1957,
0ab57ffc-de02-429f-8bea-32a019596c79,Italics.md,"['Italics', 'Italicise titles of stand-alone works, legal cases and Acts']",58,102,400,#italics/italicise-titles-of-stand-alone-works-legal-cases-and-acts,,"## Italicise titles of stand-alone works, legal cases and Acts
A title or name in italic type shows that it is formal and complete. Shortened versions of the title and common titles are in roman type. Follow the detailed guidance for referencing and attribution.
Don’t use italics for the titles of sacred texts, such as the Bible or the Koran.
**Published works**  
Use italics for the titles of these published works:
- books and periodicals  
- plays  
- classics  
- most musical compositions  
- ballets and operas  
- films, videos and podcasts  
- blogs  
- television and radio programs  
- artworks.
**Example**
> David Williamson’s play *Emerald City* was first performed in 1987.  
> Elena Kats-Chernin’s *Piano concerto no. 3* is a recent work by the award-winning composer.  
> In 2018, Yvette Coppersmith won the Archibald Prize with *Self-portrait, after George Lambert*.
Unpublished works are in roman type.
---
### Reverse italics in titles of published works
In some titles, there are words that would normally be italicised. To make sure they stand out from the rest of the italicised title, write the words in roman type. This is called ‘reverse italics’.
**Example**
> *Gone on The Ghan and other great railway journeys of Australia*  
> [*The Ghan* is the official name of a train; it would normally be italicised.]
---
### Full titles of Acts and legal cases
Use italics for primary legislation and legal cases but not for delegated legislation or bills. Follow the guidance for legal material.
**Example**
> The Franklin Dam Case is the informal title of *Commonwealth v Tasmania* (1983) 158 CLR 1. The case led to the World Heritage Properties Conservation Bill which became an Act in 1983. In 1999, the Act was replaced by parts of the *Environment Protection and Biodiversity Conservation Act 1999*.",Style Guide Content/Italics.md,1959,3785,
63c3a5dd-e44b-4e3d-95a6-01810699a31a,Italics.md,"['Italics', 'Italicise titles of stand-alone works, legal cases and Acts', 'Full titles of Acts and legal cases']",103,106,27,#italics/italicise-titles-of-stand-alone-works-legal-cases-and-acts,,"[The case name and the Act are italicised; the name for the bill, before enacted, is in roman type.]

---",Style Guide Content/Italics.md,0,5,
a24fef35-d8fa-4b92-bbb7-60351145940f,Italics.md,"['Italics', 'Set off most foreign words and phrases']",107,124,153,#italics/set-off-most-foreign-words-and-phrases,,"## Set off most foreign words and phrases
Italics contrast words and phrases that are not in English from surrounding text. Foreign words and phrases should generally be avoided in government writing, unless there is no English equivalent.
**Example**
> The more things change, *plus c’est la même*.
Standard Australian English can absorb words or phrases from other languages. Write these ‘borrowed’ words without italics or accent marks.
**Example**
> John was the head barista at the department’s coffee shop.
Check a dictionary if you are unsure about whether a word of foreign origin should be italics.
Do not italicise names or words from First Nations languages. They are Australian languages, not foreign languages.
---",Style Guide Content/Italics.md,3787,4514,
5ec36574-11fa-40b2-b2fe-b5363c2abdfd,Italics.md,"['Italics', 'Don’t use italics for Latin shortened forms']",125,133,65,#italics/dont-use-italics-for-latin-shortened-forms,,"## Don’t use italics for Latin shortened forms
The ‘common use’ principle applies to Latin shortened forms (such as ‘etc.’ and ‘i.e.’). Write the full Latin word in italics but not the shortened form.
**Example**
> The abbreviation ‘cf.’ is from the Latin word *confer* and means ‘compare’.
---",Style Guide Content/Italics.md,4516,4810,
dc370810-afc6-4ba5-9a79-a02a218ca4e2,Italics.md,"['Italics', 'Show that formulas and some text have special meaning']",134,178,395,#italics/show-that-formulas-and-some-text-have-special-meaning,,"## Show that formulas and some text have special meaning
Italics are often used for the first instance of a technical term when it’s defined or introduced for the first time. Instead, to draw attention to words with special meaning, use single quotation marks.
Specialist uses of italics include well-known mathematical theorems and formulas.
**Example**
> Pythagoras’s theorem for a right-angled triangle proved that *a² + b² = c²*.
---
### Special material
Some content needs to be set apart from the text for readers to make sense of it. Examples of italicised notes, instructions and extra material in published works include:
- Theatre and film scripts can use italics for stage directions.  
- Books often italicise a prelude or brief introductory remark to set the scene.  
- Musical scripts sometimes use italics for instructions.
Remember to avoid blocks of italics wherever possible. Blocks of italics are difficult to read, so consider other formatting and design options.
---
### Official names of vehicles
Ships, trains, aircraft and other vehicles sometimes have a proper name. The name is in italics excluding any definite article. The brand or type of vehicle is in roman type.
**Example**
> Until 1997, Queen Elizabeth II would use the *Britannia* to sail to official visits overseas. [The definite article ‘the’ is in roman type, while the ship’s official name is in italics.]  
> Qantas uses Australian names like *Great Southern Land* for the Dreamliner fleet.
---
### Scientific names
Use italics for the genus and species, including any subspecies, but not for the common name.
Write the scientific names of infectious organisms, including some bacteria and fungi, in italics.
**Example**
> *Acacia phlebocarpa* is the scientific name for the tabletop wattle.  
> Certain strains of the bacteria *Staphylococcus aureus* cause golden staph.
---",Style Guide Content/Italics.md,4812,6677,
103848d2-3bf8-453b-b473-0801f9fd1c4a,Italics.md,"['Italics', 'Stress words with special emphasis, but rarely']",179,201,218,#italics/stress-words-with-special-emphasis-but-rarely,,"## Stress words with special emphasis, but rarely
Sometimes you want to stress a word for meaning or to convey emotion, including a change in tone. Italics, used sparingly, can work for this purpose.
**Example**
> ‘I didn’t mean *her*,’ they said, ‘I meant *him*.’  
> The deadline is Monday, not Friday.
Don’t use italics when another style or formatting option is available. Single quotation marks can work for emphasis unless they’re serving a different stylistic use.
---
### Emphasis in quotations
Sometimes, you might want to add italics to quotations to bring attention to particular words or phrases. If you do this, write ‘emphasis added’ in square brackets following the italicised text. This way, people will know the italics didn’t appear in the original quotation.
**Example**
> ‘Subsequently, in 1903, Parliament passed a unanimous resolution that it should be flown.’ [emphasis added]
If the italics is part of the original text, write ‘emphasis from original’ in the square brackets following the quotation.
---",Style Guide Content/Italics.md,6679,7706,
69e13bdb-949b-4465-bf84-8793d0952984,Italics.md,"['Italics', 'Release notes']",202,210,255,#italics/release-notes,,"## Release notes
The digital edition revises guidance on italics.
- The *Content Guide* recommended avoiding use of italics. The digital edition outlines limited uses for italics. It reinstates the use of italics for Acts and titles of formal publications.  
- The sixth edition use of italics for titles is retained, with the exception of long poems. Italicised titles are now reserved for poems in book form.  
- The digital edition departs from sixth edition advice to use italics for letters, words and phrases cited as themselves, terms that are deliberately misused and terms that are newly coined. This reflects expert advice about limiting the use of italics in digital content to ensure readability and accessibility.  
- The guidance for reverse italics has changed from the sixth edition, which recommended single quotes in addition to roman type for words embedded in an italicised title. The digital edition change is in keeping with the principle of minimal punctuation.  
- The digital edition recommends against use of italics for names or words from Aboriginal and Torres Strait Islander languages. This departs from stylistic convention: ‘borrowed’ words (not absorbed into Australian English) are otherwise italicised.",Style Guide Content/Italics.md,7708,8945,
2cd4d4b6-fc2c-417b-a0e6-686b3605377f,Judiciary.md,['Judiciary'],1,6,19,#judiciary,,"# Judiciary
Use the correct titles to refer to members of the judiciary.
---",Style Guide Content/Judiciary.md,0,76,
61fbcb11-e9ec-4808-ae97-49a03b2af7f1,Judiciary.md,"['Judiciary', 'Guidance']",7,25,109,#judiciary/guidance,,"## Guidance
### Use the correct form to refer to judges and magistrates
Refer to judges of the following courts as **‘Justice’** and use the title **‘The Honourable’**:
- High Court  
- Federal Court  
- Federal Circuit and Family Court of Australia (Division 1)  
- supreme courts in the states and territories.
Use the titles **‘Your Honour’**, **‘His Honour’** or **‘Her Honour’** for judges of:
- Federal Circuit and Family Court of Australia (Division 2)  
- district courts  
- county courts.
---",Style Guide Content/Judiciary.md,78,580,
917b9e73-3cf2-4761-ad87-422bce3c3b5c,Judiciary.md,"['Judiciary', 'High Court and Federal Court']",26,46,132,#judiciary/high-court-and-federal-court,,"## High Court and Federal Court
Instructions for addressing judges and registrars are at:
- **High Court** – *How do I address a High Court judge?* [PDF 31 KB]  
- **Federal Court** – *How to address [Federal Court] judges & judicial registrars.*
Judges of these courts retain the title **‘The Honourable’** for life.
**Example**
> The Honourable Chief Justice Stephen Gageler AC [Chief Justice]  
> The Honourable Susan Kiefel AC [Retired Chief Justice]
You can also abbreviate the term **‘Honourable’** to **‘Hon’** without a full stop.
**Example**
> The Hon Justice Penelope Neskovcin  
> The Hon Justice Dowling
---",Style Guide Content/Judiciary.md,582,1201,
919c6c49-a3fd-4898-8fcd-f13b3cd17951,Judiciary.md,"['Judiciary', 'Federal Circuit and Family Court of Australia (Division 1) and the supreme courts']",47,68,188,#judiciary/federal-circuit-and-family-court-of-australia-division-1-and-the-supreme-courts,,"## Federal Circuit and Family Court of Australia (Division 1) and the supreme courts
Refer to judges of the following courts as **‘Justice’** and use the title **‘The Honourable’**:
- Federal Circuit and Family Court of Australia (Division 1)  
- supreme courts in the states and territories.
**Example**
> The Honourable Justice Christine Mead  
> The Honourable Justice Joshua Wilson
Judges of the Federal Circuit and Family Court of Australia (Division 1) and chief justices of the supreme courts in states and territories retain the title **‘The Honourable’** for life. Supreme court justices also generally retain the title for life.
In emails and letters, use **‘Dear Justice [Family name]’** to address:
- a justice of the Federal Circuit and Family Court of Australia (Division 1)  
- a judge of a state or territory supreme court.
Conclude correspondence with **‘Yours faithfully’**.
---",Style Guide Content/Judiciary.md,1203,2099,
93974412-2332-486d-9a72-ad0fcb24014c,Judiciary.md,"['Judiciary', 'District and county courts']",69,89,93,#judiciary/district-and-county-courts,,"## District and county courts
Address judges of the following courts as **‘Judge’**:
- Federal Circuit and Family Court of Australia (Division 2)  
- district courts  
- county courts.
Use the title **‘His Honour’** or **‘Her Honour’** for judges of these courts.
**Example**
> Her Honour Judge Matteo  
> His Honour Judge Jarro
In emails and letters:
- Open with **‘Dear Judge [Family name]’**.  
- Conclude with **‘Yours faithfully’**.
---",Style Guide Content/Judiciary.md,2101,2542,
f6a6b109-3f02-4eb4-8fcf-22b87606853a,Judiciary.md,"['Judiciary', 'Magistrate and local courts']",90,101,57,#judiciary/magistrate-and-local-courts,,"## Magistrate and local courts
Address magistrates in court as **‘Your Honour’**. When outside court, address them as **‘Magistrate’**.
When addressing an envelope use **‘Her Honour Magistrate’** or **‘His Honour Magistrate’**.
**Example**
> His Honour Magistrate Smart  
> Her Honour Magistrate Duvnjak
---",Style Guide Content/Judiciary.md,2544,2851,
24aa39f7-83e8-4d32-9c28-33634a4e6723,Judiciary.md,"['Judiciary', 'Knighted judges']",102,117,88,#judiciary/knighted-judges,,"## Knighted judges
Address a judge who is a knight or dame as **‘The Honourable Sir’** or **‘The Honourable Dame’**.
**Example**
> The Honourable Sir Ninian Stephen KG AK GCMG GCVO KBE QC  
> The Honourable Dame Roma Flinders Mitchell AC DBE CVO QC
On subsequent mention, you can use **‘Sir’** or **‘Dame’** and the person’s given name.
**Example**
> Sir Ninian  
> Dame Roma
---",Style Guide Content/Judiciary.md,2853,3232,
a8e6d078-a84e-4c7e-99ce-a91779dc1678,Judiciary.md,"['Judiciary', 'Release notes']",118,128,120,#judiciary/release-notes,,"## Release notes
The digital edition includes information from the sixth edition with updated examples.
The digital edition removes the sixth edition’s requirement to use full stops with the abbreviation of **‘The Honourable’** to **‘The Hon’**.
This change is supported by evidence from Australian corpora and is consistent with the digital edition’s recommendation to use minimal punctuation.
For the same reason, digital edition examples do not follow the sixth edition’s requirement for a comma before and between post-nominals.
The *Content Guide* did not include information on titles for the judiciary.",Style Guide Content/Judiciary.md,3234,3843,
8f165e7f-70a4-4f9e-bcad-33d47b8df475,Latin shortened forms.md,['Latin shortened forms'],1,6,37,#latin-shortened-forms,,"# Latin shortened forms
Use English rather than Latin shortened forms, except in some cases. People will prefer the English equivalent unless the context requires special use.
---",Style Guide Content/Latin shortened forms.md,0,179,
b2df6464-8452-4bba-9eb2-afa66630da2a,Latin shortened forms.md,"['Latin shortened forms', 'Guidance']",7,13,25,#latin-shortened-forms/guidance,,"## Guidance
- Avoid using Latin shortened forms in most content  
- Use the English words where possible
---",Style Guide Content/Latin shortened forms.md,181,289,
58efe468-42cd-4ac8-8bef-3208ce7a6939,Latin shortened forms.md,"['Latin shortened forms', 'Avoid using Latin shortened forms in most content']",14,22,51,#latin-shortened-forms/avoid-using-latin-shortened-forms-in-most-content,,"## Avoid using Latin shortened forms in most content
Use Latin forms only in limited situations – for example:
- where there’s limited space, such as in tables  
- in technical and specialist publications that use them.
---",Style Guide Content/Latin shortened forms.md,291,514,
3b8548ab-17dd-44db-8fa5-812261bec2e9,Latin shortened forms.md,"['Latin shortened forms', 'Meanings of common Latin shortened forms']",23,49,235,#latin-shortened-forms/meanings-of-common-latin-shortened-forms,,"## Meanings of common Latin shortened forms
| Shortened form | Complete Latin word  | Meaning                        |
| -------------- | -------------------- | ------------------------------ |
| c.             | circa                | about, approximately           |
| cf.            | conferatur            | compare                        |
| e.g.           | exempli gratia        | for example                    |
| et al.         | et alii               | and others                     |
| etc.           | et cetera             | and so forth, and so on         |
| i.e.           | id est                | that is                        |
| MS             | manuscriptum          | manuscript                     |
| NB             | nota bene             | take careful note              |
| PPS            | post postscriptum     | second postscript              |
| PS             | postscriptum          | postscript                     |
| v., vs         | versus                | against                        |
| viz.           | videlicet              | namely                         |
---
Unlike other shortened forms, some Latin shortened forms have full stops.
The terms **‘i.e.’** and **‘e.g.’** need full stops after each letter. This helps screen readers announce them.
Don’t follow **‘e.g.’** or **‘i.e.’** with a comma, regardless of whether you would use a comma in the sentence.
---",Style Guide Content/Latin shortened forms.md,516,1929,
a41d11f2-1012-4ddf-aaf5-194a4543120f,Latin shortened forms.md,"['Latin shortened forms', 'Use the English words where possible']",50,76,311,#latin-shortened-forms/use-the-english-words-where-possible,,"## Use the English words where possible
Rather than using **‘e.g.’** or **‘i.e.’** write the English words out in full. Write **‘for example’** and **‘that is’** instead, particularly in more formal publications.
**Like this**
> They found some aspects of grammar confusing – for example, the different types of pronouns.  
> The department has a major problem with its website – that is, users find pages are very slow to load.
**Not this**
> They found some aspects of grammar confusing, e.g. the different types of pronouns.  
> The department has a major problem with its website, i.e. users find pages very slow to load.
---
Don’t use the shortened form for *et cetera*. Use of **‘etc.’** is redundant in a list introduced by **‘for example’**, **‘such as’** or **‘including’**. These expressions show that the list is incomplete.
If you think you need to include **‘etc.’** because there’s more to say, include these ideas in your sentence instead.
**Correct**
> This funding is intended for upgrading roads in Gold Coast and Hinterland urban centres (for example, Surfers Paradise and Southport).  
> This funding is for upgrading roads in the Gold Coast and Hinterland urban centres (Surfers Paradise, Southport, Upper Coomera and Robina). [All the places are listed, so ‘for example’ isn’t needed.]
**Incorrect**
> This funding is for upgrading roads in Gold Coast and Hinterland urban centres (for example, Surfers Paradise, Southport etc.).
---",Style Guide Content/Latin shortened forms.md,1931,3386,
4fbda0f6-8a96-44ff-aeab-b9ce7a5e6d55,Latin shortened forms.md,"['Latin shortened forms', 'Release notes']",77,87,219,#latin-shortened-forms/release-notes,,"## Release notes
The digital edition follows the *Content Guide’s* advice to avoid using Latin shortened forms. It lists common shortened forms and provides advice on the limited circumstances where they could be used and how to punctuate them.
This is a departure from advice in the sixth edition, which listed ‘thoroughly anglicised’ shortened forms used regularly in publications. It did not explicitly warn against their use. The sixth edition recommended against using **‘i.e.’**, **‘e.g.’** and **‘etc.’** in body text and in formal content.
The digital edition updates punctuation style for shortened forms.
- It removes the requirement to use full stops with non-Latin abbreviations.  
- Consistent with the sixth edition, it does not use full stops with acronyms or initialisms, or contractions.  
- The digital edition changes the recommendation to use a full stop with the contraction **‘no’** for the word **‘number’** (from the Latin, *numero*). This aligns the guidance with the general rule for shortened forms, and with the principle of minimal punctuation.",Style Guide Content/Latin shortened forms.md,3388,4461,
e5e23669-42f8-41bf-a729-29a942283eb4,Legal material.md,['Legal material'],1,6,35,#legal-material,,"# Legal material
There are different conventions for how to cite legal material. Follow one style consistently to help people read and use the information.
---",Style Guide Content/Legal material.md,0,159,
18bf4345-f176-4f4c-bd66-513b43c9235c,Legal material.md,"['Legal material', 'Guidance']",7,15,45,#legal-material/guidance,,"## Guidance
* Cite legal material consistently and accurately
* Use the correct legislation title
* Add detail to citations with notes
* Include separate reference lists for legal material in 3 situations
---",Style Guide Content/Legal material.md,161,369,
9c213e37-9673-4c47-995d-a397559c0fdc,Legal material.md,"['Legal material', 'Cite legal material consistently and accurately']",16,34,158,#legal-material/cite-legal-material-consistently-and-accurately,,"## Cite legal material consistently and accurately
It’s important to cite legal sources in a consistent and accurate way across government.
The Style Manual gives common guidance for different types of legal material, including:
* bills and explanatory material
* Acts of parliament
* schedules
* delegated legislation
* cases and legal authorities
* treaties
If your government agency has a legislative focus, you might need more detail. For example, for an authoritative source for specific legal conventions, you might use the 4th edn of the *Australian Guide to Legal Citation*.
Use the Style Manual guidance to cite legal material for any type of content. If you work on non-government material, follow the appropriate style for your publication.
---",Style Guide Content/Legal material.md,371,1126,
197b814e-dffe-4a9b-a9d5-b94b95f1562a,Legal material.md,"['Legal material', 'Use the correct legislation title']",35,95,398,#legal-material/use-the-correct-legislation-title,,"## Use the correct legislation title
Unless it is obvious from the context:
* Put the title first when writing in-text citations, footnotes and endnotes.
* Follow the title with the rest of the citation.
**Write this**
> The *Loans Security Act 1973* (subsection 5A(b)) provides for …
> Commonwealth legislation (*Loans Security Act 1973*, subsection 5A(b)) provides for …
\[The citation pinpoints subsection 5A(b) of the Act after giving its title.]
**Not this**
> Commonwealth legislation (subsection 5A(b), *Loans Security Act 1973*) provides for …
---
### Finding authorised legislation titles
Use the following databases to find the authorised titles of legislation from each Australian jurisdiction.
**Commonwealth**
* [Federal Register of Legislation](https://www.legislation.gov.au)
**States and territories**
* [ACT Legislation Register](https://www.legislation.act.gov.au)
* [NSW legislation](https://legislation.nsw.gov.au)
* [Northern Territory legislation](https://legislation.nt.gov.au)
* [Queensland legislation](https://www.legislation.qld.gov.au)
* [South Australian legislation](https://www.legislation.sa.gov.au)
* [Tasmanian legislation](https://www.legislation.tas.gov.au)
* [Victorian legislation and parliamentary documents](https://www.legislation.vic.gov.au)
* [Western Australian legislation](https://www.legislation.wa.gov.au)
---
### Current (in force) or amending legislation
When you search or browse databases – such as those above – look for legislation that is *‘consolidated’* or *‘in force’*. This is current law.
* **Consolidated legislation** includes all amendments since the legislation was first enacted. Sometimes called *‘principal legislation’*.
* **Amending legislation** changes existing law. In legal databases, the original version (without later amendments) is called *‘as made’*, *‘as passed’*, or for Acts, *‘as enacted’*.
Government work often requires reference to:
* **recent changes** to the relevant law (*amending legislation*)
* **the current applicable law** (*consolidated legislation*)
You may also need to discuss **historical changes** over time, referring to amending legislation no longer in force.
The text of consolidated legislation includes endnotes named *‘Legislation history’* and *‘Amendment history’*.
A useful way to track legislation history – particularly older material not online – is the **Office of Parliamentary Counsel (OPC) Legislation tables**.
---",Style Guide Content/Legal material.md,1128,3560,
4e63fcbf-ec20-49df-8862-94efc3eebbb2,Legal material.md,"['Legal material', 'Add detail to citations with notes']",96,164,395,#legal-material/add-detail-to-citations-with-notes,,"## Add detail to citations with notes
Writing about law and legal matters requires careful citation.
You can use **in-text citations** and **footnotes or endnotes** to provide accurate and complete details.
---
### In-text citations
For general content, in-text citations often give all the information needed.
**Example**
> The *Major Bank Levy Act 2017* imposes a levy on authorised deposit-taking institutions.
> In *South Australia v Commonwealth* (*First Uniform Tax Case*), Chief Justice Latham of the Federal Court …
---
### Notes
Always list the legislation or case name first in a basic note.
Explanatory notes might vary and can add extra information without cluttering content.
Each note has a **superscript reference marker** before it. Users match the marker to the note.
**Example**
> The levy threshold is indexed quarterly.¹
> The legislative basis for parliamentary remuneration and entitlements is complex.²
¹ *Major Bank Levy Act 2017*, subsection 4(3).
² Section 48 of the *Australian Constitution* provides for the payment of members of parliament. Commonwealth Acts include *Remuneration and Allowances Act 1990*, *Remuneration Tribunal Act 1973*, *Ministers of State Act 1952*, … other Acts and associated delegated legislation.
---
### Digital content
In digital content, reference markers can be hyperlinked to their notes. Use **hyperlinked endnotes** for accessibility.
---
### Accessibility requirements
Reference markers and endnotes can be inaccessible for:
* people with low vision
* people using screen readers
* mobile phone users
If using reference markers and endnotes, ensure they:
* are sized for readability
* display correctly on small screens
* can be enlarged without loss of content or function
* are screen reader compatible
Seek specialist advice to meet these requirements.
---
### Print considerations
In print, follow your organisation’s style for footnotes or endnotes. Choose the style most useful for readers.
---",Style Guide Content/Legal material.md,3562,5525,
44790ee9-abfa-4061-b741-f2e3d882dd75,Legal material.md,"['Legal material', 'Include separate reference lists for legal material in 3 situations']",165,195,215,#legal-material/include-separate-reference-lists-for-legal-material-in-3-situations,,"## Include separate reference lists for legal material in 3 situations
Most government writers should only include a reference list if:
1. People need the list to understand the content
2. The content includes a reference list for non-legal sources
3. It is agency style to have a reference list
Set up **separate lists** under the subheadings **‘Legislation’** and **‘Legal cases’**.
* Arrange legislation and legal cases **alphabetically** under each heading.
* Write titles in **roman type**, even though they are italicised in-text (blocks of italics are hard to read).
**Example**
**Legislation**
> Long Service Leave (Commonwealth Employees) Regulation 2016
> Maintenance Orders (Commonwealth Officers) Act 1966
> Major Bank Levy Act 2017
> Marine Insurance Act 1909
**Legal cases**
> Dutton v Republic of South Africa \[1999] FCA 2
> HT v The Queen \[2019] HCA 40
> South Australia v Commonwealth (1942) 65 CLR 373 (*First Uniform Tax Case*)
> Victorian Railways Commissioners v Brown (1906) 3 CLR 1132
---",Style Guide Content/Legal material.md,5527,6540,
4d82e30a-486f-4edd-aad0-0439ed95ff37,Legal material.md,"['Legal material', 'Release notes']",196,211,117,#legal-material/release-notes,,"## Release notes
The digital edition:
* has extensive advice on citing legal material
* includes new material on Commonwealth tribunals and Australian Tax Office rulings
* expands on sixth edition treaties guidance
Departures from the sixth edition include:
* changes in capitalisation, punctuation, and italicisation
* recommending *Cth* rather than *Cwlth*
These are informed by Australian courts, government agencies in legislative contexts, and academic sources. The style is for **general, not specialist, legal content**.
The *Content Guide* previously mentioned legislation only briefly, with no detailed citation guidance.",Style Guide Content/Legal material.md,6542,7172,
33f29b33-61dc-4d98-9dbb-3166ef082703,Links.md,['Links'],1,6,39,#links,,"# Links
Links can help users navigate content. Include links when they support user journeys and for search engine optimisation. Write link text that is accurate and accessible.
---",Style Guide Content/Links.md,0,181,
92b549ba-4916-4d6f-9ee4-63b3e6eaf892,Links.md,"['Links', 'Guidance']",7,20,109,#links/guidance,,"## Guidance
- Link to something only if it helps meet the user’s need  
- Write link text that makes the destination clear  
- Don’t use exit modals  
- Include keywords at the start of links  
- Put most links at the end of sentences  
- Write short calls to action that explain what they do  
- Link email addresses not names  
- Open links in the same browser tab or window  
- Create internal links that support the user’s journey
---",Style Guide Content/Links.md,183,621,
273c0035-62d3-4585-a02a-2f1d1ea66b4b,Links.md,"['Links', 'Link to something only if it helps meet the user’s need']",21,45,231,#links/link-to-something-only-if-it-helps-meet-the-users-need,,"## Link to something only if it helps meet the user’s need
Links (hyperlinks) are words or images that users can click to go to other content.
Links help people navigate digital services or products. But they can also reduce readability and increase cognitive load. For this reason, use them only when they support a user need.
Links are also important for search engine optimisation. Search engines use links to:
- discover webpages  
- determine how they rank in search results.
Use text for links in most cases. These links are called anchor text.
Use images for links only if they meet a user need. If you do use images, accurately describe the link with alt text. Don’t describe the image itself.
---
### Digital Service Standard requirements
You must understand users and their context for using the service to meet the Digital Service Standard: **Criterion 1. Understand user needs**.
Do research with users to understand the task they are trying to do and how they navigate through your end-to-end service or product.
---",Style Guide Content/Links.md,623,1652,
3ec939c1-6428-4682-9092-4e4a5707260a,Links.md,"['Links', 'Link to a different site only if essential']",46,58,114,#links/link-to-a-different-site-only-if-essential,,"## Link to a different site only if essential
External links connect pages on a website to those on other domains. Use them only when they are an essential part of the user journey.
Include external links when the user needs:
- to complete their task on an external website  
- to access original, authoritative information that’s provided by another government agency or external source.
Follow your agency’s external linking policy when linking to non-government websites. Avoid implying endorsement to commercial websites in external links.
---",Style Guide Content/Links.md,1654,2201,
1ef54f88-11bd-405b-bc84-802281a860ed,Links.md,"['Links', 'Link to sources instead of duplicating them']",59,70,121,#links/link-to-sources-instead-of-duplicating-them,,"## Link to sources instead of duplicating them
When planning content, find out if similar information already exists. If it does, link to it rather than duplicating it.
Duplicated content is confusing because it’s not clear to the user which page is the authoritative source. This can cause users to abandon digital services.
Duplicated content also requires resources to maintain, as it can become out of date easily.
Link directly to the specific page that the user needs to go to, not the homepage. This is known as *deep linking*.
---",Style Guide Content/Links.md,2203,2741,
50337bf7-939e-4d0a-9af1-a332f9d6c8f2,Links.md,"['Links', 'Include document title, file type and size when linking to files']",71,100,386,#links/include-document-title-file-type-and-size-when-linking-to-files,,"## Include document title, file type and size when linking to files
Provide content in HTML format by default. This has benefits for both accessibility and maintenance. If a full HTML version of the file is not available, link to a summary page if it exists.
There will be some situations in which you need to link to non-HTML documents and files. Give users the information they need to decide whether to download the file by providing the:
- document title (not the file name)  
- the file type  
- the file size in kilobytes (kB) or megabytes (MB).
Include all this information in the link text, but remember that this adds extra information for all users. Minimise the number of links where you can.
**Example**
> You can read more about our financial position in the Digital Transformation Agency Annual Report 2019–20 \[PDF 1.96 MB].
You don’t need to explain ‘kB’ and ‘MB’ as they are units of measurement. ‘PDF’, ‘DOCX’ and other common file types are widely recognised. If your website uses an unusual or specialist file type, consider explaining this in your support pages.
---
### Take care when using file type icons
For some users, file type icons can be a useful way of recognising different kinds of files. These icons have disadvantages though:
- They can create ‘clutter’ for users, including those who use assistive technology – especially when there are lists of links.  
- They are images and require the same consideration for all images on websites, including alternative text.  
- They may require resources to apply and maintain.  
- They may not support the branding or overall look and feel of your site. Selecting or designing an inappropriate icon may confuse users.
---",Style Guide Content/Links.md,2743,4441,
4af4d452-7a05-4ad0-ae41-ab4aa5813fa0,Links.md,"['Links', 'Write link text that makes the destination clear']",101,133,283,#links/write-link-text-that-makes-the-destination-clear,,"## Write link text that makes the destination clear
Users scan content for links to understand what it is about. People who use assistive technologies often use the **tab** key to read from link to link. People who use screen readers often generate a list of links for quick navigation.
For these reasons, links need to make sense when read out of the context of surrounding content. Links like *click here* or *more information* don’t give the user any information about the destination.
Write link text that describes the destination in clear language. Match the content on the linked page so the user knows they have reached the right place.
**Write this**
> Find out more about our upcoming events on our Eventbrite page.
**Not this**
> Click here to find out about our upcoming meetups.
---
### Accessibility requirements
**User need:**  
I can find and navigate the content and determine where I am on the webpage.
**Fundamentals:**
- Write link text that makes the destination and purpose of the link clear.  
- All users must be able to understand the purpose of a link without extra context.
**Web Content Accessibility Guidelines success criteria:**
- 2.4.4 Link purpose (in context) – level A  
- 2.4.9 Link purpose (link only) – level AAA
---",Style Guide Content/Links.md,4443,5697,
616ce07b-b983-49b5-805a-2f6c02985534,Links.md,"['Links', 'Don’t use exit modals']",134,145,136,#links/dont-use-exit-modals,,"## Don’t use exit modals
An *exit modal* or *exit pop-up* is an alert that appears on the user’s browser when they select a link to an external website.
Don’t use these to tell users they are leaving your site when they use external links. Make it clear in your text that the link is external and explain why you have included it.
These pop-ups interrupt users, overemphasise the transition and can make users feel lost and confused.
You should also consider developing a policy to explain to users how your site approaches and presents links to government and non-government content.
---",Style Guide Content/Links.md,5699,6287,
d7b8da41-62a4-43d1-aa76-42d4954e9284,Links.md,"['Links', 'Include keywords at the start of links']",146,161,153,#links/include-keywords-at-the-start-of-links,,"## Include keywords at the start of links
People usually only read the first few words of links. Keep them concise and put the most important words at the start of the link.
Using relevant words at the start of links is called *frontloading*. Frontloading makes it easier for people to scan and find what they’re looking for. It also helps them to read and assess the link’s relevance.
Write links that are about a single idea, to help people to decide whether to click. Only link the keywords.
**Like this**
> Attend next month’s Brisbane workshop for developers and writers.
**Not this**
> Attend a Brisbane workshop for developers and writers next month.
---",Style Guide Content/Links.md,6289,6950,
044644f3-45d0-4ee1-9a30-3eb649b2d488,Links.md,"['Links', 'Put most links at the end of sentences']",162,177,144,#links/put-most-links-at-the-end-of-sentences,,"## Put most links at the end of sentences
Links reduce readability because they are distracting. They also make it easy for users to click away before they have read all your content.
If it’s important for users to understand all your content, put links at the end of sentences.
If a link makes more sense at the start of a sentence, consider if everything in the sentence is essential.
**Write this**
> Find out your eligibility for a payment by filling out the application form.
**Not this**
> You need to fill out the application form to find out if you are eligible for a payment.
---",Style Guide Content/Links.md,6952,7540,
fe54352e-40a6-4db8-8b13-2bf851657428,Links.md,"['Links', 'Write short calls to action that explain what they do']",178,189,52,#links/write-short-calls-to-action-that-explain-what-they-do,,"## Write short calls to action that explain what they do
Use concise keywords for call-to-action text or buttons. Accurately describe what will happen next.
**Write this**
> Start your application
**Not this**
> Click here to apply
---",Style Guide Content/Links.md,7542,7777,
bd28fcb7-0f2e-4378-9be0-fe84a2c53f74,Links.md,"['Links', 'Link email addresses not names']",190,203,68,#links/link-email-addresses-not-names,,"## Link email addresses not names
To link to an email address, use the email address as the link text so it’s not mistaken for a website address.
Use the `mailto:` prefix in the URL but not in the link text.
**Write this**
> belinda.bloggs@dta.gov.au
**Not this**
> Belinda Bloggs
---",Style Guide Content/Links.md,7779,8063,
6aa1bf02-1e7a-473d-9e5a-06f122eb26f6,Links.md,"['Links', 'Open links in the same browser tab or window']",204,217,202,#links/open-links-in-the-same-browser-tab-or-window,,"## Open links in the same browser tab or window
Set links to open in the same browser window or tab by default. This prevents users from becoming disoriented and allows them to use the ‘back’ button if needed. This is the default behaviour for links created using the `<a>` (anchor) HTML tag.
Consider carefully how users move through your website before you set a link to open in a new tab or window. Whether a user decides to open a link in a new browser tab or window depends heavily on the task they are trying to complete. Some examples are:
- logging on to a secure website  
- giving information that would disrupt a multi-step process, such as filling out a form  
- downloading a document.
In all cases, give users contextual information in the link to explain why a link will open in a new window or tab.
---",Style Guide Content/Links.md,8065,8883,
991187ac-e793-434e-a93a-da70a3daca0c,Links.md,"['Links', 'Create internal links that support the user’s journey']",218,248,277,#links/create-internal-links-that-support-the-users-journey,,"## Create internal links that support the user’s journey
Internal links connect pages on the same website. They help users and search engines find and navigate your content.
Build internal links to help users move through each stage of the user journey. Use them to help users:
- orient themselves when using your digital product or service  
- move sequentially through a step-by-step task  
- find information that’s directly related to a topic.
---
### Use the same homepage links across the site
You must include a homepage link in your main navigation. This helps users when they become lost or want to start a new task.
Add homepage links to the agency name or site title and the Commonwealth Coat of Arms image. Place these links in the top left part of the page.
---
### Add in-page links only if they help the user navigate
In-page links (anchor links or bookmark links) connect to content on the same page. Useful in-page links include:
- tables of contents  
- back-to-top links.
In-page links can be helpful when content is lengthy. But they can also be disorienting if users expect to go to a different page. Test content with users. Shorter content may better meet their needs.
---",Style Guide Content/Links.md,8885,10080,
8b789028-d747-4998-80e5-a129a40e332e,Links.md,"['Links', 'Release notes']",249,255,78,#links/release-notes,,"## Release notes
The digital edition significantly updates and expands on information about links.
The sixth edition guidance focused on hyperlinks in the context of creating material specifically for on-screen use. It made a distinction between *information hyperlinks* and *navigation hyperlinks* that is not used in the digital edition.
The *Content Guide* had advice on using hypertext and hyperlinks.",Style Guide Content/Links.md,10082,10487,
f45dcfa9-e0d5-458d-9d05-7cac836d02c9,Lists.md,['Lists'],1,6,48,#lists,,"# Lists
Lists make it easy for users to scan and understand a series of items. Structure and style lists with the user in mind. Set up grammatical structure for list items with a lead-in.
---",Style Guide Content/Lists.md,0,191,
a9c6ab7a-177e-493f-9f97-e6eda1e0a959,Lists.md,"['Lists', 'Guidance']",7,18,73,#lists/guidance,,"## Guidance
- Structure items in a series as a list  
- Write list items so they have parallel structure  
- Punctuate lists according to style  
- Choose a type of list  
- Use consistent formatting for all lists  
- Write numbered lists if the order is critical  
- Avoid using a multilevel list
---",Style Guide Content/Lists.md,193,494,
5bf7a3d7-c4da-4a23-b1dd-d1da7436d6f0,Lists.md,"['Lists', 'Structure items in a series as a list']",19,48,198,#lists/structure-items-in-a-series-as-a-list,,"## Structure items in a series as a list
Lists are series of items. All lists have a *lead-in* (a phrase or sentence) or heading to introduce the list.
Use lists to:
- help users skim information  
- group related information  
- help users understand how items relate to each other  
- show an order of steps  
- arrange information by importance.
Lists can be ordered or numbered (the order is important) or unordered (the order is not critical).
- A bullet list can be ordered or unordered.  
- A numbered list is always ordered.
Don’t use a list if you have only one item. Lists are only for a series of items.
---
### Accessibility requirements
**User need:**  
Fundamental requirement: use lists to make it easier for users to skim content and navigate pages.
**Web Content Accessibility Guidelines success criterion:** 1.3.1 Info and relationships – level A.
---",Style Guide Content/Lists.md,496,1365,
ede132ae-f8ad-489b-ba22-644918e96367,Lists.md,"['Lists', 'Make short lists']",49,55,41,#lists/make-short-lists,,"## Make short lists
Long lists can lose meaning and hierarchy, as lower items are further away from the lead-in.  
Move long lists to a separate page or an appendix.
---",Style Guide Content/Lists.md,1367,1536,
07fe7ad2-35db-4c56-a0a0-69afb88e10fd,Lists.md,"['Lists', 'Limit the number of lists']",56,61,35,#lists/limit-the-number-of-lists,,"## Limit the number of lists
Content with too many lists is hard to follow. The content should flow so people can read it easily.
---",Style Guide Content/Lists.md,1538,1671,
b9dc919d-5ba2-4abf-a2d2-e2e9b1ae4a77,Lists.md,"['Lists', 'Use a consistent pattern for list items']",62,69,66,#lists/use-a-consistent-pattern-for-list-items,,"## Use a consistent pattern for list items
Write items in a list so they follow a consistent pattern. The pattern is made up by the number of words you use and grammatical structure.
If items follow a consistent pattern, it makes a list easier to scan and understand.
---",Style Guide Content/Lists.md,1673,1944,
a95848b1-b797-4284-83c1-f9a498dd6ac4,Lists.md,"['Lists', 'Write list items so they have parallel structure']",70,97,180,#lists/write-list-items-so-they-have-parallel-structure,,"## Write list items so they have parallel structure
Write all list items so they have the same grammatical structure. This is called ‘parallel structure’. It makes lists easier to read.
To make a parallel structure, use the same:
- word type to start each item (such as a noun or a verb)  
- tense for each item (past, present or future)  
- sentence type (such as a question, direction or statement).
Move any words repeated in the list items to the lead-in.
**Write this**
> I will:  
> - read more emails  
> - go to meetings  
> - be punctual.
**Not this**
> I will be:  
> - reading more emails  
> - going to meetings  
> - punctual.
[The last item is an adjective while other list items begin with verbs.]
---",Style Guide Content/Lists.md,1946,2662,
2e239a27-a7ac-4911-901f-b8487d2b74bc,Lists.md,"['Lists', 'Punctuate lists according to style']",98,133,306,#lists/punctuate-lists-according-to-style,,"## Punctuate lists according to style
Unnecessary punctuation makes your list look cluttered. Current government style is for minimal punctuation.
---
### Punctuate lead-ins and headings consistently
- Phrase lead-ins always end in a colon (:).  
- Sentence lead-ins can end in a colon or a full stop. Choose one punctuation mark and use it for all sentence lead-ins in your document. If in doubt, choose a colon; it is used more commonly.  
- Headings do not have punctuation marks.
---
### Use minimal punctuation for all lists
In a bullet or numbered list, don’t use:
- semicolons (;) or commas (,) at the end of list items  
- ‘and’ or ‘or’ after list items.
Only include ‘and’ or ‘or’ after the second-last list item if it is critical to meaning – for example, you are writing in a legal context. Make sure the lead-in is a clear guide for how this kind of list should be interpreted.
Lead-ins for incomplete lists can use ‘for example’, ‘including’ or ‘includes’.
Don’t write ‘etc.’ at the end of the list to show the list is incomplete.
When listing items that may be additional or optional, write a lead-in to explain any variables.
**Example**
> Select your preference from one of these options:  
> Please write your response to any 3 of the following questions:  
> Applicants need to choose between either:
---",Style Guide Content/Lists.md,2664,3986,
409db005-c51f-4279-83a8-89ee0de44da6,Lists.md,"['Lists', 'Use full stops to complete sentences and fragment lists']",134,146,122,#lists/use-full-stops-to-complete-sentences-and-fragment-lists,,"## Use full stops to complete sentences and fragment lists
Sentence lists and fragment lists are 2 types of list that use full stops.
- Finish each item in a sentence list with a full stop, including the last one.  
- Finish fragment lists with a full stop only after the last item.
If you don’t include the full stop, people using screen readers may assume the next paragraph is part of the list.
A stand-alone list is a third type of list. Stand-alone lists don’t end in a full stop.
---",Style Guide Content/Lists.md,3988,4477,
351a0bef-0373-4aaa-bb10-7a41c24378d7,Lists.md,"['Lists', 'Choose a type of list']",147,215,322,#lists/choose-a-type-of-list,,"## Choose a type of list
Types of list include:
- sentence lists  
- fragment lists  
- stand-alone lists.
---
### Sentence lists
Use when you have a series of complete sentences.
**Rules:**
- Follow normal sentence structure.  
- Start with a capital letter and end with a full stop.  
- Align run-over lines with text, not bullets/numbers.  
- Avoid multiple sentences per item.
**Example**
> Actions for the committee  
> 1. The secretary will respond to each recommendation.  
> 2. The secretary will allocate responses that need more work to members.  
> 3. Members will discuss the recommendations at the next meeting on 9 March.
---
### Fragment lists
Use for incomplete sentences, with a sentence or phrase lead-in followed by a colon.
**Rules:**
- Lower case first letter (unless proper noun).  
- Full stop after last item only.  
- Grammatically parallel.  
- Each fragment should complete the lead-in as a sentence.
**Write this**
> Queensland is famous for its:  
> - islands and coral reefs  
> - abundant wildlife  
> - tropical rainforest  
> - beautiful beaches.
---
### Stand-alone lists
Use under a heading, not a lead-in.
**Rules:**
- Heading without a colon.  
- Capital letter to start each item.  
- No full stops.  
- Items can be nouns or fragments (not full sentences).
**Example**
> My weekly tasks  
> - Answer phone enquiries  
> - Book conference venues  
> - Order stationery  
> - Take meeting minutes
---",Style Guide Content/Lists.md,4479,5916,
982dd615-0192-4868-9162-daf83cb4d0dd,Lists.md,"['Lists', 'Use consistent formatting for all lists']",216,223,32,#lists/use-consistent-formatting-for-all-lists,,"## Use consistent formatting for all lists
Follow organisational templates.  
Indent most lists after the lead-in.  
Don’t mix different types in one list.
---",Style Guide Content/Lists.md,5918,6077,
7583051d-7465-4c9e-8097-7b31446f4aae,Lists.md,"['Lists', 'Write numbered lists if the order is critical']",224,237,76,#lists/write-numbered-lists-if-the-order-is-critical,,"## Write numbered lists if the order is critical
Numbered lists are for ordered content, like instructions.
**Example**
> How to register for the conference:  
> 1. Choose the days you will attend.  
> 2. Pick the workshops you want to join.  
> 3. Enter your discount code (if you have one).
Avoid in-line numbered lists.
---",Style Guide Content/Lists.md,6079,6405,
aff24b90-2aca-4a50-8474-ff3ac1f2f022,Lists.md,"['Lists', 'Put unordered lists in a sequence that helps the user']",238,250,59,#lists/put-unordered-lists-in-a-sequence-that-helps-the-user,,"## Put unordered lists in a sequence that helps the user
Order items logically or alphabetically.
**Example**
> National parks near Perth  
> - Avon Valley National Park  
> - Serpentine National Park  
> - Walyunga National Park  
> - Yanchep National Park
---",Style Guide Content/Lists.md,6407,6668,
e9574ff9-8845-4f6d-88ac-eeeb9be502c5,Lists.md,"['Lists', 'Avoid using a multilevel list']",251,272,101,#lists/avoid-using-a-multilevel-list,,"## Avoid using a multilevel list
If necessary:
- No more than 2 levels.  
- Lowercase letters for second level in numbered list.  
- Dash for second level in bullet list.  
- Same style for same level.
**Like this**
> There are many types of birds in Australia, including:  
> - nocturnal birds  
>   – frogmouths  
>   – nightjars  
>   – owls  
> - marsh birds  
>   – crakes  
>   – grebes  
>   – snipes.
---",Style Guide Content/Lists.md,6670,7082,
612386b2-7742-42b4-bc09-7f3935dd097b,Lists.md,"['Lists', 'Release notes']",273,279,55,#lists/release-notes,,"## Release notes
- Digital edition: punctuation only for last item in bullet list.  
- Advises against ‘and’/‘or’ at end unless necessary.  
- Allows multilevel lists (max 2 levels).  
- Updated fragment list rules.  
- Avoid multiple sentences in bullet/numbered lists.",Style Guide Content/Lists.md,7084,7354,
dfa1343c-b2b2-420a-b2bc-163f9cb893e9,Mathematical relationships.md,['Mathematical relationships'],1,6,56,#mathematical-relationships,,"# Mathematical relationships
A mathematical relationship is the connection between sets of numbers or variables. In most content, the connection should be described in words. Only use symbols if there’s a user need. Code symbols correctly to ensure they are accessible.
---",Style Guide Content/Mathematical relationships.md,0,273,
e29b67c6-5439-4781-9575-e91e241793c8,Mathematical relationships.md,"['Mathematical relationships', 'Guidance']",7,16,66,#mathematical-relationships/guidance,,"## Guidance
- Use words instead of symbols to improve accessibility  
- Use symbols when user research supports their use  
- Use a non-breaking space to keep characters and symbols together  
- Don’t use a space if a symbol modifies a value  
- Use the correct style for equations
---",Style Guide Content/Mathematical relationships.md,275,560,
87d06bc0-6506-4f24-a3a3-accfc1634179,Mathematical relationships.md,"['Mathematical relationships', 'Use words instead of symbols to improve accessibility']",17,39,237,#mathematical-relationships/use-words-instead-of-symbols-to-improve-accessibility,,"## Use words instead of symbols to improve accessibility
In most content, explain mathematical relationships using words instead of symbols.
Many people will understand simple operations written with symbols (`1 + 1 = 2`). But other mathematical relationships are hard to understand unless they are written in words. Symbols might not be available in every font set and the default settings of screen readers might not read all symbols.
Some users are unfamiliar with mathematical terminology. Make sure that you explain terms and concepts in plain language.
This rule applies to general content. If you’re writing specialist mathematical and scientific content, follow your publisher’s style.
In all mathematical expressions, write numbers as numerals. This applies even when you use words to explain a relationship between the numbers.
**Write this**
> The square root of 56 is greater than the square root of 26.  
> We can prove that 0 does not equal 1.
**Not this**
> √56 > √26.  
> We can prove that 0 ≠ 1.  
> We can prove that zero does not equal one.
---",Style Guide Content/Mathematical relationships.md,562,1625,
7073181f-c706-4ccd-be49-bff93b65ea22,Mathematical relationships.md,"['Mathematical relationships', 'Use symbols when user research supports their use']",40,86,380,#mathematical-relationships/use-symbols-when-user-research-supports-their-use,,"## Use symbols when user research supports their use
Only use mathematical symbols in general content if user research shows they are appropriate for your users and for the type of content.
Complicated mathematical relationships are difficult to express in words and are best written using symbols. These are more likely to appear in technical content, but user research might show it is appropriate to reproduce them in general content.
If so, follow this guidance to write and space mathematical symbols correctly.
---
### Use code for symbols, not punctuation
Always use the correct code for mathematical symbols:
| Symbol | Name                      | Unicode |  
|--------|---------------------------|---------|  
| +      | plus                      | U+002B  |  
| −      | minus                     | U+2212  |  
| ×      | multiplication            | U+00D7  |  
| ÷      | division                  | U+00F7  |  
| >      | greater than               | U+003E  |  
| <      | less than                  | U+003C  |  
| ≥      | greater than or equal to   | U+2265  |  
| ≤      | less than or equal to      | U+2264  |
The +, −, ×, ÷ are **operators** (perform operations on 2 elements).  
The >, <, ≥, ≤ are **relations** (show relationships between 2 elements).
Do not use punctuation marks (such as a dash) instead of a symbol.
**Correct**
> 8 − 0.5  [Using Unicode character for minus]
**Incorrect**
> 8 - 0.5  [Using hyphen]
---
### Note on terminology
The Style Manual uses **symbol** rather than **sign** when referring to particular mathematical symbols (for example, “plus symbol” rather than “plus sign”).  
In mathematics, the **sign** of a number generally means whether it is positive or negative.
In non-technical writing, it is acceptable to use “sign” in terms like “plus sign”, “minus sign” etc.
---",Style Guide Content/Mathematical relationships.md,1627,3453,
1246f220-b6e0-45ed-9bcb-9132622a0834,Mathematical relationships.md,"['Mathematical relationships', 'Don’t use a symbol or space for ratios']",87,98,33,#mathematical-relationships/dont-use-a-symbol-or-space-for-ratios,,"## Don’t use a symbol or space for ratios
Ratios use a colon with **no spaces**.
**Correct**
> 5∶1
**Incorrect**
> 5 ∶ 1
---",Style Guide Content/Mathematical relationships.md,3455,3579,
94c951ac-2fd7-429d-80f4-b2feac1db9a3,Mathematical relationships.md,"['Mathematical relationships', 'Accessibility requirements']",99,116,81,#mathematical-relationships/accessibility-requirements,,"## Accessibility requirements
Mathematical expressions often contain symbols and superscript. Unless coded correctly, these may be inaccessible for people who:
- have low vision  
- use screen readers
Insert symbols and superscript with tools such as:
- Unicode  
- LaTeX  
- MathML
Do **not** use images of symbols or superscript.  
Ensure both symbols and superscript can be enlarged without loss.
---",Style Guide Content/Mathematical relationships.md,3581,3984,
bc55dc62-0fcf-4ab8-a565-e264ceed5ef6,Mathematical relationships.md,"['Mathematical relationships', 'Addition and positive numbers']",117,133,68,#mathematical-relationships/addition-and-positive-numbers,,"## Addition and positive numbers
Use the plus symbol (+) from your keyboard. Unicode: `U+002B`.
- For **addition** → use non-breaking spaces around the plus symbol  
- For **positive value** → no space after the plus symbol
**Correct**
> 2 + 10  
> +3
**Incorrect**
> 2+10  
> + 3
---",Style Guide Content/Mathematical relationships.md,3986,4270,
c87e2cf1-7a6d-4cec-97e0-d51737d50382,Mathematical relationships.md,"['Mathematical relationships', 'Subtraction and negative numbers']",134,151,76,#mathematical-relationships/subtraction-and-negative-numbers,,"## Subtraction and negative numbers
Use the mathematical minus symbol (−). Unicode: `U+2212`.
- Do not use numeric keypad minus, en dash, or hyphen  
- For **subtraction** → non-breaking spaces around the minus  
- For **negative value** → no space after the minus
**Correct**
> 12 − 4  
> −5
**Incorrect**
> 12−4  
> − 5
---",Style Guide Content/Mathematical relationships.md,4272,4597,
91d9ac81-15fb-4723-a467-cd6538694162,Mathematical relationships.md,"['Mathematical relationships', 'Division']",152,173,114,#mathematical-relationships/division,,"## Division
Use either:
- Division symbol (÷) `U+00F7`  
- Division slash (∕) `U+2215`
Programming languages and Excel use `/`.
Use non-breaking spaces around ÷.  
Division slash is **unspaced** in mathematics, but consider narrow no-break spaces (`U+202F`) or thin spaces (`U+2009`) for clarity.
**Example**
> (a + b) ÷ (x + y)  
> (a + b)∕(x + y)  
> (a + b) ∕ (x + y)  
> (a + b) ∕ (x + y)
Variables (like *x*) are italicised; do not italicise numbers or symbols.
---",Style Guide Content/Mathematical relationships.md,4599,5069,
cd74e365-e0ad-4bb1-b4a9-d544df609ed0,Mathematical relationships.md,"['Mathematical relationships', 'Multiplication']",174,190,74,#mathematical-relationships/multiplication,,"## Multiplication
Use the multiplication symbol (×) `U+00D7`.  
Do not use the letter “x”.  
Dot operator (⋅) `U+22C5` is for technical use.
Use non-breaking spaces around ×.
**Write this**
> (a + b) × (x + y)
**Not this**
> (a + b) · (x + y)  
> (a + b) * (x + y)
---",Style Guide Content/Mathematical relationships.md,5071,5339,
ffde9d98-835a-49e1-9ee9-8d0a280bbc60,Mathematical relationships.md,"['Mathematical relationships', '‘Greater than’ and ‘less than’']",191,204,60,#mathematical-relationships/greater-than-and-less-than,,"## ‘Greater than’ and ‘less than’
- Greater than (>) `U+003E`  
- Less than (<) `U+003C`
Use words in general content unless research shows users prefer symbols.  
Use non-breaking spaces around the symbols.
**Example**
> 0.7 is less than 0.9  
> 0.7 < 0.9
---",Style Guide Content/Mathematical relationships.md,5341,5601,
5734e895-fa41-4f10-a758-ad80104714c1,Mathematical relationships.md,"['Mathematical relationships', '‘Greater than or equal to’ and ‘less than or equal to’']",205,224,86,#mathematical-relationships/greater-than-or-equal-to-and-less-than-or-equal-to,,"## ‘Greater than or equal to’ and ‘less than or equal to’
- ≥ `U+2265`  
- ≤ `U+2264`
Do not use `>=` or `<=` in general content.
**Example**
> Our target is greater than or equal to 90  
> x ≥ 4
---
### Don’t space when referring to a range
Expressions like `<6.74` have no space.  
Better to use words: “less than 6.74”.
---",Style Guide Content/Mathematical relationships.md,5603,5929,
95400f7e-e546-4cdc-ab1c-7082cda7cc9b,Mathematical relationships.md,"['Mathematical relationships', 'Use a non-breaking space to keep characters and symbols together']",225,234,31,#mathematical-relationships/use-a-non-breaking-space-to-keep-characters-and-symbols-together,,"## Use a non-breaking space to keep characters and symbols together
Insert using:
- Unicode: `U+00A0`  
- HTML: `&nbsp;`  
- Word: `Ctrl+Shift+Space`
---",Style Guide Content/Mathematical relationships.md,5931,6084,
c8e166a6-8656-46aa-abef-9110a8893804,Mathematical relationships.md,"['Mathematical relationships', 'Don’t use a space if a symbol modifies a value']",235,241,47,#mathematical-relationships/dont-use-a-space-if-a-symbol-modifies-a-value,,"## Don’t use a space if a symbol modifies a value
No space when symbol is an adjective (e.g., +3, −25).  
Non-breaking spaces when symbol acts as conjunction or verb (e.g., 6 + 6).
---",Style Guide Content/Mathematical relationships.md,6086,6270,
3674f379-e410-4ad5-b3e5-e95281f1cf67,Mathematical relationships.md,"['Mathematical relationships', 'Use the correct style for equations']",242,267,126,#mathematical-relationships/use-the-correct-style-for-equations,,"## Use the correct style for equations
- Equals symbol (=) `U+003D`  
- Non-breaking spaces around equals and operators (except division slash)  
- No space between character and superscript/subscript
**Correct**
> 10 + 1 = 11  
> xᵃ × xᵇ = xᵃ⁺ᵇ  
> xₙ = xₙ₋₁ + xₙ₋₂
---
### Set equations as block quotations
Displayed equations are indented, centred, or left-aligned.
**Example**
> In geometrical optics, Newton’s formula for focal length is  
>   
> f = √xy  
>   
> where *f* is focal length, *x* is object distance and *y* is image distance.
---",Style Guide Content/Mathematical relationships.md,6272,6821,
fbec0388-c9e9-4a32-bf89-3657d64a7608,Mathematical relationships.md,"['Mathematical relationships', 'Codes for mathematical symbols']",268,285,289,#mathematical-relationships/codes-for-mathematical-symbols,,"## Codes for mathematical symbols
| Symbol | Name                      | Unicode | HTML entity | HTML decimal | HTML hex | Word subset |
|--------|---------------------------|---------|-------------|--------------|----------|-------------|
| +      | plus (addition)            | U+002B  | &plus;      | &#43;        | &#x2b;   | Basic Latin |
| −      | minus (subtraction)        | U+2212  | &minus;     | &#8722;      | &#x2212; | Mathematical Operators |
| ×      | multiplication             | U+00D7  | &times;     | &#215;       | &#xd7;   | Latin-1 Supplement |
| ÷      | division                   | U+00F7  | &divide;    | &#247;       | &#xf7;   | Latin-1 Supplement |
| ∕      | division slash             | U+2215  | n/a         | &#8725;      | &#x2215; | Mathematical Operators |
| =      | equals                     | U+003D  | &equals;    | &#61;        | &#x3d;   | Basic Latin |
| ≠      | not equal to               | U+2260  | &ne;        | &#8800;      | &#x2260; | Mathematical Operators |
| >      | greater than               | U+003E  | &gt;        | &#62;        | &#x3e;   | Basic Latin |
| <      | less than                  | U+003C  | &lt;        | &#60;        | &#x3c;   | Basic Latin |
| ≥      | greater than or equal to   | U+2265  | &ge;        | &#8805;      | &#x2265; | Mathematical Operators |
| ≤      | less than or equal to      | U+2264  | &le;        | &#8804;      | &#x2264; | Mathematical Operators |
---",Style Guide Content/Mathematical relationships.md,6823,8279,
87d38054-7d81-4466-b538-8aa4580140a1,Mathematical relationships.md,"['Mathematical relationships', 'Release notes']",286,296,93,#mathematical-relationships/release-notes,,"## Release notes
The digital edition revises guidance on expressing mathematical relationships:
- Default to words; symbols allowed for complex relationships with user need  
- No en dash for minus symbol; advice on division symbols added  
- Expanded guidance on non-breaking spaces  
- Adds advice on equations and Word’s equation editor  
- Includes coding and accessibility guidance with a table of codes
The Content Guide did not cover mathematical relationships.",Style Guide Content/Mathematical relationships.md,8281,8749,
8004da82-e965-41c1-b06d-72f82b4ca050,Measurement and units.md,['Measurement and units'],1,6,35,#measurement-and-units,,"# Measurement and units
Standard units of measurement support readability and accuracy. Express precise values for users by combining numerals with the correct unit symbol.
---",Style Guide Content/Measurement and units.md,0,176,
d6c8d066-1641-4412-a92a-36cc22c9372c,Measurement and units.md,"['Measurement and units', 'Guidance']",7,19,82,#measurement-and-units/guidance,,"## Guidance
- Use the standard units of measurement  
- Write numerals with units of measurement  
- Use symbols for common units of measurement  
- Put a non-breaking space between numbers and units  
- Don’t add ‘s’ for plural forms  
- Compare measurements using the same units  
- Only use non-SI units if the user understands them  
- Avoid imperial units
---",Style Guide Content/Measurement and units.md,178,542,
7a9ba9cc-4b44-4dc0-aa2a-9f327834a5f1,Measurement and units.md,"['Measurement and units', 'Use the standard units of measurement']",20,44,234,#measurement-and-units/use-the-standard-units-of-measurement,,"## Use the standard units of measurement
Australia uses the metric system for most quantities:
- The modern form of the metric system is the **International System of Units (SI)**.  
- Australia also uses some **non-SI legal units of measurement**, which are listed in Schedules 1 and 2 of the *National Measurement Regulations*.  
- The **National Measurement Institute** oversees Australian units of measurement. The governing legislation is the *National Measurement Act 1960*.
> Don’t use the non-SI legal units of measurement for international content. The exception is when you have checked that users will understand and accept them.
**Rules for units of measurement:**
- **Punctuation:** don’t place a full stop after a unit of measurement.  
- **Capitalisation:** use capitals only if the unit represents a proper name.  
- **Plural and possessive:** units don’t have a plural or possessive form.  
- **Start of a sentence:** write out the unit in full.  
- **Spacing:** use a non-breaking space between the number and the unit.
**Example:**
- `m` for metre  
- `kg` for kilogram  
- `W` for watt
---",Style Guide Content/Measurement and units.md,544,1653,
3071f17b-96d0-4441-9ed4-9abbcd86ff8f,Measurement and units.md,"['Measurement and units', 'Accessibility requirements']",45,75,186,#measurement-and-units/accessibility-requirements,,"## Accessibility requirements
Measurements and units can include:
- symbols (for example, `μ` for ‘micro’)  
- superscript (a number, letter or symbol placed above a line – for example, the ‘²’ in `km²`).
Unless coded correctly, symbols and superscript may be inaccessible for some people who:
- have low vision  
- use screen readers to access content.
**Insert symbols and superscript with tools such as:**
- Unicode  
- LaTeX  
- Mathematical Markup Language (MathML)
These tools make mathematical equations and symbols accessible, including for screen readers.
> Ensure both symbols and superscript can be enlarged without loss of content or functionality. Don't use images of symbols or superscript.
**Resources:**
- [W3C math home](https://www.w3.org/Math/)
- [Creating accessible math with MathML](https://www.w3.org/TR/MathML3/)
- [An introduction to LaTeX](https://www.latex-project.org/)
- [LaTeX & MathML](https://mathml-refresh.github.io/)
- [WCAG quick reference: 1.3.1 Info and relationships – level A](https://www.w3.org/WAI/WCAG21/quickref/#info-and-relationships)
---",Style Guide Content/Measurement and units.md,1655,2739,
53ea34ff-f72a-4c00-bd1e-87bff0af1593,Measurement and units.md,"['Measurement and units', 'Write numerals with units of measurement']",76,92,72,#measurement-and-units/write-numerals-with-units-of-measurement,,"## Write numerals with units of measurement
Use numerals, not words, for numbers when referring to a unit of measurement:
- Always use numerals next to a unit of measurement.  
- Include a non-breaking space between the number and the unit.
**Like this:**  
`5 t`  
`5 tonnes`
**Not this:**  
`five t`  
`five tonnes`
---",Style Guide Content/Measurement and units.md,2741,3062,
1239df2e-8a1e-40c2-9d50-bbe9a096e84a,Measurement and units.md,"['Measurement and units', 'Use symbols for common units of measurement']",93,117,166,#measurement-and-units/use-symbols-for-common-units-of-measurement,,"## Use symbols for common units of measurement
You don’t need to spell out units of measurement, even for the first use, if they’re well known and users will know what they mean.
**Example:**
- `mm` for millimetres  
- `cm` for centimetres  
- `km` for kilometres  
- `km/h` for kilometres per hour
Spell out units of measurement the first time you use them if users won’t immediately understand them. After that, use the symbols.
**Example:**  
The noise from the building site was 120 decibels (dB). Workers in the nearby office preferred a limit of only 50 dB.
> Don’t combine symbols and words for units.
**Like this:**  
Queensland is 1,853 million `km²` in area.
**Not this:**  
Queensland is 1,853 million square km in area.
---",Style Guide Content/Measurement and units.md,3064,3799,
f604ed8e-9dff-46e9-bb3d-fc80b3bfc624,Measurement and units.md,"['Measurement and units', 'SI prefixes for large and small quantities']",118,157,317,#measurement-and-units/si-prefixes-for-large-and-small-quantities,,"## SI prefixes for large and small quantities
Internationally accepted prefixes and their symbols make it easier for users to read, understand and compare numbers. Use them in government content.
A complete list of prefixes and symbols is available at the [International Bureau of Weights and Measures (BIPM)](https://www.bipm.org/).
**Table 1: Commonly used prefixes for SI units**
| Prefix           | Symbol | Factor   | Extended form        |
|------------------|--------|----------|----------------------|
| tera             | T      | 10¹²     | 1,000,000,000,000    |
| giga             | G      | 10⁹      | 1,000,000,000        |
| mega             | M      | 10⁶      | 1,000,000            |
| kilo             | k      | 10³      | 1,000                |
| hecto            | h      | 10²      | 100                  |
| deca (also ‘deka’)| da     | 10¹      | 10                   |
| deci             | d      | 10⁻¹     | 0.1                  |
| centi            | c      | 10⁻²     | 0.01                 |
| milli            | m      | 10⁻³     | 0.001                |
| micro            | µ      | 10⁻⁶     | 0.000001             |
| nano             | n      | 10⁻⁹     | 0.000000001          |
> Note: the BIPM uses ‘deca’ but this is spelled ‘deka’ in Schedule 3 of the *National Measurement Regulations*.
**Example:**  
63 megalitres is 63,000,000 litres  
0.001 metre is 1 millimetre
**Don’t use non-standard units.**
Like this:  
There was 5 μg of active ingredient in each capsule.  
He measured 50 mL of water.
Not this:  
There was 5 mcg of active ingredient in each capsule.  
He measured 5 dL of water.
---",Style Guide Content/Measurement and units.md,3801,5438,
4cf02013-f988-40a8-9283-4f95a588ec9c,Measurement and units.md,"['Measurement and units', 'Data storage and transfer']",158,171,72,#measurement-and-units/data-storage-and-transfer,,"## Data storage and transfer
The prefixes for data storage and transfer work differently to those used for SI units.
- `Byte` (B) is the unit of storage and data transfer speed.
Use:
- kilobyte = 1,000 B  
- megabyte = 1,024 kB  
- gigabyte = 1,024 MB  
- terabyte = 1,024 GB
---",Style Guide Content/Measurement and units.md,5440,5719,
48d54f1d-45f5-45ba-9af1-a62324bd57a1,Measurement and units.md,"['Measurement and units', 'Units of time']",172,187,118,#measurement-and-units/units-of-time,,"## Units of time
Days, years, hours and minutes measure time. These are not SI units. Spell them out in full – unless they’re in a table, list or chart and are easy to understand.
**Example:**  
I have been working in the public service for 12 years.  
He started in the new department 20 days ago.  
They sent the report in the last 15 minutes.
Use symbols for units derived from time measurements, such as speed.
**Example:**  
The speed limit for urban areas in NSW is 50 km/h.
---",Style Guide Content/Measurement and units.md,5721,6205,
1f97e03b-a2bd-40f6-a6b9-17dea7834cc6,Measurement and units.md,"['Measurement and units', 'Put a non-breaking space between numbers and units']",188,204,89,#measurement-and-units/put-a-non-breaking-space-between-numbers-and-units,,"## Put a non-breaking space between numbers and units
A unit should not be separated from its number.
**Like this:**  
The post should be at least 1.5 m tall.  
`[non-breaking space between '1.5' and 'm']`
**Not this:**  
The post should be at least 1.5  
m tall.  
`[bad line break]`
> Some industries (e.g., wine labelling) omit the space – check the preferred style for specialist applications.
---",Style Guide Content/Measurement and units.md,6207,6608,
92322b84-749b-4225-b1b4-5c1225dc2402,Measurement and units.md,"['Measurement and units', 'Don’t add ‘s’ for plural forms']",205,216,32,#measurement-and-units/dont-add-s-for-plural-forms,,"## Don’t add ‘s’ for plural forms
Symbols for units represent both singular and plural.
**Like this:**  
56 km
**Not this:**  
56 kms
---",Style Guide Content/Measurement and units.md,6610,6747,
a6a954a8-ea2d-40d8-a5d3-53dda7a685f7,Measurement and units.md,"['Measurement and units', 'Compare measurements using the same units']",217,232,154,#measurement-and-units/compare-measurements-using-the-same-units,,"## Compare measurements using the same units
For easy comparison, use the same unit and prefix, and the same number of decimal places.
**Like this:**  
The Green Wattle Creek fire burnt almost 3,000 km², of which more than 1,000 km² was national park.  
The smaller jug held 1.5 L and the bigger jug held 2.0 L.  
The piece of wood was 140 mm by 1,320 mm by 20 mm.
**Not this:**  
The Green Wattle Creek fire burnt almost 300,000 ha, of which more than 1,000 km² was national park.  
The smaller jug held 1,500 mL and the bigger jug held 2 L.  
The piece of wood was 14 cm by 1.32 m by 20 mm.
---",Style Guide Content/Measurement and units.md,6749,7345,
fb099d61-a48d-4683-b30c-c172f8d18d0e,Measurement and units.md,"['Measurement and units', 'Only use non-SI units if the user understands them']",233,256,219,#measurement-and-units/only-use-non-si-units-if-the-user-understands-them,,"## Only use non-SI units if the user understands them
Non-SI units that are legal in Australia are listed in Schedules 1 and 2 of the *National Measurement Regulations*. Use them only if the audience will understand them.
**Table 2: Examples of other commonly used legal units in Australia**
| Quantity         | Name                    | Symbol  |
|------------------|-------------------------|---------|
| sound intensity  | decibel                  | dB      |
| area             | hectare                  | ha      |
| length           | nautical mile            | n mile  |
| mass             | tonne                    | t       |
| time             | day                      | d       |
| time             | hour                     | h       |
| time             | minute                   | min     |
| velocity         | knot                     | kn      |
| volume           | litre                    | L or l  |
| blood pressure   | millimetre of mercury    | mm Hg   |
| work and energy  | kilocalorie              | kcal    |
> Note: Most government content should use ‘L’ for litre (not ‘l’) to avoid confusion with ‘I’ and ‘1’.
---",Style Guide Content/Measurement and units.md,7347,8498,
c85601a1-13e5-4708-9abe-4abd28060883,Measurement and units.md,"['Measurement and units', 'Avoid imperial units']",257,276,112,#measurement-and-units/avoid-imperial-units,,"## Avoid imperial units
Don’t use imperial units in Australia unless:
- quoting historical documents  
- writing for readers in countries (e.g., USA) where imperial measures are still used.
**Example:**
- gallons for volume of fuel  
- barrels for volume of oil  
- inches for screen size  
- feet for aircraft altitude
It’s good practice to provide the SI equivalent.
**Example:**  
In the 1970s, the speed limit for highways in many states of Australia was set at 60 miles per hour (97 km/h).
---",Style Guide Content/Measurement and units.md,8500,8998,
d38a468a-18ce-4eac-89c8-3be7d7abe210,Measurement and units.md,"['Measurement and units', 'Release notes']",277,283,66,#measurement-and-units/release-notes,,"## Release notes
The digital edition consolidates information from the sixth edition about measurement and units.  
It follows the sixth edition’s advice to include a space between the number and unit, contrary to the *Content Guide*, which recommended omitting it.  
The *Content Guide* had no information about imperial units.
---",Style Guide Content/Measurement and units.md,9000,9332,
3d7817d5-000a-4cad-b79a-9907c07f60b5,Medical terms.md,['Medical terms'],1,6,36,#medical-terms,,"# Medical terms
Medical terms have specific meanings. Introduce scientific terms and common names if that helps users, but always use the correct spelling and style.
---",Style Guide Content/Medical terms.md,0,169,
89512e18-d824-48cf-a8bc-2fcfc920a47b,Medical terms.md,"['Medical terms', 'Guidance']",7,15,48,#medical-terms/guidance,,"## Guidance
- Use capitals for proper nouns and genus names  
- *Italicise organism names*  
- Cite common names for pharmaceutical drugs, not brand names  
- Refer to medical conditions using clear and inclusive language
---",Style Guide Content/Medical terms.md,171,396,
b08bf6e8-df8a-4d65-9a7e-e3627921a4e1,Medical terms.md,"['Medical terms', 'Use capitals for proper nouns and genus names']",16,52,193,#medical-terms/use-capitals-for-proper-nouns-and-genus-names,,"## Use capitals for proper nouns and genus names
Use an initial capital letter for medical terms **only if** the term is a proper noun or adjective, or if it is the name of a genus.  
Otherwise **don’t** use initial capitals for the names of:
- diseases and viruses  
- diagnostic procedures  
- syndromes  
- anatomical parts.
**Example**
- hepatitis B  
- Hendra virus  
- foot-and-mouth disease  
- Golgi apparatus  
- Tourette syndrome  
- computed tomography  
- colon
---
### Shortened forms
Use capital letters for acronyms and initialisms of medical terms.  
Spell out the full term in lower case, unless the word or term you’re shortening includes a proper name or a genus name.
**Example**
- acquired immune deficiency syndrome (AIDS)  
- drug-resistant *Streptococcus pneumoniae* (DRSP) disease  
- sudden infant death syndrome (SIDS)  
- intensive care unit (ICU)  
- magnetic resonance imaging (MRI)
---",Style Guide Content/Medical terms.md,398,1314,
d0076ba6-565c-4099-b43b-af1c4092551c,Medical terms.md,"['Medical terms', 'Spelling for eponyms']",53,83,314,#medical-terms/spelling-for-eponyms,,"## Spelling for eponyms
Some terms are named after the people who discovered, studied or described the specific anatomical part or disease.  
Other terms are named after people who had a particular disease.
All of these terms are called **‘eponyms’**. Eponyms appear as different types of adjectives in medical terms.  
They are usually possessive adjectives.
When referring to an eponym in writing, use the following rules:
- If it is a disease named after people who had the disease, **use the possessive case**.  
- If it is a disease or anatomical part named after the person who discovered, studied or described it, **don’t** use the possessive case.
**Example**
- Lou Gehrig’s disease — *Named after Lou Gehrig, a high-profile person who had the disease*  
- Legionnaires’ disease — *Named after members of the American Legion – known as Legionnaires – who were the first documented people to have the disease*  
- Alzheimer disease — *Named after Dr Alois Alzheimer, who first described the disease*  
- Down syndrome — *Named after Dr John L H Down, who first described the syndrome*  
- Henle loop — *Anatomical part named after anatomist Gustav Jakob Henle*
This rule doesn’t apply to names of organisations dedicated to studying certain diseases or supporting people who are affected by them.  
Always refer to organisations in the same way as they refer to themselves.
**Example**
- Alzheimer’s Association  
- Crohn’s & Colitis Australia
---",Style Guide Content/Medical terms.md,1316,2770,
a184470d-bc1d-460d-9f6a-96f679bb3e99,Medical terms.md,"['Medical terms', '*Italicise organism names*']",84,95,72,#medical-terms/italicise-organism-names,,"## *Italicise organism names*
Write scientific names of infectious organisms – such as viruses, bacteria and parasites – in italics.  
Use an initial capital for the name of the genus only.
**Example**
> The bacterium *Legionella pneumophila* causes Legionnaires’ disease.  
> (*Legionella* is the name of the genus and *pneumophila* is the species.)
---",Style Guide Content/Medical terms.md,2772,3126,
9ee9119f-82fd-494e-b336-84410c18de32,Medical terms.md,"['Medical terms', 'Cite common names for pharmaceutical drugs, not brand names']",96,109,81,#medical-terms/cite-common-names-for-pharmaceutical-drugs-not-brand-names,,"## Cite common names for pharmaceutical drugs, not brand names
Use the generic names of drugs where possible. Write them in lower case.
You can include the brand name in parentheses after the common name.  
Use initial capitals for brand names. Commercial terms might be trade marked: take care using product names.
**Example**
- benzoyl peroxide (Benzac)  
- paracetamol (Panadol)
---",Style Guide Content/Medical terms.md,3128,3513,
3c8f9695-ede3-49b1-8a9c-f2a4aaceb71c,Medical terms.md,"['Medical terms', 'Refer to medical conditions using clear and inclusive language']",110,149,250,#medical-terms/refer-to-medical-conditions-using-clear-and-inclusive-language,,"## Refer to medical conditions using clear and inclusive language
The language you use for some medical conditions can change as research and social understanding evolve.  
Be mindful of outdated language that can perpetuate stigma or misunderstandings.
Refer to peak bodies that study the condition or that provide support and information to people affected by it.
**Example**
> The term ‘bipolar disorder’ replaces ‘manic depression’, a term that is no longer in use.
When you are writing about people with a medical condition, focus on the person.  
Use neutral language to describe the condition.  
**Don’t** label the person.
**Write this**
- a person with cancer  
- people with asthma  
- a person with diabetes
**Not this**
- a cancer patient  
- Asthma sufferers  
- a diabetic person
If you’re writing both the scientific and common names for a medical condition, place the scientific name in parentheses.  
**Don’t** use ‘or’ — this could confuse readers into thinking they are 2 separate medical conditions.
**Write this**
> People with pneumonia-like infections might have Legionnaires’ disease (*legionellosis*).
**Not this**
> People with pneumonia-like infections might have Legionnaires’ disease or legionellosis.
---",Style Guide Content/Medical terms.md,3515,4749,
2dc71454-4013-4254-991f-216b233bdace,Medical terms.md,"['Medical terms', 'Release notes']",150,157,74,#medical-terms/release-notes,,"## Release notes
The digital edition consolidates and expands information from the sixth edition.  
It clarifies the use of eponyms in disease names and includes more examples than the sixth edition.
The digital edition has more information about style for proprietary drug names in guidance on commercial terms.
The Content Guide did not cover medical terms.",Style Guide Content/Medical terms.md,4751,5110,
d3551be3-082f-4131-b715-6fa4691dccd6,"Nationalities, peoples and places.md","['Nationalities, peoples and places outside Australia']",1,6,40,#nationalities-peoples-and-places-outside-australia,,"# Nationalities, peoples and places outside Australia
Refer to peoples and places outside Australia based on current information. Correct spelling and style avoids causing confusion or offence among users.
---","Style Guide Content/Nationalities, peoples and places.md",0,209,
1b559817-56a2-43ac-be6d-fda15fa94ba3,"Nationalities, peoples and places.md","['Nationalities, peoples and places outside Australia', 'Guidance']",7,57,374,#nationalities-peoples-and-places-outside-australia/guidance,,"## Guidance
### Check official sources for country and place names
Some countries have several official names. Consult trusted references to decide which name to use, then use it consistently. Helpful references include:
- the countries, economies and regions webpages, on the Department of Foreign Affairs and Trade website  
- the United Nations geographical names database  
- the Australian Bureau of Statistics Standard Australian classification of countries.
**Example**  
The United Kingdom of Great Britain and Northern Ireland is often called the ‘United Kingdom’.
The names of countries can change for political reasons. For example, a country might change its name to show independence from a former occupying country.
**Example**  
The Democratic Republic of the Congo used to be called ‘Zaire’. The former name came from the Portuguese colonial name for the Congo River.
Country boundaries can also change.
---
### Spell country names with a capital letter
Use initial capitals for:
- the official name of a country  
- any commonly used short forms of the country’s name  
- the names of states, territories and provinces.
The definite article ‘the’ isn’t capitalised unless it begins a sentence.
**Example**  
the Cayman Islands – the Caymans  
the Falkland Islands – the Falklands
---
### Shorten a country name only if it is clear to the user
Use a short form of a country’s name only if it’s clear and accurate. Shortened forms can make it easier to read text or tables, illustrations, notes, lists and bibliographies.
**Example**  
‘North Korea’ is the shortened form of the Democratic People’s Republic of Korea.
---
### Use English versions of countries and places in most content
English-language content usually uses the English version of a country’s name.","Style Guide Content/Nationalities, peoples and places.md",211,1991,
ed6c6a77-edd7-44d8-8593-a62bf394760f,"Nationalities, peoples and places.md","['Nationalities, peoples and places outside Australia', 'Guidance', 'Use English versions of countries and places in most content']",54,58,60,#nationalities-peoples-and-places-outside-australia/guidance,,"**Example**  
‘Socialist Republic of Vietnam’ is the English version of Cộng hòa xã hội chủ nghĩa Việt Nam.  
‘Germany’ is the English version of Deutschland.  
‘New Zealand’ is the English version of Aotearoa.  
‘The Czech Republic’ or ‘Czechia’ are the English versions of Česká republika.","Style Guide Content/Nationalities, peoples and places.md",0,0,
f18d3c8c-60db-47b9-bb3d-ba3b50915717,"Nationalities, peoples and places.md","['Nationalities, peoples and places outside Australia', 'Guidance', 'Use English versions of countries and places in most content']",60,126,382,#nationalities-peoples-and-places-outside-australia/guidance,,"There are some cases where the preferred official name isn’t in English.
**Example**  
‘Côte d’Ivoire’ is the preferred official name for the Ivory Coast.  
‘Eswatini’ is the preferred name for Swaziland.
In English-speaking countries, the convention is to use the established English forms for well-known place names.
**Example**  
Beijing  
Krakow  
Rome  
Brussels  
Florence  
Pyongyang  
the Hague
When the name is used generically, you don’t need an initial capital.
**Example**  
brussels sprout – A type of sprout, not a sprout from Brussels  
venetian blind – A type of screen for a window, not a blind from Venice  
french door – A type of door, not a door from France
---
### Check the official status for area and region names
Groups of nations or areas that are recognised as political or geographic regions take initial capitals.
**Example**  
South-East Asia  
Central America  
the Balkans
Use lower case if the names of compass points (such as north and south-east) are not part of the name but are used to refer to the geographic area.
**Example**  
southern Germany  
northern Iraq
Some names that aren’t officially recognised become well known and gain a semi-official status. Use a dictionary to help you decide when this is appropriate.
**Example**  
Kurdistan
---
### Write nationalities, peoples and places with initial capitals
There’s usually a clear relationship between the name of the country or region and the word used for the nationality. It’s not always obvious though, so check a dictionary to ensure you’re using the correct term.
**Example**  
Türkiye – Turkish  
Melanesia – Melanesian  
the Philippines – Filipino  
Congo – Congolese  
United Arab Emirates – Emirati  
New Zealand – New Zealander
Follow guidance for writing non-English personal names.
Capitalise the names of certain groups.
**Example**","Style Guide Content/Nationalities, peoples and places.md",1993,3835,
97064267-9ec9-425b-a808-268baecfe2d9,"Nationalities, peoples and places.md","['Nationalities, peoples and places outside Australia', 'Guidance', 'Write nationalities, peoples and places with initial capitals']",123,127,63,#nationalities-peoples-and-places-outside-australia/guidance,,"- People groups – Hispanic, Sentinelese, Vietnamese Rục, Sámi  
- Clans – Clan Campbell (Scottish)  
- People from particular regions – Asian, European, Sumatran, Basque  
- People who follow particular religions – Jewish, Christian, Muslim, Buddhist, Hindu, Greek Orthodox  
- People who speak particular languages – Hokkien-speaking","Style Guide Content/Nationalities, peoples and places.md",0,0,
f64ce6d0-48c6-4cc5-99ed-0efd172dcd8c,"Nationalities, peoples and places.md","['Nationalities, peoples and places outside Australia', 'Guidance', 'Write nationalities, peoples and places with initial capitals']",129,141,80,#nationalities-peoples-and-places-outside-australia/guidance,,"---
### Check if an official language differs from the country name
The name of a country’s language isn’t always derived from the name of the country.
**Example**  
The people of Iran speak Farsi.  
Dari and Pashto are the official languages of Afghanistan.  
While Chileans speak Spanish, Brazilians speak Portuguese.  
East Timor has 2 official languages: Portuguese and Tetum.
---","Style Guide Content/Nationalities, peoples and places.md",3837,4221,
8413287f-34a3-48d4-8489-1a4f69db8c93,"Nationalities, peoples and places.md","['Nationalities, peoples and places outside Australia', 'Release notes']",142,150,109,#nationalities-peoples-and-places-outside-australia/release-notes,,"## Release notes
The digital edition builds on sixth edition content: it consolidates details about peoples and places outside of Australia. It links to authoritative sources so users can find current spelling for official country and place names.
The guidance on nationalities, language names and groups of peoples relates to guidance on:
- personal names  
- cultural and linguistic diversity.
The Content Guide had generic advice about capitalisation. It did not go into detail about names of people and places outside Australia.","Style Guide Content/Nationalities, peoples and places.md",4223,4755,
432a285d-8532-496f-9f51-eb42d6627aae,Natural phenomena.md,['Natural phenomena'],1,6,32,#natural-phenomena,,"# Natural phenomena
Treat terms for climate and weather events with consistent style. It helps users scan content for keywords and supports readability.
---",Style Guide Content/Natural phenomena.md,0,156,
18b58b59-1c83-47b0-8007-f93515a9e695,Natural phenomena.md,"['Natural phenomena', 'Guidance']",7,64,399,#natural-phenomena/guidance,,"## Guidance
### Standard rules of capitalisation apply for most natural phenomena
- Proper nouns start with a capital letter.
- Adjectives and common nouns are in lower case.
- Do not use italics.
---
### Most terms are usually in lower case
Write generic terms for climate and weather in lower case. This rule applies to many compound nouns.
**Example**  
climate change, global warming, greenhouse gases
Specific terms usually take lower case. For example, this rule applies to scientific names for types of clouds.
**Example**  
cumulonimbus, cirrus and stratus
---
### Terms for specific phenomena can take initial capitals
Scientific terms for natural phenomena can include common nouns that combine to form a proper noun.
Use initial capitals when spelling out this kind of scientific term. Common shortened forms are in full capitals. Any non-English names retain the spelling of the original.
**Example**  
Indian Ocean Dipole (IOD)  
Southern Oscillation Index (SOI)
---
### Climate and weather events take on proper names
Individual climate and weather events have names to help communicate the event to the public.
There are specific capitalisation rules for climate and weather events. We follow the style recommended by Australia’s Bureau of Meteorology.
For events not listed here, follow the standard rules for capitalisation.
---
#### Cyclones are usually given people’s names
Use initial capitals for the names of cyclones.
Do this for the given name and for the adjectives and common nouns that appear immediately before the given name. The bureau uses ‘Cyclone’, ‘Tropical Cyclone’ and ‘Severe Tropical Cyclone’ as part of the cyclone’s name.
Check the name is accurate on the bureau’s website.
Use the same rule for hurricanes and typhoons. These are different terms for the same natural phenomenon.
**Example**  
Cyclone Yasi  
Tropical Cyclone Winifred  
Severe Tropical Cyclone Damien  
Hurricane Wilma  
Typhoon Fengshen",Style Guide Content/Natural phenomena.md,158,2102,
1406fbcc-d573-47e2-82e2-09aad6deff57,Natural phenomena.md,"['Natural phenomena', 'Guidance', 'Climate and weather events take on proper names', 'Cyclones are usually given people’s names']",65,65,31,#natural-phenomena/guidance,,Always write ‘Cyclone’ as part of the name unless it is clear from the surrounding text that you are referring to a cyclone.,Style Guide Content/Natural phenomena.md,0,0,
fe200f6b-d315-461a-9a21-b70b80021252,Natural phenomena.md,"['Natural phenomena', 'Guidance', 'Climate and weather events take on proper names', 'Cyclones are usually given people’s names']",67,110,283,#natural-phenomena/guidance,,"**Example**  
Hilda was the first cyclone in the Australian region to make landfall in the 2017–18 season.  
Cyclone Hilda made landfall in the 2017–18 season.
---
#### Droughts are usually named after a period in time
If the time is a formal period, the name has an initial capital.
**Example**  
Millennium drought  
Federation drought  
the 1982–83 major drought
---
#### Fires are usually named for a time or location
Bushfires take initial capitals for the adjectival part of their name as well as any proper noun. Fires leading to substantial loss of life and property are usually named after the worst day or where they started.
**Example**  
State Mine fire (New South Wales, 2013)  
Black Saturday bushfires (Victoria, 2009)  
Ash Wednesday bushfires (Victoria and South Australia, 1983)  
Black Tuesday bushfires (Tasmania, 1967)  
Black Friday bushfires (Victoria and New South Wales, 1939)  
Black Thursday bushfires (Victoria, 1851)
During a fire, authorities usually name a fire based on where it started.
**Example**  
the Taylors Creek Road fire
---
#### Floods, earthquakes and tsunamis are named by year, location and event
Use ‘year Location event’ as the naming convention for floods, earthquakes and tsunamis. Only the location (the proper noun) has an initial capital.
**Example**  
1974 Brisbane flood  
1989 Newcastle earthquake  
2004 Indian Ocean tsunami
---",Style Guide Content/Natural phenomena.md,2104,3488,
bf14edf3-59c7-4423-8595-cb4085f28b41,Natural phenomena.md,"['Natural phenomena', 'Release notes']",111,114,85,#natural-phenomena/release-notes,,"## Release notes
- The digital edition significantly expands style advice for referring to natural phenomena. The sixth edition had brief information under ‘atmospheric phenomena’.
- The digital edition recommends using initial capitals for all parts of a cyclone's name. The sixth edition restricted the use of initial capitals to the given name.
- The Content Guide did not cover style for natural phenomena.",Style Guide Content/Natural phenomena.md,3490,3900,
0571123c-2f41-42e6-a00b-ea77a620009e,Nouns.md,['Nouns'],1,6,32,#nouns,,"# Nouns
Nouns are the words that name people, places, organisations and things. Style and grammar support how people interpret nouns in content.
---",Style Guide Content/Nouns.md,0,148,
d5b0bb53-fe90-4688-8a05-07a0e94bb2e7,Nouns.md,"['Nouns', 'Guidance']",7,19,90,#nouns/guidance,,"## Guidance
- Proper nouns are the names of people and specific things  
- Common nouns are words for generic things  
- Common nouns can be concrete or abstract  
- Verbal nouns are also called ‘gerunds’  
- Nouns can be singular or plural  
- Collective nouns describe a group in a single word  
- Nouns can be countable or uncountable  
- Noun trains are hard to understand
---",Style Guide Content/Nouns.md,150,530,
f3e074db-e8c2-45dd-9ed5-9dde36938f99,Nouns.md,"['Nouns', 'Proper nouns are the names of people and specific things']",20,39,102,#nouns/proper-nouns-are-the-names-of-people-and-specific-things,,"## Proper nouns are the names of people and specific things
Any name for a specific person, organisation, place or thing is a ‘proper noun’.
Proper nouns always start with capital letters, except for some commercial terms.
**Example**
> June  
> Shark Bay  
> Collingwood Football Club  
> Torres Strait Regional Authority  
> Prime Minister of Australia
There are specific capitalisation conventions for the:
- titles of office holders
- names of organisations
- government terms.
---",Style Guide Content/Nouns.md,532,1017,
aa4cdc5b-c901-40cd-a8ca-f948fd785ca0,Nouns.md,"['Nouns', 'Common nouns are words for generic things']",40,57,164,#nouns/common-nouns-are-words-for-generic-things,,"## Common nouns are words for generic things
Common nouns describe people, places, times or things in a general sense. They have a capital letter only when they are the first word in a sentence.
**Example**
> month  
> coast  
> local government  
> prime ministers
Capitalise nouns only if they are part of a proper noun. Don’t capitalise them if you use them as common nouns.
**Example**
> The ACT’s Office of the Commissioner for the Environment was the first such agency in Australia. [‘Office’ is part of the formal title.]  
> I worked in the office for 11 years. [‘Office’ is not part of the formal title, even if it refers to the Office of the Commissioner for the Environment.]
---",Style Guide Content/Nouns.md,1019,1709,
6bdcf709-95b2-4654-969a-014e01f59aa0,Nouns.md,"['Nouns', 'Common nouns can be concrete or abstract']",58,83,120,#nouns/common-nouns-can-be-concrete-or-abstract,,"## Common nouns can be concrete or abstract
Concrete nouns name things you can identify through one or more of the 5 senses.
**Example**
> server  
> phone  
> software  
> person
Abstract nouns name intangible things. These include ideas, emotions and physical feelings.
**Example**
> honesty  
> reliance  
> engagement  
> admiration
Some nouns can be either concrete or abstract, depending on the context.
**Example**
> The office is upstairs. [Concrete noun]  
> Alfred Deakin was the first to hold the office of Attorney-General in Australia. [Abstract noun]
---",Style Guide Content/Nouns.md,1711,2279,
8644951e-34d1-449c-9bc3-ff752880946a,Nouns.md,"['Nouns', 'Verbal nouns are also called ‘gerunds’']",84,111,239,#nouns/verbal-nouns-are-also-called-gerunds,,"## Verbal nouns are also called ‘gerunds’
Gerunds are nouns that form by attaching an ‘-ing’ to a verb.
**Example**
> meet [verb], meeting [noun]  
> report [verb], reporting [noun]
You can combine gerunds and other verbal nouns with a determiner (such as ‘my’ or ‘your’).
**Example**
> Your writing has improved. [‘Your’ is the determiner; ‘writing’ is the noun; ‘has improved’ is the verb.]  
> They resent Bill’s laughing at them. [‘Bill’s’ is the determiner; ‘resent’ is the verb; ‘laughing’ is the noun.]
Verbal nouns also include nouns that relate to verbs in another way. For example, the noun can form by adding other types of suffix to a verb like ‘-ation’ or ‘-ment’. These are not gerunds.
**Example**
> fixation [Noun related to the verb ‘fix’]  
> attachment [Noun related to the verb ‘attach’]
Other verbal nouns don’t have any suffix but have the same spelling as the verb. It is context that gives the distinction.
**Example**
> ‘fix the issue’ [verb], ‘a quick fix’ [noun]  
> ‘report an issue’ [verb], ‘annual report to the minister’ [noun]
---",Style Guide Content/Nouns.md,2281,3343,
fe87b211-ed59-4ab4-bdc1-f7bf50a97436,Nouns.md,"['Nouns', 'Nouns can be singular or plural']",112,136,133,#nouns/nouns-can-be-singular-or-plural,,"## Nouns can be singular or plural
Nouns can be singular or plural. Most English words add an ‘-s’ or ‘-es’ to form the plural, but there are many exceptions. Check a dictionary if you’re not sure.
**Example**
> a computer, many computers  
> a policy, many policies  
> the standby, many standbys  
> the Attorney-General, many attorneys-general
Some nouns don’t change to form the plural.
**Example**
> an aircraft, many aircraft
Don’t use an apostrophe before (or after) the ‘s’ to show the plural.
**Correct**
> Adjust the desks and chairs.
**Incorrect**
> Adjust the desk’s and chair’s.
---",Style Guide Content/Nouns.md,3345,3940,
fe348b98-9001-4050-b466-729370dd29c5,Nouns.md,"['Nouns', 'Collective nouns describe a group in a single word']",137,165,207,#nouns/collective-nouns-describe-a-group-in-a-single-word,,"## Collective nouns describe a group in a single word
Collective nouns are a type of common noun. They label groups of people or things.
**Example**
> crowd  
> committee  
> cluster [for example, of desks]
### Subject–verb agreement
A collective noun usually has a singular verb. This is so, even if it’s made up of component parts.
**Correct**
> The government intends to act.  
> The committee is meeting.
**Incorrect**
> The government intend to act.  
> The committee are meeting.
An exception is when you need to draw attention to the individual parts of the collective noun.
**Example**
> The branch meets once a week. [‘The branch’, as a whole, meets once a week. The singular form of the verb is used.]  
> The branch are divided over the new meeting schedule. [The individuals in ‘the branch’ have different opinions about the new meeting schedule. The plural form of the verb is used.]
---",Style Guide Content/Nouns.md,3942,4842,
c39794e9-8f95-4f76-afd6-f6ff67df6da8,Nouns.md,"['Nouns', 'Nouns can be countable or uncountable']",166,201,299,#nouns/nouns-can-be-countable-or-uncountable,,"## Nouns can be countable or uncountable
You can sort nouns by whether they can be separated into individual units and counted:
- You can count **countable nouns**.  
- You cannot count **uncountable nouns**.
**Example**
> Would you like a cup of coffee or tea? [‘Cup’ is countable; ‘coffee’ and ‘tea’ are uncountable.]
A countable singular noun must have a determiner.
**Correct**
> The report is being printed.  
> Our report is being printed.
**Incorrect**
> Report is being printed.
An uncountable noun has no plural and only a singular verb. Uncountable nouns don’t need to have a determiner. Whether it has one depends on the meaning of the sentence.
**Example**
> Respect is an Australian Public Service value. [No determiner with ‘respect’. The value is not quantifiable.]  
> The leadership avoided a spill. [‘The’ is the determiner with ‘leadership’. The noun refers to a single, specific group of people.]
Some nouns can be used both ways. The meaning depends on whether the noun is countable or uncountable in the way it is used:
- In the uncountable form, it refers to the whole idea or quantity.  
- In the countable form, it refers to a specific example or type.
**Example**
> Language is powerful. [In this context, ‘language’ is uncountable.]  
> Australians speak many languages besides English. [In this context, ‘language’ is countable.]
---",Style Guide Content/Nouns.md,4844,6205,
c690612a-f9ea-4a63-837b-d7289731619a,Nouns.md,"['Nouns', 'Noun trains are hard to understand']",202,215,110,#nouns/noun-trains-are-hard-to-understand,,"## Noun trains are hard to understand
Strings of 3 or more nouns are known as ‘noun trains’. Each noun in a noun train modifies the next.
Rewrite a sentence to avoid using a noun train. This will help you write in plain language.
**Write this**
> The agency’s new system will help to improve how it manages injuries. [No noun train]
**Not this**
> The agency’s new system will help in the achievement of injury management outcome improvements. [Noun train included]
---",Style Guide Content/Nouns.md,6207,6676,
cb932eca-61fb-4cc8-91d4-cc96ccb9b571,Nouns.md,"['Nouns', 'Release notes']",216,224,121,#nouns/release-notes,,"## Release notes
The digital edition relates grammatical concepts to the principles of plain language. It relates word choice to grammatical information about types of words.
It provides an overview on types of words to introduce grammatical concepts about parts of speech and how they relate to sentence structure.
The sixth edition called types of words ‘word classes’. It had summary information about parts of speech on pages 68 to 70. This formed part of Chapter 5 on grammar.
The *Content Guide* did not have any in-depth information on grammatical concepts.",Style Guide Content/Nouns.md,6678,7242,
b403c6d0-a0aa-4b3a-b0ef-94b4b2eb396f,Ordinal numbers.md,['Ordinal numbers'],1,6,33,#ordinal-numbers,,"# Ordinal numbers
Ordinal numbers, such as ‘first’, ‘second’ and ‘third’, show the order, position or importance of things in a list or sequence.
---",Style Guide Content/Ordinal numbers.md,0,149,
9944789d-2da7-4416-923d-19c192815f49,Ordinal numbers.md,"['Ordinal numbers', 'Guidance']",7,15,51,#ordinal-numbers/guidance,,"## Guidance
- Use words for ordinals up to ‘ninth’ and numerals for ‘10th’ and above  
- Create a list rather than use ordinals  
- Don't use ordinals in dates  
- Don’t confuse ordinals with regnal numbers
---",Style Guide Content/Ordinal numbers.md,151,361,
6e2fbd15-993a-4b6c-a75d-5a184fec4e98,Ordinal numbers.md,"['Ordinal numbers', 'Use words for ordinals up to ‘ninth’ and numerals for ‘10th’ and above']",16,68,406,#ordinal-numbers/use-words-for-ordinals-up-to-ninth-and-numerals-for-10th-and-above,,"## Use words for ordinals up to ‘ninth’ and numerals for ‘10th’ and above
Spell out ordinal numbers from ‘first’ to ‘ninth’. Use numerals for ordinals from ‘10th’ onwards.
Ordinals written as numerals always have a suffix:
- ‘-st’ (‘first’, ‘21st’)  
- ‘-nd’ (‘second’, ‘32nd’)  
- ‘-rd’ (‘third’, ‘103rd’)  
- ‘-th’ (‘fourth’, ‘15th’, ‘55th’ and so on).
Don’t write suffixes in superscript. Superscript may not be accessible to people who use screen readers.
**Example**
> The first item on the agenda was to confirm the agenda. The second item was to review the minutes from the last meeting.  
> In 2013, Canberra celebrated its 100th anniversary.  
> We pause to remember at the 11th hour of the 11th day of the 11th month.  
> This is the department’s 22nd graduate intake.  
> We expect to receive our 1,000th visitor today.  
> They are the 273rd immigrant to join this group.
---
### Exception to ordinals rule for centuries
Use numerals, not words, when writing ordinals with centuries. This is an exception to the general rule to spell out ‘first’ to ‘ninth’ for ordinals.
Write ‘century’ and ‘centuries’ in lower case.
**Example**
> In the 1st century CE, Tiberius succeeded Augustus Caesar as Roman emperor.  
> Vikings established a Norse kingdom around Dublin in the 9th century.  
> The gallery bought a 15th-century painting.
---
### Very large ordinals
People find very large rounded numbers easier to read in words rather than numerals. This also applies to ordinal numbers. Spell out the number and include the relevant suffix.
**Write this**
> the millionth visitor
**Not this**
> the 1,000,000th visitor
---
### Ordinals in reference lists
In reference lists, use numerals with a suffix for editions of a publication. This is an exception to the rule to use words for ordinal numbers up to ninth.
**Example**",Style Guide Content/Ordinal numbers.md,363,2192,
1a7b07eb-029a-4c23-801e-0f5e391f8678,Ordinal numbers.md,"['Ordinal numbers', 'Use words for ordinals up to ‘ninth’ and numerals for ‘10th’ and above', 'Ordinals in reference lists']",69,69,19,#ordinal-numbers/use-words-for-ordinals-up-to-ninth-and-numerals-for-10th-and-above,,"> Brone AZ (2020) *Towards a high-performing public service*, 2nd edn, Positive Publications, Canberra.",Style Guide Content/Ordinal numbers.md,0,0,
77dec609-ba37-4132-b1cd-927f8309d26a,Ordinal numbers.md,"['Ordinal numbers', 'Use words for ordinals up to ‘ninth’ and numerals for ‘10th’ and above', 'Ordinals in reference lists']",71,83,101,#ordinal-numbers/use-words-for-ordinals-up-to-ninth-and-numerals-for-10th-and-above,,"---
### Ordinals in organisation names
If an organisation’s name includes a numeral, write the name as the organisation does. This is an exception to the rule to use words for ordinal numbers up to ninth.
**Example**
> The 1st Australian Infantry Battalion arrived in Egypt on 2 December 1914.  
> MyHealth 1st is a platform that connects patients with local health practitioners.  
> They searched for Thirteenth Holdings Pty Ltd on the ASIC registers.
---",Style Guide Content/Ordinal numbers.md,2194,2651,
eba3cdbc-c788-4837-99c1-cbcb35e08e4b,Ordinal numbers.md,"['Ordinal numbers', 'Create a list rather than use ordinals']",84,108,203,#ordinal-numbers/create-a-list-rather-than-use-ordinals,,"## Create a list rather than use ordinals
Don’t use ordinals to order points in general content. Reword the content so it doesn’t need ordinals or use a numbered list instead. A list can make it easier for people to follow the sequence.
Always use numbered lists rather than ordinals when you’re expressing a series of items or steps – for example, in recommendations or instructions.
**Like this**
> To apply for the grant:  
> 1. complete the eligibility checklist  
> 2. submit a business case  
> 3. provide supporting documents.
**Not this**
> If you want to apply for the grant, first complete the eligibility checklist. Second, you must submit a business case; and third, you must provide supporting documents.
---
### Accessibility requirements
Code lists so they are understood correctly. Mark up ordered lists in HTML with the `<ol>` tag.
**WCAG quick reference:** 1.3.1 Info and relationships – level A
---",Style Guide Content/Ordinal numbers.md,2653,3570,
a73087ef-408e-4d42-bbed-a680ad5bfee2,Ordinal numbers.md,"['Ordinal numbers', 'Ordinals in journals and other publications']",109,130,211,#ordinal-numbers/ordinals-in-journals-and-other-publications,,"## Ordinals in journals and other publications
Ordinals, such as ‘firstly’ and ‘secondly’, are sometimes used in content written for government publications such as journals and reports. In this type of content, they order thoughts without interrupting the flow of the text.
‘Firstly’ and ‘secondly’ work as a pair. Don’t use one without the other.
**Write this**
> The committee responded in 2 ways. Firstly, they asked for an immediate adjournment of proceedings. Secondly, they sought clarification about their powers to subpoena witnesses.
**Not this**
> The committee responded in 2 ways. They asked for an immediate adjournment of proceedings. Secondly, they sought clarification about their powers to subpoena witnesses.
Don’t use ‘thirdly’. Instead, omit ordinals and write the points as a run-on list in a sentence.
**Write this**
> The committee took evidence from peak bodies, unions and the department.
**Not this**
> The committee took evidence from, firstly, peak bodies; secondly, unions; and thirdly, the department.
---",Style Guide Content/Ordinal numbers.md,3572,4608,
c13d593e-8e1c-48a3-aae7-3d9825d370c4,Ordinal numbers.md,"['Ordinal numbers', ""Don't use ordinals in dates""]",131,142,35,#ordinal-numbers/dont-use-ordinals-in-dates,,"## Don't use ordinals in dates
Use numerals without a suffix for dates.
**Write this**
> 12 February 2020
**Not this**
> 12th February 2020
---",Style Guide Content/Ordinal numbers.md,4610,4753,
19a0af34-1417-4bcb-a838-a8d1654d9c86,Ordinal numbers.md,"['Ordinal numbers', 'Don’t confuse ordinals with regnal numbers']",143,179,247,#ordinal-numbers/dont-confuse-ordinals-with-regnal-numbers,,"## Don’t confuse ordinals with regnal numbers
Regnal numbers are upper case roman numerals that are used for the titles of monarchs and popes and in family names.
Even though you might pronounce regnals as ordinal numbers, don’t write them like that.
**Correct**
> Elizabeth I
**Incorrect**
> Elizabeth Ist
---
### Use a non-breaking space for names with regnal numbers
Put a non-breaking space between the name and the regnal number. A non-breaking space means that line breaks won’t split up both elements of the name. The name and number will stay together on one line.
You can insert a non-breaking space using the Unicode character `U+00A0`.
In HTML, use the entity `&nbsp;` to insert a non-breaking space. You can also use the keyboard shortcut **Ctrl+Shift+Spacebar** in Word.
---
### Print considerations
Use a narrow no-break space between the name and the regnal number.
The narrow no-break space ensures that the:
- name and number stay together on one line  
- spacing between name and number doesn’t change when text is justified.
You can insert a narrow no-break space using the Unicode character `U+202F`.
---",Style Guide Content/Ordinal numbers.md,4755,5879,
383575c4-41e1-4225-bcfb-1ecc5ff69966,Ordinal numbers.md,"['Ordinal numbers', 'Release notes']",180,190,154,#ordinal-numbers/release-notes,,"## Release notes
The digital edition revises guidance on ordinal numbers.
There is now an exception to the rule *‘Use words for ordinals up to ‘ninth’ and numerals for ‘10th’ and above’* for centuries. Usage evidence has informed this change. It shows the overwhelming use of numerals, not words, when writing ordinals under 10 with centuries.
It deviates from advice in the sixth edition by recommending that words be used for numbers up to the ninth. The sixth edition recommended words up to 100 and for large rounded numbers.
The digital edition excludes information in the sixth edition about using ordinal dates in data systems.
The *Content Guide* made only a brief mention of ordinal numbers.",Style Guide Content/Ordinal numbers.md,5881,6581,
6900da72-15f8-4780-89cf-8fa63f5b2279,Organisation names.md,['Organisation names'],1,6,23,#organisation-names,,"# Organisation names
Spell and punctuate organisation names correctly. This helps people to understand your content.
---",Style Guide Content/Organisation names.md,0,120,
68851f32-7a6b-4392-98f2-f3df9ae3b412,Organisation names.md,"['Organisation names', 'Guidance']",7,16,63,#organisation-names/guidance,,"## Guidance
- [Write the name as the organisation writes it](#write-the-name-as-the-organisation-writes-it)
- [Check the correct name of an organisation](#check-the-correct-name-of-an-organisation)
- [Capitalise organisations’ names in 2 situations](#capitalise-organisations-names-in-2-situations)
- [Put a possessive apostrophe in a name if the organisation does](#put-a-possessive-apostrophe-in-a-name-if-the-organisation-does)
- [Use the singular verb with organisation names](#use-the-singular-verb-with-organisation-names)
---",Style Guide Content/Organisation names.md,122,654,
2b88ae7e-2b79-481c-8827-bcae7ac6cfd9,Organisation names.md,"['Organisation names', 'Write the name as the organisation writes it']",17,38,317,#organisation-names/write-the-name-as-the-organisation-writes-it,,"## Write the name as the organisation writes it
Organisations determine how their names should be spelt and punctuated. This does not always follow the usual rules.
Write the name of the organisation the same way the organisation writes it. This rule applies except in rare cases when the organisation name is in all lower case. Use an initial capital for these names in body text. This helps people identify the name as a proper noun.
Some names start with a lower case letter but have a medial capital (for example, ‘eBay’). Write the name the same way, including to begin a sentence. A medial capital is enough to identify the name as a proper noun.
**Example**
> eSafety keeps tips on its website topical and up to date.
Pay attention to the use of capital letters, punctuation (such as apostrophes) and logograms (such as ‘&’). Make sure to include all words in the name. Don’t add additional words.
**Example**
> United Nations Educational, Scientific and Cultural Organization  
> \[‘United Nations’ doesn't have an apostrophe because it is descriptive. Note the variant spelling of ‘Organization’.\]  
> Department of the Prime Minister and Cabinet (PM&C) \[The ampersand is part of the initialism but not the spelt-out form.\]  
> State Library Victoria \[The name is not the ‘State Library of Victoria’. It does not include a preposition.\]  
> Meat & Livestock Australia \[The ampersand is part of the name.\]
---",Style Guide Content/Organisation names.md,656,2080,
c101a3df-f552-4dd9-bdc6-a5637873d90f,Organisation names.md,"['Organisation names', 'Check the correct name of an organisation']",39,77,408,#organisation-names/check-the-correct-name-of-an-organisation,,"## Check the correct name of an organisation
The names of organisations can change. The most efficient way to confirm an organisation’s name is to check its website, annual report or letterhead. If this is unsuccessful, there are other reliable services.
For Australian Government entities, use the government online directory. Directory entries contain links to departmental pages listing annual reports. Annual reports are a good way to find the former names of departments.
The government online directory includes the Australian Government Organisations Register and the directories of state and territory governments. There are also website directories for some local governments.
For non-government entities, use:
- the Australian Securities Exchange's listed companies
- the Australian Securities and Investments Commission registers
For all entities, use:
- the Australian Business Register's ABN lookup
- a publication that lists organisations such as the *Directory of Australian associations* or *Margaret Gee’s media guide*, if your organisation has access.
**Example**
> Before September 2013, the Department of Social Services was called the ‘Department of Families, Housing, Community Services and Indigenous Affairs’.
If you cite a source written by an organisation that has since changed its name, use the name that was published in the source. This may be the organisation’s or government department's past name.
---
### Capital letters in registered business names
Some organisation names appearing on the Australian Business Register have all capitals. Our first rule applies: write the name as the organisation does.
Check the organisation's website and publications to find how it capitalises its name and follow the organisation's preferred style.
**Example**
> MySA GOV \[All capitals for 'GOV' is the preferred style. The registered business name has the same capitalisation.\]  
> The Smith Family \[Initial capitals is the preferred style. The registered business name is 'THE SMITH FAMILY' in all capitals.\]
---
### Shortened forms of the name",Style Guide Content/Organisation names.md,2082,4154,
83ebe48c-a798-426f-ab13-92b9672ef287,Organisation names.md,"['Organisation names', 'Check the correct name of an organisation', 'Shortened forms of the name']",78,78,21,#organisation-names/check-the-correct-name-of-an-organisation,,Use the organisation’s shortened form only if the organisation regularly uses it in its own content.,Style Guide Content/Organisation names.md,0,0,
217fb95f-8980-4349-96b5-4dfb7b72a1f0,Organisation names.md,"['Organisation names', 'Check the correct name of an organisation', 'Shortened forms of the name']",80,108,297,#organisation-names/check-the-correct-name-of-an-organisation,,"For example, the Department of Home Affairs uses ‘Home Affairs’ as the shortened form. It would be inappropriate to use ‘DHA’ to refer to Home Affairs. However, Defence Housing Australia does use the initialism ‘DHA’, so using it to refer to that organisation would be appropriate.
Spell out the shortened form the first time, unless the organisation’s name is known only by the shortened form.
**Write this**
> Zoning laws allowed IKEA to lease the land.  
> Defence Housing Australia (DHA) provides housing for Defence members and their families. DHA also provides other related services.
**Not this**
> Zoning laws allowed Ingvar Kamprad Elmtaryd Agunnaryd (IKEA) to lease the land.  
> DHA provides housing for Defence members and their families.
---
### Shortened forms as part of the name
Some organisations use shortened forms such as ‘Ltd’, ‘Pty Ltd’, ‘Co’ and ‘Inc’ as part of their legal name. Others use the spelt-out forms.
Don't add a full stop at the end of ‘Co’ and ‘Inc’ unless they finish a sentence. No full stop is the correct Australian Government style for abbreviations.
**Example**
> Apple Inc  
> Woodside Petroleum Ltd  
> Perpetual Limited
Use the organisation’s full title on first mention in a publication. On subsequent mentions in print documents, you can omit words like ‘proprietary’ and ‘limited’ and the corresponding shortened forms.
---",Style Guide Content/Organisation names.md,4156,5528,
e39115e2-1447-4cd9-a50f-6fb9ecd2bf0e,Organisation names.md,"['Organisation names', 'Capitalise organisations’ names in 2 situations']",109,149,379,#organisation-names/capitalise-organisations-names-in-2-situations,,"## Capitalise organisations’ names in 2 situations
Use initial capitals for:
- all words capitalised in the full, official names of organisations
- the first mention of an organisation.
Don’t use an initial capital for:
- generic terms – such as ‘the department’ or ‘the agency’ – even if the organisation being referenced capitalises the generic term in its content
- mentions of several organisations with the same generic name.
**Example**
> Australian Academy of the Humanities – the academy  
> Department of Finance – the department  
> The departments of Health and Finance – the departments  
> Western Sydney University – the university  
> Australian Ballet Company – the company  
> Royal Commission into Misconduct in the Banking, Superannuation and Financial Services Industry – the royal commission  
> Gundagai Shire Council – the shire council/the council  
> Regional Australia Summit – the summit
---
### In body text, use lower case for the definite article in the names of organisations
Some organisations use the definite article ‘The’ in their name with an initial capital. Use the full name, including ‘The’, in 2 situations:
- in emails and letters
- if the name appears in an alphabetical list (arrange by ‘The’ as the first word in the name).
Always use lower case ‘the’ in body text. This follows the practice of most organisations.
**Example**
> The University of Sydney \[Correct name, not ‘University of Sydney’\]  
> Next year the University of Sydney will renovate its science buildings. \[Body text uses lower case for ‘the’\]
If organisations omit the definite article from their name, don’t use it in emails and letters. In body text, ‘the’ appears before the correct name or isn’t needed at all.
**Example**",Style Guide Content/Organisation names.md,5530,7273,
335c6e01-e8e1-48b9-9e79-431b06dd3d94,Organisation names.md,"['Organisation names', 'Capitalise organisations’ names in 2 situations', 'In body text, use lower case for the definite article in the names of organisations']",149,153,44,#organisation-names/capitalise-organisations-names-in-2-situations,,"> Charles Sturt University \[Correct name, not ‘The Charles Sturt University’\]  
> Research at Charles Sturt University examined whether early Australian wheat varieties caused allergic reactions. \[Body text does not use ‘the’\]

---",Style Guide Content/Organisation names.md,0,5,
ed465ecc-82e1-4da4-ab94-856fecacbc20,Organisation names.md,"['Organisation names', 'Put a possessive apostrophe in a name if the organisation does']",154,173,137,#organisation-names/put-a-possessive-apostrophe-in-a-name-if-the-organisation-does,,"## Put a possessive apostrophe in a name if the organisation does
Use an apostrophe only when it forms part of the official name of an organisation.
**Example**
> Actors’ and Entertainers’ Benevolent Fund Qld
In all other cases for organisation names, don’t use possessive apostrophes.
The apostrophe is disappearing from many organisational names, particularly from those that contain plural nouns ending in ‘s’. In these cases, the plural noun is descriptive rather than possessive.
**Example**
> Australian Securities and Investments Commission  
> Libraries Board of South Australia  
> Minerals Council of Australia  
> Chief Government Geologists Conference  
> Australian Workers Union
---",Style Guide Content/Organisation names.md,7275,7971,
e21352c9-4112-4a61-85a7-e778fe6725e8,Organisation names.md,"['Organisation names', 'Use the singular verb with organisation names']",174,193,158,#organisation-names/use-the-singular-verb-with-organisation-names,,"## Use the singular verb with organisation names
The rules of grammar allow the use of a plural or singular verb with the names of organisations. This is not Australian Government style.
Always use a singular verb. This applies even if organisation names end in an ‘s’ and look plural.
**Write this**
> The Bureau of Meteorology has been quick to respond.  
> Woolworths is advertising its new stock.  
> The United Nations turns 75 in 2020.  
> NT Fisheries has reviewed its policies.
**Not this**
> The Bureau of Meteorology have been quick to respond.  
> Woolworths are advertising their new stock.  
> The United Nations turn 75 in 2020.  
> NT Fisheries have reviewed their policies.
---",Style Guide Content/Organisation names.md,7973,8666,
08b4070e-dce4-4556-9c6f-27db8676e9fb,Organisation names.md,"['Organisation names', 'Release notes']",194,200,136,#organisation-names/release-notes,,"## Release notes
The digital edition consolidates and updates information from the sixth edition. It has links to online resources writers can use to ensure the information is up to date. In a departure from the sixth edition, the abbreviations ‘Co’ and ‘Inc’ do not have a full stop. This is consistent with Australian Securities and Investment Commission (ASIC) guidance and relevant legislation.
The sixth edition had relevant information on organisations’ names in different parts of the manual.
The Content Guide had an example to illustrate style for generic and full organisation names, consistent with the sixth edition, but no explicit guidance.",Style Guide Content/Organisation names.md,8668,9322,
51002ac0-4862-48ab-acfc-7625e6d92a66,Paragraphs.md,['Paragraphs'],1,6,45,#paragraphs,,"# Paragraphs
One topic per paragraph helps users absorb information. Organise them under headings to help users scan the content. Write short paragraphs, each starting with a topic sentence or a transition sentence.
---",Style Guide Content/Paragraphs.md,0,219,
3fd0ddcb-1a3c-4d4c-8fb7-2d495449ed88,Paragraphs.md,"['Paragraphs', 'Guidance']",7,17,73,#paragraphs/guidance,,"## Guidance
- Limit each paragraph to one topic  
- Put paragraphs in the order that makes sense to the user  
- Expand on the heading in the first paragraph  
- Structure each paragraph well  
- Keep most paragraphs to 2 or 3 sentences  
- Write clear sentences using a maximum of 25 words
---",Style Guide Content/Paragraphs.md,221,515,
b5306131-5c1d-4313-99e7-3a58bdae5ea0,Paragraphs.md,"['Paragraphs', 'Limit each paragraph to one topic']",18,25,97,#paragraphs/limit-each-paragraph-to-one-topic,,"## Limit each paragraph to one topic
People find it easier to understand content when a paragraph contains only one topic or theme. Don’t introduce a new topic in the middle or at the end of a paragraph. Start a new paragraph instead.
Introduction or summary paragraphs recap ideas covered in the content. Group sentences in these paragraphs by theme – for example, to help users understand how the content is structured.
---",Style Guide Content/Paragraphs.md,517,942,
e8447a85-920f-473c-8c27-99c5d0b0e1d2,Paragraphs.md,"['Paragraphs', 'Put paragraphs in the order that makes sense to the user']",26,41,90,#paragraphs/put-paragraphs-in-the-order-that-makes-sense-to-the-user,,"## Put paragraphs in the order that makes sense to the user
Order paragraphs in a logical sequence, such as:
- steps in a transaction  
- the order of importance  
- cause then effect  
- problem then solution  
- pros then cons.
This helps people follow related ideas or steps in a sequence.
Arrange paragraphs under brief, meaningful headings. Headings help users understand what the paragraphs cover.
---",Style Guide Content/Paragraphs.md,944,1351,
a33fe085-49c5-4ec1-bacc-29aebb7d970e,Paragraphs.md,"['Paragraphs', 'Expand on the heading in the first paragraph']",42,53,148,#paragraphs/expand-on-the-heading-in-the-first-paragraph,,"## Expand on the heading in the first paragraph
The first paragraph under a heading helps people decide if they’ve found the information they need. Search engines also use first paragraphs when analysing content.
Use the first paragraph to make the purpose of your content easier to find in searches. It should include a topic sentence and summarise the following paragraphs.
You can use first paragraphs to improve long-form content, such as reports. First paragraphs can summarise the main points in each section.
Copy and paste all the first paragraphs together to compile a summary of your content. If you’re missing any main points, rewrite some of your first paragraphs.
---",Style Guide Content/Paragraphs.md,1353,2033,
f12663dd-81e5-4183-820f-67bbed335d53,Paragraphs.md,"['Paragraphs', 'Structure each paragraph well']",54,89,370,#paragraphs/structure-each-paragraph-well,,"## Structure each paragraph well
The first sentence in each paragraph should be a topic or transition sentence. A topic sentence tells people what the paragraph is about. A transition sentence explicitly connects the previous paragraph with the new.
Each paragraph should contain sentences that are arranged logically and relate only to the topic.
A paragraph’s concluding sentence usually summarises the topic or leads into the next paragraph.
---
### Topic sentences
Most paragraphs will begin with a topic sentence. When users skim content, topic sentences help them to follow your meaning.
To write an effective topic sentence, use active voice. This approach makes the topic of the paragraph the grammatical subject of the topic sentence.
**Write this**
> Our rapid response team began operating in 2019 as a result of the 2018 stakeholder survey. The survey showed it took too long to repair damage.
**Not this**
> A stakeholder survey in 2018 revealed dissatisfaction with the time taken to repair damage. Our rapid response team began operating in 2019.
[This paragraph is about the rapid response team, not the stakeholder survey. The grammatical subject of the topic sentence should be ‘the team’, not ‘the survey’.]
---
### Transition sentences
You can also choose to start a paragraph with a transition sentence. The transition sentence includes words that link the topic of the previous paragraph with the topic to follow. This is particularly useful when the concluding sentence of one paragraph doesn’t explicitly link to the next.
Transition sentences are also useful if it's important to stress that your new paragraph is part of a larger narrative. Transition sentences keep the narrative flowing and help users make connections.",Style Guide Content/Paragraphs.md,2035,3782,
bfc9998b-277b-4abd-8af1-b1544e4a717f,Paragraphs.md,"['Paragraphs', 'Structure each paragraph well', 'Transition sentences']",86,93,92,#paragraphs/structure-each-paragraph-well,,"**Example**  
… In summary, an effective policy strategy understands public needs, the purpose of the strategy and the desired strategic outcome. [Concluding sentence of paragraph 1]  
To build on a robust policy strategy, it’s essential to evaluate and measure outcomes after implementation. Analyse performance metrics and gather user feedback regularly. And stay responsive: keep informed about societal trends and adapt where necessary …  
[Transition sentence begins paragraph 2]

---",Style Guide Content/Paragraphs.md,0,5,
4d86dd86-d8b9-4bd3-b15e-dea0044cb4f9,Paragraphs.md,"['Paragraphs', 'Be clear when using pronouns to start paragraphs']",94,115,237,#paragraphs/be-clear-when-using-pronouns-to-start-paragraphs,,"## Be clear when using pronouns to start paragraphs
Take care if you start a paragraph with a pronoun. It should already be clear who or what the pronoun is referring to. If not, make sure to mention the noun in each paragraph before using the pronoun that substitutes the noun.
**Write this**
> The initial amounts for appropriation in 2019–20 were up to:  
> - $295 million for ordinary annual services  
> - $380 million for other annual services.  
> The appropriations increased in March 2020 to account for unforeseen expenditures in relation to COVID-19.
[The new paragraph clearly states what increased in March 2020: ‘the appropriations’.]
**Not this**
> The initial amounts for appropriation in 2019–20 were up to:  
> - $295 million for ordinary annual services  
> - $380 million for other annual services.  
> These increased in March 2020 to account for unforeseen expenditures in relation to COVID-19.
[The new paragraph has the demonstrative pronoun ‘these’ to begin the topic sentence. The pronoun does not specify what increased; the topic sentence is unclear.]
---",Style Guide Content/Paragraphs.md,3784,4867,
59223cf0-0118-4919-9447-7fba0de2f6b2,Paragraphs.md,"['Paragraphs', 'Keep most paragraphs to 2 or 3 sentences']",116,139,261,#paragraphs/keep-most-paragraphs-to-2-or-3-sentences,,"## Keep most paragraphs to 2 or 3 sentences
Short paragraphs help people understand content. The ideal length depends on what you are writing, for example:
- Media releases and news articles have 1 or 2 sentences in a paragraph.  
- Content designed for mobile screens has no more than 2 or 3 sentences in a paragraph.  
- Reports (and other long-form content) usually have a limit of 6 sentences in a paragraph.
If your paragraphs or sentences are too long, you might be trying to say too much in one place.
Consider starting a new paragraph or using an itemised list. Make sure the items relate to each other and are grammatically parallel.
A paragraph can be one sentence, but be careful. Overusing single-sentence paragraphs reduces their effectiveness and can disrupt the flow of content.
---
### Digital Service Standard requirements
Use responsive design methods to make sure users can read the content on any device. Short paragraphs are critical in responsive design: Criterion 6. Consistent and responsive design.
Many people do not use a desktop computer or printed material to access government services and information. Test your content on a mobile device first.
---",Style Guide Content/Paragraphs.md,4869,6049,
7c8580eb-24b0-441e-83d2-0727462aa067,Paragraphs.md,"['Paragraphs', 'Write clear sentences using a maximum of 25 words']",140,154,113,#paragraphs/write-clear-sentences-using-a-maximum-of-25-words,,"## Write clear sentences using a maximum of 25 words
All sentences should use plain language. Even in technical documents, keep sentences to 25 words or less. Long sentences often cause long paragraphs.
Sentences in a paragraph develop the main idea from a topic or transition sentence by:
- giving examples or details  
- comparing or contrasting  
- showing cause and effect  
- drawing conclusions from evidence.
In complex content, you might need to use a paragraph or more for each of these points.
---",Style Guide Content/Paragraphs.md,6051,6558,
66abfd9e-546a-4bae-960f-39d36078dced,Paragraphs.md,"['Paragraphs', 'Accessibility requirements']",155,170,137,#paragraphs/accessibility-requirements,,"## Accessibility requirements
**User needs:**  
I can read and understand text, even if the content includes unusual words and shortened forms, or features languages other than English.
**Fundamentals:**
- Write in plain language. This helps all users and is essential for some.  
- Avoid (or explain) unusual words, phrases, idioms and so on. Expand all acronyms on their first use.  
- Avoid using double negatives.
**Web Content Accessibility Guidelines success criteria:**  
3.1.5 Reading level – level AAA. Level AAA requires a lower secondary education reading level, after removal of proper names and titles, (year 7 or between 12 and 14 years old).
---",Style Guide Content/Paragraphs.md,6560,7220,
49afe7c2-3f1a-47fe-94e1-1ca8fc7f53b1,Paragraphs.md,"['Paragraphs', 'Release notes']",171,178,132,#paragraphs/release-notes,,"## Release notes
The digital edition is based on the material in the sixth edition. It gives more advice on how to put paragraphs together, what belongs in a paragraph and when to start a new one. It fleshes out the advice on topic sentences and describes transition sentences. It does not give information about numbered paragraphs.
The sixth edition focused on being succinct and on the length of paragraphs.
The digital edition also builds on the *Content Guide* but uses different terminology. The guide recommended using short, simple paragraphs of 2 or 3 sentences containing one idea.
```",Style Guide Content/Paragraphs.md,7222,7817,
f7d733f6-c302-400f-9984-4103eea6ddb9,Parliaments and councils.md,['Parliaments and councils'],1,6,35,#parliaments-and-councils,,"# Parliaments and councils
Refer to members of Australian parliaments and councils in the correct style. Follow these rules to address and title people correctly.
---",Style Guide Content/Parliaments and councils.md,0,166,
25bd00a7-5a77-4618-970f-dbe0edab6399,Parliaments and councils.md,"['Parliaments and councils', 'Guidance']",7,16,81,#parliaments-and-councils/guidance,,"## Guidance
- Capitalise the titles of the current prime minister and treasurer  
- Capitalise titles for current senators and members of the Australian Parliament  
- Address certain office holders of the Australian Parliament as ‘Honourable’  
- Use the appropriate form for members of state and territory parliaments  
- Address mayors and members of local governments with the correct title
---",Style Guide Content/Parliaments and councils.md,168,566,
2ab349e5-64aa-4f48-9e29-75015748a4b2,Parliaments and councils.md,"['Parliaments and councils', 'Capitalise the titles of the current prime minister and treasurer']",17,43,200,#parliaments-and-councils/capitalise-the-titles-of-the-current-prime-minister-and-treasurer,,"## Capitalise the titles of the current prime minister and treasurer
Capitalise the titles of the current holders of the positions of:
- Prime Minister  
- Treasurer.
Do this even when the titles are abbreviated.
If referencing prime ministers or treasurers generically, use lower case.
**Example**
> The Prime Minister announced the new initiative this morning.  
> The PM announced the new initiative this morning. [Less formal]  
> Terms of office vary for prime ministers around the world. [Generic]  
> The Treasurer will present the mid-year report tomorrow.  
> In many countries treasurers are preparing responses to this latest development. [Generic]
Use lower case letters for former prime ministers and treasurers of Australia.
**Example**
> Alfred Deakin served 3 terms as prime minister of Australia.  
> Australia’s first female prime minister was Julia Gillard, who took office in 2010.  
> Peter Costello remains the longest-serving treasurer in Australian history.
---",Style Guide Content/Parliaments and councils.md,568,1553,
c0b9b800-5ca9-4645-8a6f-894a798188c9,Parliaments and councils.md,"['Parliaments and councils', 'Capitalise titles for current senators and members of the Australian Parliament']",44,71,169,#parliaments-and-councils/capitalise-titles-for-current-senators-and-members-of-the-australian-parliament,,"## Capitalise titles for current senators and members of the Australian Parliament
The Parliament of Australia website has instructions for how to address senators and members.
Write these titles as follows:
- the Prime Minister  
- the President of the Senate  
- the Speaker of the House of Representatives  
- ministers (Senate)  
- ministers (House of Representatives)  
- assistant ministers (Senate)  
- assistant ministers (House of Representatives)  
- senators  
- members (House of Representatives).
People elected to the upper house take the title **‘Senator’** before their given name.
**Example**
> Senator Claire Chandler
Members of the House of Representatives take the initialism **‘MP’** after their name. Write it after any other post-nominals. Don’t use commas before or between post-nominals.
**Example**
> Ms Zali Steggall OAM MP
---",Style Guide Content/Parliaments and councils.md,1555,2409,
05be44b5-3691-437c-a352-d57ae99e0af3,Parliaments and councils.md,"['Parliaments and councils', 'Address certain office holders of the Australian Parliament as ‘Honourable’']",72,113,336,#parliaments-and-councils/address-certain-office-holders-of-the-australian-parliament-as-honourable,,"## Address certain office holders of the Australian Parliament as ‘Honourable’
Use the title **‘Honourable’** for ministers (including the prime minister) and parliamentary secretaries in the Australian Parliament. The title is given to these office holders because they are members of the Federal Executive Council. They retain the title for life.
The abbreviation for ‘Honourable’ is **‘Hon’** without a full stop.
**Example**
> The Hon Chris Bowen MP, Minister for Climate Change and Energy [Serving minister]  
> The Hon Darren Chester MP [Serving MP and former minister]  
> The Hon Warren Entsch MP [Serving MP and former parliamentary secretary]
Use the title **‘Senator’** before ‘the Honourable’ if the minister or parliamentary secretary is a member of the Senate.
**Example**
> Senator the Hon Penny Wong, Minister for Foreign Affairs
---
### The presiding officers and former office holders of state parliaments
The President of the Senate and the Speaker of the House of Representatives (the presiding officers) use the title ‘Honourable’.
‘Honourable’ is also given to members of the Australian Parliament who are:
- former members of state ministries  
- former presiding officers of state parliaments.
**Example**
> Senator the Hon Susan Lines, President of the Senate  
> The Hon Milton Dick MP, Speaker of the House of Representatives  
> The Hon Bob Katter MP [Former minister in the Queensland Government]
**Formal emails and letters to a minister**
- Open with *‘Dear Minister’*.  
- Conclude with *‘Yours faithfully’*.
**Less formal correspondence**
- Open with *‘My dear Minister’*.  
- Conclude with *‘Yours sincerely’*.
---",Style Guide Content/Parliaments and councils.md,2411,4059,
e6ee94bc-875b-4f15-bc80-5a577fbf1dc4,Parliaments and councils.md,"['Parliaments and councils', 'Use the appropriate form for members of state and territory parliaments']",114,165,339,#parliaments-and-councils/use-the-appropriate-form-for-members-of-state-and-territory-parliaments,,"## Use the appropriate form for members of state and territory parliaments
In formal emails and letters, address members of state and territory parliaments with the relevant post-nominal after their name.
### Number of chambers in state and territory parliament
The parliaments of all states except Qld are **bicameral** (2 chambers):
- Legislative Council – ‘upper house’  
- Legislative Assembly (NSW, Vic, WA) or House of Assembly (SA, Tas) – ‘lower house’.
The parliaments of Qld, the ACT and the NT are **unicameral** (1 chamber) – the Legislative Assembly.
---
### Use the correct post-nominal
Members of state and territory parliaments use the post-nominal:
- **MLC** – Member of the Legislative Council  
- **MLA** – Member of the Legislative Assembly  
- **MP** – Member of the Legislative Assembly or Member of the House of Assembly
**Rules**
- MLC: NSW, SA, Tas, Vic, WA (upper house)  
- MLA: ACT, NT, WA (Legislative Assembly)  
- MP: NSW, Qld, Vic (Legislative Assembly)  
- MP: SA, Tas (House of Assembly)
**Example**
> The Hon Nicolas Pierre Goiran MLC  
> Ms Tara Cheyne MLA  
> Mr Danny O'Brien MP  
> Dr Amy MacMahon MP
A parliamentarian may have other post-nominals (honours, qualifications). Use them as the parliamentarian does. If unsure, check with their office.
---
### Emails and letters to members of a state or territory parliament
**Formal**
- Open with *‘Dear Ms’* (or *‘Mr’*, *‘Mrs’*, *‘Mx’*, *‘Dr’*, etc.)  
- Conclude with *‘Yours faithfully’*
**Less formal**
- Open with *‘Dear Mr’* (or *‘Ms’*, etc.)  
- Conclude with *‘Yours sincerely’*
---",Style Guide Content/Parliaments and councils.md,4061,5637,
5c7dd144-7827-40df-9447-86068f1bc745,Parliaments and councils.md,"['Parliaments and councils', 'Address certain office holders in state and NT parliaments as ‘Honourable’']",166,196,273,#parliaments-and-councils/address-certain-office-holders-in-state-and-nt-parliaments-as-honourable,,"## Address certain office holders in state and NT parliaments as ‘Honourable’
Use **‘Honourable’** when addressing:
- premiers and ministers in all states  
- chief minister and ministers in the NT  
- former ministers in all states and the NT  
- members of all state legislative councils except Vic  
- Leader of the Opposition in Tas  
- presidents of all legislative councils  
- speakers of all parliaments except the ACT
**Example**
> NSW: The Hon Benjamin Cameron Franklin MLC, President of the Legislative Council  
> NT: The Hon Mark Monaghan MLA, Speaker of the Legislative Assembly  
> Qld: The Hon Scott Stewart MP, Minister for Resources  
> SA: The Hon Jing Shyuan Lee MLC  
> Tas: The Hon Rebecca White MP, Leader of the Opposition  
> Vic: The Hon Daniel Andrews MP, Premier of Victoria  
> WA: The Hon Sophia Moermond MLC
Office holders in the ACT Legislative Assembly don’t use ‘Honourable’. Address ACT ministers using the relevant ministerial title.
**Example**
> Ms Joy Burch MLA, Speaker of the ACT Legislative Assembly  
> Ms Rachel Stephen-Smith MLA, Minister for Health  
> Ms Rachel Stephen-Smith MLA, Minister for Aboriginal and Torres Strait Islander Affairs  
> Ms Rachel Stephen-Smith MLA, Minister for Families and Community Services
---",Style Guide Content/Parliaments and councils.md,5639,6907,
bd6a8a80-74f6-4f65-b598-5aff4cc5cd53,Parliaments and councils.md,"['Parliaments and councils', 'Address state premiers correctly']",197,212,82,#parliaments-and-councils/address-state-premiers-correctly,,"## Address state premiers correctly
**Format**
> The Hon [Name] MLA/MP, Premier of [State]
Check if other post-nominals are used.
**Example**
> The Hon Peter Malinauskas MP, Premier of South Australia  
> The Hon Roger Cook BA GradDipBus (PR) MBA MLA, Premier of Western Australia
**Formal** – ‘Dear Premier’ / ‘Yours faithfully’  
**Less formal** – ‘My dear Premier’ / ‘Yours sincerely’
---",Style Guide Content/Parliaments and councils.md,6909,7300,
d6d0f51f-7747-4668-81c3-38a162f88534,Parliaments and councils.md,"['Parliaments and councils', 'Address the chief minister of the NT correctly']",213,224,68,#parliaments-and-councils/address-the-chief-minister-of-the-nt-correctly,,"## Address the chief minister of the NT correctly
**Format**
> The Hon [Name] MLA, Chief Minister of the Northern Territory
**Example**
> The Hon Natasha Fyles MLA, Chief Minister of the Northern Territory
Formal and less formal openings: ‘Dear Chief Minister’ (close with *‘Yours faithfully’* or *‘Yours sincerely’* accordingly).
---",Style Guide Content/Parliaments and councils.md,7302,7636,
911abb62-165c-482b-9663-a0337aa6ddff,Parliaments and councils.md,"['Parliaments and councils', 'Address the chief minister of the ACT with their preferred title']",225,236,66,#parliaments-and-councils/address-the-chief-minister-of-the-act-with-their-preferred-title,,"## Address the chief minister of the ACT with their preferred title
**Format**
> [Title] [Name] MLA, Chief Minister of the ACT
**Example**
> Mr Andrew Barr MLA, Chief Minister of the ACT
Formal and less formal openings: ‘Dear Chief Minister’ (close with *‘Yours faithfully’* or *‘Yours sincerely’* accordingly).
---",Style Guide Content/Parliaments and councils.md,7638,7953,
1464eab6-8ee3-432d-8be0-b19b9311b805,Parliaments and councils.md,"['Parliaments and councils', 'Address mayors and members of local governments with the correct title']",237,291,402,#parliaments-and-councils/address-mayors-and-members-of-local-governments-with-the-correct-title,,"## Address mayors and members of local governments with the correct title
Titles differ for urban and regional areas. Always confirm with the mayor’s or member’s office.
---
### Mayors of state capital cities
Use **‘The Right Honourable the Lord Mayor of [City]’** for lord mayors of Adelaide, Brisbane, Hobart, Melbourne, Perth, Sydney.
- Brisbane, Hobart, Melbourne, Sydney: add ‘Councillor’ before name.  
- Adelaide, Perth: use honorific (Ms, Mr, Mx, Mrs, Dr).
**Example**
> The Right Honourable the Lord Mayor of Brisbane, Councillor Adrian Schrinner  
> The Rt Hon the Lord Mayor of Hobart, Councillor Anna M Reynolds  
> The Right Honourable the Lord Mayor of Melbourne, Councillor Sally Capp  
> The Rt Hon the Lord Mayor of Sydney, Councillor Clover Moore AO  
> The Rt Hon the Lord Mayor of Adelaide, Dr Jane Lomax-Smith AM
Darwin: **‘The Right Worshipful the Lord Mayor of Darwin’**
> The Right Worshipful the Lord Mayor of Darwin, the Hon Kon Vatskalis
**Correspondence** – ‘Dear Lord Mayor’ / ‘Yours faithfully’
---
### Mayors outside capital cities
Geelong, Newcastle, Wollongong: **‘The Right Worshipful the [Lord] Mayor of [City]’**
**Example**
> The Right Worshipful the Mayor of Greater Geelong, Mr Trent Sullivan  
> The Right Worshipful the Lord Mayor of Newcastle, Ms Nuatali Nelmes  
> The Right Worshipful the Lord Mayor of Wollongong, Mr Gordon Bradbery AM
Other cities: **‘His’ or ‘Her Worship the Mayor of [City]’**
> Her Worship the Mayor of Fremantle, Ms Hannah Fitzhardinge
**Correspondence** – ‘Dear Mayor’ or ‘Dear Lord Mayor’ / ‘Yours faithfully’
---
### Shire presidents, aldermen and councillors
- **Shire president**: ‘President [Family name]’ (avoid abbreviation).
  > President Smith
- **Alderman**: ‘Alderman [Family name]’ (Ald without full stop optional).
  > Alderman Miller / Ald Miller
- **Councillor**: ‘Councillor [Family name]’ (Cr without full stop optional).
  > Councillor Brown / Cr Brown",Style Guide Content/Parliaments and councils.md,7955,9893,
ef78c45d-94fc-457d-8b04-98dfb28e45b7,Parliaments and councils.md,"['Parliaments and councils', 'Address mayors and members of local governments with the correct title', 'Shire presidents, aldermen and councillors']",291,295,24,#parliaments-and-councils/address-mayors-and-members-of-local-governments-with-the-correct-title,,"**Formal** – ‘Dear President/Alderman/Councillor’ / ‘Yours faithfully’  
**Less formal** – ‘Dear President/Alderman/Councillor [Family name]’ / ‘Yours sincerely’

---",Style Guide Content/Parliaments and councils.md,0,5,
24a0dc65-bd5b-4ac0-953f-be8b672852d9,Parliaments and councils.md,"['Parliaments and councils', 'Release notes']",296,300,51,#parliaments-and-councils/release-notes,,"## Release notes
The digital edition consolidates sixth edition content with updated examples.  
It removes the sixth edition’s requirement for full stops in ‘The Hon’ and commas between post-nominals.  
The *Content Guide* has brief information on these titles.",Style Guide Content/Parliaments and councils.md,9895,10157,
0eb3b11e-03c5-428b-8bfe-39dc6c43415c,Parts of sentences.md,['Parts of sentences'],1,6,40,#parts-of-sentences,,"# Parts of sentences
A sentence is a group of words that makes sense on its own. Structure the parts of a sentence so meaning is easy to understand.
---",Style Guide Content/Parts of sentences.md,0,152,
09a00b4b-41db-4d72-a83f-2b6583f15a59,Parts of sentences.md,"['Parts of sentences', 'Guidance']",7,14,32,#parts-of-sentences/guidance,,"## Guidance
- A full sentence is grammatically complete  
- Sentences are simple, compound or complex  
- Passive voice changes standard sentence order
---",Style Guide Content/Parts of sentences.md,154,309,
b5fffd05-6a5d-4004-96a8-1f82e9170ba6,Parts of sentences.md,"['Parts of sentences', 'A full sentence is grammatically complete']",15,58,398,#parts-of-sentences/a-full-sentence-is-grammatically-complete,,"## A full sentence is grammatically complete
Sentences can be statements, questions, exclamations or commands. A full sentence expresses a complete idea.
Sentences contain at least a subject and a verb.
A basic sentence can have more components, for example:
- who did something (the subject)  
- what they did (the verb)  
- who or what they did it to (the object or complement).
The verb plus the object or complement form the *predicate*. Not all sentences contain an object or complement as part of the predicate.
A subject and verb can be enough to complete the subject–predicate structure of a sentence.
**Example**
> The manager moved.  
> [The subject is ‘the manager’. The verb or predicate is ‘moved’.]
> The manager moved their desk.  
> [The subject is ‘the manager’. The verb is ‘moved’ and the object or complement is ‘their desk’. ‘Moved their desk’ is the predicate.]
The predicate can sometimes appear as a whole sentence because the subject is implied. This can depend on the *mood* of the verb.
**Example**
> Sign in.  
> [The implied subject is ‘you’. The predicate is ‘sign in’.]
> Confirm your password.  
> [The implied subject is ‘you’. The predicate is the verb ‘confirm’, plus the object or complement ‘your password’.]
---
### Subject
The subject is the person or thing that is doing the action in the sentence. The subject can be a pronoun, noun, noun phrase or noun clause.
**Example**
> They met in the boardroom. [‘They’ is the subject.]  
> People use the website to find information. [‘People’ is the subject.]  
> The Digital Service Standard has 13 criteria. [‘The Digital Service Standard’ is the subject.]  
> The heavy rain that fell last week subdued the fire. [‘The heavy rain that fell last week’ is the subject.]",Style Guide Content/Parts of sentences.md,311,2065,
c5766923-abb7-4609-b834-791e446648c2,Parts of sentences.md,"['Parts of sentences', 'A full sentence is grammatically complete', 'Subject']",59,59,23,#parts-of-sentences/a-full-sentence-is-grammatically-complete,,A noun phrase that is part of the subject is partially formed by determiners (such as ‘the’).,Style Guide Content/Parts of sentences.md,0,0,
10174c63-6e28-49ce-8bc9-9e0b77e1d904,Parts of sentences.md,"['Parts of sentences', 'A full sentence is grammatically complete', 'Subject']",61,89,223,#parts-of-sentences/a-full-sentence-is-grammatically-complete,,"---
### Verb
The verb carries information about the subject. It affects the object or complement (if there is one). It can convey an action, an event, a change or a state.
**Example**
> They met in the boardroom. [‘met’ is the verb]  
> The meeting finished early. [‘finished’ is the verb]  
> They were all late. [‘were’ is the verb]
---
### Objects and complements
An object is the thing, person or concept that complements the verb. Objects can be direct or indirect.
**Example**
> Ravi sent clear instructions to the team.  
> [‘Clear instructions’ is the direct object of the verb ‘sent’. ‘The team’ is the indirect object of the verb. Both objects plus the verb form the predicate.]
Some verbs have no action. They have complements that describe a quality or characteristic of the subject.
**Example**
> Mary is the new office manager.  
> [‘Mary’ is the subject. ‘The new office manager’ complements the verb ‘is’. The complement plus the verb forms the predicate.]
---",Style Guide Content/Parts of sentences.md,2067,3043,
62700870-bd28-4489-ad14-b00ea314595e,Parts of sentences.md,"['Parts of sentences', 'Sentences are simple, compound or complex']",90,139,398,#parts-of-sentences/sentences-are-simple-compound-or-complex,,"## Sentences are simple, compound or complex
### Simple sentences
A simple sentence contains only one main (or principal) clause. This means it has only one complete verb in it.
**Example**
> The Senate voted on the Aged Care Bill.  
> [‘The Senate’ is the subject. The verb is ‘voted’. ‘On the Aged Care Bill’ complements the verb to form the predicate.]
The subject can be implied by using a verb in the imperative mood.
**Example**
> Enter your verification code.  
> [The implied subject is ‘you’. The verb is ‘enter’. ‘Your verification code’ complements the verb to form the predicate.]
---
### Compound sentences
A compound sentence contains 2 or more main clauses joined by a coordinating conjunction (‘and’, ‘or’, ‘but’, ‘so’). Each clause has a complete verb and could stand on its own.
If they have different subjects, use a comma before the coordinating conjunction.
**Example**
> The agency planned to start the project next year, but the group ran out of funding.  
> [‘But’ is the coordinating conjunction that joins the 2 main clauses.]
If the 2 clauses share the same subject, don’t repeat the subject or insert a comma before the conjunction.
**Example**
> The agency planned to start the project next year but ran out of funding.  
> [‘The agency’ is the subject of the verb ‘planned’ and the implied subject of the verb ‘ran out’.]
You could also write this as 2 short sentences, but this approach can appear repetitive.
**Example**
> The agency planned to start the project next year. The agency ran out of funding.  
> [‘The agency’ is the subject of both sentences.]
---
### Complex sentences
A complex sentence contains a main clause and at least one subordinate clause.
You can start the sentence with the main clause.
**Example**",Style Guide Content/Parts of sentences.md,3045,4800,
430f4566-1cee-46fd-a116-e9703bbc621d,Parts of sentences.md,"['Parts of sentences', 'Sentences are simple, compound or complex', 'Complex sentences']",139,149,93,#parts-of-sentences/sentences-are-simple-compound-or-complex,,"> She finished the report before she left work.  
> [The focus of the sentence is that ‘she finished the report’, which is the main clause.]

You can also start the sentence with the subordinate clause to change the emphasis.
**Example**
> Before she left work, she finished the report.  
> [The focus of the sentence is that she finished ‘before she left work’, which is the subordinate clause.]
---",Style Guide Content/Parts of sentences.md,0,260,
cbb539a8-7c5f-4bfb-a6a7-900721b41e14,Parts of sentences.md,"['Parts of sentences', 'Passive voice changes standard sentence order']",150,174,283,#parts-of-sentences/passive-voice-changes-standard-sentence-order,,"## Passive voice changes standard sentence order
Simple subject–verb–object sentences are standard in English. This order is clearer and more accessible for people.
Build most sentences in this order with active voice when using active verbs (doing or action verbs).
In passive voice, the ‘agent’ of an active verb is not the grammatical subject in the sentence order. Using active verbs with passive voice disguises who is doing what.
**Example**
> Wind forecasts are produced to show average speeds.  
> [Passive voice: the grammatical subject is ‘wind forecasts’. It does not answer the question, ‘Who or what produces wind forecasts?’]
> Wind forecasts are produced by computer models to show average speeds.  
> [Passive voice with modified sentence structure: ‘by computer models’ is an adverbial phrase. It answers the question, ‘Who or what produces wind forecasts?’]
> Computer models produce wind forecasts to show average speeds.  
> [Active voice: the subject of the verb matches the answer to the question, ‘Who or what produces wind forecasts?’]
Use passive voice only if there is a good reason – for example, if you can’t say who did the action or because information has to be concealed for ethical or legal reasons.
**Example**
> A formal complaint was made about the use of discriminatory language.
---",Style Guide Content/Parts of sentences.md,4802,6122,
e6a16368-88c9-4df4-8dad-73d1950e6c75,Parts of sentences.md,"['Parts of sentences', 'Release notes']",175,182,145,#parts-of-sentences/release-notes,,"## Release notes
The digital edition has practical guidance on plain language.
- It relates grammatical concepts to the principles of plain language and discusses plain language sentences.  
- It consolidates information from the sixth edition and highlights the basics about clauses. It takes a different approach to the sixth edition by breaking the grammar pages into specific subject areas like ‘phrases’ and ‘types of words’.  
- The sixth edition and Content Guide referred to ‘plain English’ only. This term is used in the digital edition to relate plain language to writing in the English language.  
- The Content Guide did not have any in-depth information on grammatical concepts.",Style Guide Content/Parts of sentences.md,6124,6815,
615eff8a-3b87-42ac-aa65-25e91381484c,Percentages.md,['Percentages'],1,6,32,#percentages,,"# Percentages
Percentages help people compare things and understand proportions. Use numerals with the percentage sign. Be concise when you write about percentages.
---",Style Guide Content/Percentages.md,0,168,
b0b6a52a-3e13-4190-85a0-b6f081a63934,Percentages.md,"['Percentages', 'Guidance']",7,15,44,#percentages/guidance,,"## Guidance
- Use numerals with the percentage sign  
- Use the correct form of the noun (percentage)  
- Don’t use percentages to describe change  
- Be concise when writing about percentages
---",Style Guide Content/Percentages.md,170,366,
c5eb6da1-85c4-4acd-9f55-801732555d09,Percentages.md,"['Percentages', 'Use numerals with the percentage sign']",16,44,177,#percentages/use-numerals-with-the-percentage-sign,,"## Use numerals with the percentage sign
Use the percentage sign next to a numeral in text. Don’t use a space between the number and the percentage sign.
**Correct**
> 15%
**Incorrect**
> 15 %
Use decimals rather than fractions with the percentage sign.
**Correct**
> The price of Tapis oil is up by 0.25%.
**Incorrect**
> The price of Tapis oil is up by 1/4%.
As for any number, avoid starting a sentence with the percentage. Reword the sentence if possible, or write the percentage out in words. You can use everyday words if a precise amount is not needed.
**Write this**
> Fifty-five per cent of the council’s revenue came from rates.  
> Rates accounted for 55% of revenue.
**Not this**
> 55% of the council’s revenue came from rates.
---",Style Guide Content/Percentages.md,368,1111,
672e96de-78a4-4f22-ac1d-2039df0ab60b,Percentages.md,"['Percentages', 'Use the correct form of the noun (percentage)']",45,58,93,#percentages/use-the-correct-form-of-the-noun-percentage,,"## Use the correct form of the noun (percentage)
‘Per cent’ and ‘percentage’ aren’t the same. The term ‘per cent’ is an adverb. The noun form is ‘percentage’.
**Correct**
> Statistics show the percentage of Australians with university degrees is increasing.
**Incorrect**
> Statistics show the per cent of Australians with university degrees is increasing.
‘Per cent’ is written as 2 words in Australia. ‘Percent’ is not Australian spelling.
---",Style Guide Content/Percentages.md,1113,1558,
4c036201-96be-4524-a2e7-a0f5f8e10631,Percentages.md,"['Percentages', 'Don’t use percentages to describe change']",59,72,77,#percentages/dont-use-percentages-to-describe-change,,"## Don’t use percentages to describe change
Avoid using percentages to describe changes.
Tell people what the actual increase or decrease is.
**Like this**
> The application fee is now $70. This is a $20 increase from 1 January 2020.
**Not this**
> The application fee increased by 40% from $50 to $70 on 1 January 2020.
---",Style Guide Content/Percentages.md,1560,1884,
1bef184c-b7b2-4c04-ad04-f9adabafb6a7,Percentages.md,"['Percentages', 'Be concise when writing about percentages']",73,84,108,#percentages/be-concise-when-writing-about-percentages,,"## Be concise when writing about percentages
When you use many percentages in body text, put the figures in brackets (parentheses) or use a list to simplify the text.
**Like this**
> In 2019, population size increased in New South Wales (32%), Queensland (20%) and Victoria (19%).
**Not this**
> In 2019, the largest sources of population growth were New South Wales, Queensland and Victoria. New South Wales accounted for 32% of the population growth, Queensland 20%, and Victoria 19%.
---",Style Guide Content/Percentages.md,1886,2376,
b4b22a44-1fcd-46a7-bfea-427aa485ddf7,Percentages.md,"['Percentages', 'Release notes']",85,89,61,#percentages/release-notes,,"## Release notes
The digital edition follows advice from the *Content Guide* and sixth edition by recommending using a number with the symbol for percentages.
The digital edition does not detail the option of using the words ‘per cent’ with numbers, as the sixth edition did.",Style Guide Content/Percentages.md,2378,2653,
2a1839f7-5800-4d68-8916-92492b221cc3,Personal names.md,['Personal names'],1,6,36,#personal-names,,"# Personal names
Getting personal names right is respectful. It also helps users avoid any confusion. Check that you’ve used the correct spelling, punctuation and capitalisation.
---",Style Guide Content/Personal names.md,0,182,
2ee0b9a0-581f-4e13-acf9-99fce6d72cb7,Personal names.md,"['Personal names', 'Guidance']",7,18,73,#personal-names/guidance,,"## Guidance
- [Use the right name](#use-the-right-name)  
- [Use initial capitals for personal names, initials and nicknames](#use-initial-capitals-for-personal-names-initials-and-nicknames)  
- [Spell plural forms correctly](#spell-plural-forms-correctly)  
- [Punctuate possessive forms with an apostrophe](#punctuate-possessive-forms-with-an-apostrophe)  
- [Keep hyphens and all parts of compound family names](#keep-hyphens-and-all-parts-of-compound-family-names)  
- [Follow reliable sources for non-English names](#follow-reliable-sources-for-non-english-names)  
- [List family name first in reference lists](#list-family-name-first-in-reference-lists)
---",Style Guide Content/Personal names.md,184,848,
7aac2836-cb1c-420c-8869-121da479c5d0,Personal names.md,"['Personal names', 'Use the right name']",19,36,219,#personal-names/use-the-right-name,,"## Use the right name
When you write to or about people, always use the form of personal name that the person uses. If you can, ask the person which name they prefer. Otherwise, consult reputable sources for:
- **Names of people who work within government or in roles related to government**, including state and territory governments: [Directory.gov.au](https://www.directory.gov.au).  
- **Records of names of people closely associated with Australia**: [The National Archives of Australia](https://www.naa.gov.au).  
- **Historical and biographical information**: [The Australian dictionary of biography](https://adb.anu.edu.au) and [Trove](https://trove.nla.gov.au).  
- **Information on prominent Australians**, search ‘eResources’ such as *Who’s who in Australia* or *Encyclopedia Britannica*: [National Library of Australia](https://www.nla.gov.au).  
- **The accepted form of authors’ names** and the names of people being written about: library catalogues.
Names are important to a person’s sense of self. To avoid cultural or gender bias when referring to parts of names, use:
- ‘given name’ instead of ‘Christian name’  
- ‘family name’ instead of ‘surname’  
- ‘previous names’ instead of ‘maiden name’
---",Style Guide Content/Personal names.md,850,2068,
ef02ece1-826f-42b3-915f-58a0cf736dea,Personal names.md,"['Personal names', 'Use initial capitals for personal names, initials and nicknames']",37,79,245,#personal-names/use-initial-capitals-for-personal-names-initials-and-nicknames,,"## Use initial capitals for personal names, initials and nicknames
Use initial capitals for the names of real and fictitious people.
**Example**
```
Oodgeroo Noonuccal
Clive James
Minjee Lee
Miles Franklin
Fiona Katauskas
Beatie Bow
King O’Malley
```
Capitalise the initials of people’s given names. Write them unspaced and without full stops. Use non-breaking spaces to ensure that initials are not separated from family names.
**Example**
```
W Aly
Ken G Hall
AD Hope
J-P Bruneteau [Hyphen is part of the individual’s given name, Jean-Paul]
```
Use initial capitals for nicknames. The first time they appear in your text, place nicknames in quotation marks.
**Example**
```
‘Madame Butterfly’ [Swimmer, Susie O’Neill]
‘Blocker’ [Rugby League player, Steve Roach]
‘Million Dollar Mermaid’ [Annette Kellerman, swimmer, diver and film star]
‘Maj’ [Majak Daw, the first Sudanese-born AFL footballer]
‘The Little Digger’ [Former prime minister, Sir William Hughes]
```
Be aware that a few people don’t use capitals for their names. This is a deliberate style decision that is part of their personal identity. Examples include *bell hooks* and *kd lang*. Use the form the person uses.
---",Style Guide Content/Personal names.md,2070,3254,
2cb06ff3-a210-4145-b805-455c3e197b60,Personal names.md,"['Personal names', 'Spell plural forms correctly']",80,95,198,#personal-names/spell-plural-forms-correctly,,"## Spell plural forms correctly
The plural of any personal name is formed by adding **‘s’** or **‘es’**. It depends on the spelling of the personal name.
**Table 1: How to make a plural form of a name**
| Names ending in | Action to make plural | Examples |
| --------------- | --------------------- | -------- |
| ‘s’, ‘x’ and ‘z’ | Add ‘es’ | There were 3 Yanises and 2 Lizes at the meeting but no Alexes. |
| ‘y’ | Keep the ‘y’ and add ‘s’ | The Murphys always meet on Tuesdays. |
| ‘i’ | Keep the ‘i’ and add ‘s’ | The 2 Ranis were close colleagues. |
| ‘o’ | Add an ‘s’ | The 4 young Angelos played together all day. |
| All other letters | Add an ‘s’ | The 2 Evelyns in the section were cousins. |
---",Style Guide Content/Personal names.md,3256,3963,
8756a824-336a-4e09-aa7f-4dcf5cc65851,Personal names.md,"['Personal names', 'Punctuate possessive forms with an apostrophe']",96,113,262,#personal-names/punctuate-possessive-forms-with-an-apostrophe,,"## Punctuate possessive forms with an apostrophe
Use an apostrophe and an **‘s’** with personal names, even when they already end in **‘s’**.
Plural personal names take just an apostrophe. Simply add an apostrophe to the end of the plural form.
**Table 2: How to show the possessive form for names and for pronoun combinations**
| Number | Names ending in | Action to show possessive case | Examples |
| ------ | --------------- | ------------------------------ | -------- |
| Singular (one person) | ‘s’ | Add apostrophe ‘s’ (’s) | Jas’s report |
| Singular (one person) | Any letter other than ‘s’ | Add apostrophe ‘s’ (’s) | Tui’s signature |
| Plural (same name) | The plural ‘s’ or ‘es’ | Add only an apostrophe (’) | The Joneses’ responses / the Nasrins’ name tags |
| Plural (different names) | Any letter other than ‘s’ | Add only apostrophe ‘s’ (’s) on the last name | Aiko and Tashi’s team |
| Plural (singular pronoun + possessive pronoun + noun) | Any letter other than ‘s’ | Add only apostrophe ‘s’ (’s) on the noun | You and your partner’s luggage |
---",Style Guide Content/Personal names.md,3965,5032,
50c6806d-a79f-432f-b5b6-cc481a8f0ccb,Personal names.md,"['Personal names', 'Keep hyphens and all parts of compound family names']",114,142,120,#personal-names/keep-hyphens-and-all-parts-of-compound-family-names,,"## Keep hyphens and all parts of compound family names
Always retain hyphens when you write given and family names that are hyphenated.
**Example**
```
Kath Day-Knight
Alen-Igor O’Hran
```
Write all parts of compound family names.
**Example**
```
William Delafield Cook [‘Delafield Cook’ is a compound name.]
```
Sometimes someone has more than one family name but is only known by one. Write all the names the first time and use the well-known family name after.
**Example**
```
Mary Morton Allport [The artist is known as ‘Allport’.]
```
---",Style Guide Content/Personal names.md,5034,5577,
c79563e9-d578-4bd9-a2d4-52a37cab39d6,Personal names.md,"['Personal names', 'Follow reliable sources for non-English names']",143,158,150,#personal-names/follow-reliable-sources-for-non-english-names,,"## Follow reliable sources for non-English names
As far as possible, if you need to write a non-English name, use the same form and spelling as the person uses. Check their personal correspondence or works they have written.
Pay attention to the order of names — in many English-speaking countries, the order is given name then family name, but in other cultures it’s reversed.
**Example**
```
Chinese–Australian economist Professor Xiaokai Yang was born Yang Xiguang. 
Yang is his family name. He changed his given name to Xiaokai after being released from prison in China. 
He is known by Xiaokai Yang in the US and Australia, but as Yang Xiaokai in China.
```
---",Style Guide Content/Personal names.md,5579,6245,
3df779f3-f3e9-4943-9685-e8f06b9b52f2,Personal names.md,"['Personal names', 'Keep accents and diacritic marks in names']",159,174,66,#personal-names/keep-accents-and-diacritic-marks-in-names,,"## Keep accents and diacritic marks in names
Retain diacritic marks unless the person uses a simplified form.
**Example**
```
Renée Geyer
Jirí Václav Daneš
Faddéj Faddéevič Bellinsgáuzen – Fabian Bellingshausen
Nguyễn Thu Giang – Giang Thu Nguyen – Giang Nguyen – GT Nguyen
Florens Theodor Reinhard Müller
```
---",Style Guide Content/Personal names.md,6247,6560,
e1882bb4-547d-4981-b919-55f7697f8663,Personal names.md,"['Personal names', 'Treat names with particles case by case']",175,201,109,#personal-names/treat-names-with-particles-case-by-case,,"## Treat names with particles case by case
Some family names contain a particle, such as ‘della’, ‘Al’ or ‘von’. Use the same capitalisation as the person uses.
**Example**
```
Kim van Netten
Thomas de la Condamine
Julian Van Aalst
Dame Constance D’Arcy
Freda Du Faur
```
Particles may be omitted when the given name is omitted.
**Example**
```
Ludwig van Beethoven – Beethoven
Richard Di Natale – Di Natale
```
Always capitalise the particle if the name starts a sentence.
---",Style Guide Content/Personal names.md,6562,7039,
e57b82e0-87e8-4605-a9f2-9f165f0e585e,Personal names.md,"['Personal names', 'List family name first in reference lists']",202,218,74,#personal-names/list-family-name-first-in-reference-lists,,"## List family name first in reference lists
In a reference list, put the family name first and then the initial for the given name of the lead author. Follow the author–date system.
Names pronounced the same way but spelt differently are grouped together.
**Example**
```
MacArthur AB
M’Cay H
McFarlane AD
MacFarlane D
```
---",Style Guide Content/Personal names.md,7041,7368,
b8b03ca1-e390-49a9-a456-d36fd66d2a76,Personal names.md,"['Personal names', 'Release notes']",219,225,90,#personal-names/release-notes,,"## Release notes
The digital edition includes a new section on hyphens in personal names. This section wasn’t in the sixth edition.
The digital edition guidance complements the topic on cultural and linguistic diversity, which also discusses personal names. It has links to useful online sources such as the Unicode Standard for diacritic marks.
The *Content Guide* did not provide specific advice on the style for people’s names.",Style Guide Content/Personal names.md,7370,7800,
58794880-c840-40e5-b323-878e1139b558,Phrases.md,['Phrases'],1,6,35,#phrases,,"# Phrases
Phrases are groups of words that add meaning to a sentence. Write and punctuate them correctly to give people clear and useful information.
---",Style Guide Content/Phrases.md,0,153,
47bc0d4b-2a41-454c-84f4-7b0c927d4377,Phrases.md,"['Phrases', 'Guidance']",7,15,41,#phrases/guidance,,"## Guidance
- Phrases are groups of words with a specific function  
- Noun phrases function as nouns  
- Adverbial phrases function as adverbs  
- Adjectival phrases function as adjectives
---",Style Guide Content/Phrases.md,155,348,
28c63e1c-9e2f-4777-96f4-16a33cc94a65,Phrases.md,"['Phrases', 'Phrases are groups of words with a specific function']",16,29,78,#phrases/phrases-are-groups-of-words-with-a-specific-function,,"## Phrases are groups of words with a specific function
A phrase is a group of words that makes sense on its own but doesn’t contain a subject and a verb.
Phrases can only add meaning to a sentence. They can’t stand on their own.
Types of phrases include:
- noun phrases  
- adverbial phrases  
- adjectival phrases.
---",Style Guide Content/Phrases.md,350,670,
3785b40e-6f20-48e4-b79d-7a68e40ea390,Phrases.md,"['Phrases', 'Noun phrases function as nouns']",30,68,343,#phrases/noun-phrases-function-as-nouns,,"## Noun phrases function as nouns
A noun phrase is a group of words that works in a sentence as a noun. A noun phrase always includes a noun. It can also include determiners, adjectives, adverbs and other nouns.
**Example**
> Our well-prepared colleague entered the meeting room.  
> [The phrase ‘our well-prepared colleague’ works as the noun in the sentence. This phrase contains the determiner ‘our’, the adjective ‘well-prepared’ and the noun ‘colleague’.]
> She was well suited to life in an office.  
> [The phrase ‘life in an office’ works as the noun in the sentence. This phrase contains the noun ‘life’, the preposition ‘in’, the determiner ‘an’ and the noun ‘office’.]
---
### Possessive phrases
A possessive phrase is a particular type of noun phrase. It shows that one noun in the phrase belongs to another noun in the phrase. Possessive phrases usually have an apostrophe.
**Example**
> I thought it was someone else’s problem.  
> [The problem belongs to someone else.]
> This was one of the commander-in-chief’s first orders to the troops.  
> [The first orders belong to the commander-in-chief.]
---
### Non-possessive and generic phrases
Non-possessive and generic phrases use plural nouns as adjectives. No apostrophes are needed.
**Example**
> She signed the visitors book.  
> [The book doesn’t belong to the visitors. The word ‘visitors’ describes the type of book.]
> The Historic Shipwrecks Delegates Committee met once a year.  
> [The committee is made up of delegates. The name of the committee relates to the *Historic Shipwrecks Act 1976*.]
---",Style Guide Content/Phrases.md,672,2245,
aeccde41-b68a-4231-abe4-f0817fc58e4c,Phrases.md,"['Phrases', 'Adverbial phrases function as adverbs']",69,96,209,#phrases/adverbial-phrases-function-as-adverbs,,"## Adverbial phrases function as adverbs
An adverbial phrase is a group of words that describes a verb, adjective or other adverb.
**Example**
> Grammar rules are quite frequently misunderstood.  
> [The phrase ‘quite frequently’ modifies the adjective ‘misunderstood’.]
> Best of all, we can tick this off the list.  
> [The phrase ‘best of all’ modifies the main clause ‘we can tick this off the list’.]
Adverbial phrases can describe the manner of or reason for a verb’s action.
**Example**
> We’ll do this by the rules. [Adverbial phrase of manner]  
> We came inside because of the rain. [Adverbial phrase of reason]
Adverbial phrases can also describe time and place. These are known as ‘prepositional phrases’. Prepositional phrases consist of:
- the preposition  
- any adjectives or determiners that accompany it.
**Example**
> I’ll see you after knock-off time. [Adverbial phrase of time]  
> The manual sat on the shelf. [Adverbial phrase of place]
---",Style Guide Content/Phrases.md,2247,3210,
61e5cee1-53c1-4e8e-9475-c222a8aabac5,Phrases.md,"['Phrases', 'Adjectival phrases function as adjectives']",97,121,203,#phrases/adjectival-phrases-function-as-adjectives,,"## Adjectival phrases function as adjectives
An adjectival phrase is a group of words that works as an adjective. It modifies a pronoun, noun or noun phrase.
**Example**
> The staff showcased their work on the new project.  
> [The phrase ‘on the new project’ describes the staff’s work.]
Adjectival phrases that modify a pronoun, noun or noun phrase can also appear after the verb ‘to be’.
**Example**
> They are eager to hear good news.  
> [The phrase ‘eager to hear good news’ describes the pronoun ‘they’.]
> The developer was categorical about accessibility requirements.  
> [The phrase ‘categorical about accessibility requirements’ describes the noun phrase ‘the developer’.]
Adjectival phrases can start with a preposition. They are also known as prepositional phrases.
**Example**
> The top line in the budget report showed a deficit.  
> [The preposition ‘in’ starts the prepositional phrase ‘in the budget report’, which describes ‘the top line’.]
---",Style Guide Content/Phrases.md,3212,4176,
22944214-7dc9-4863-ada5-024dd152d4f5,Phrases.md,"['Phrases', 'Release notes']",122,128,96,#phrases/release-notes,,"## Release notes
The digital edition has practical guidance on plain language. It relates grammatical concepts to the principles of plain language.
The digital edition consolidates information from the sixth edition and highlights the basics about clauses. It takes a different approach to the sixth edition by breaking related topics into specific subject areas like ‘phrases’ and ‘types of words’.
The *Content Guide* did not have any in-depth information on grammatical concepts.",Style Guide Content/Phrases.md,4178,4660,
d9557eac-6b50-4e24-8bc6-05dc7a520107,Plain language and word choice.md,['Plain language and word choice'],1,6,45,#plain-language-and-word-choice,,"# Plain language and word choice
Plain language can express complex ideas. Engage people with words they can understand quickly: use the list on this page. Clarify expressions people might be unfamiliar with.
---",Style Guide Content/Plain language and word choice.md,0,212,
ac04c7b1-8f13-41b4-a670-3c3ff329fea9,Plain language and word choice.md,"['Plain language and word choice', 'Guidance']",7,15,43,#plain-language-and-word-choice/guidance,,"## Guidance
- Use everyday words  
- Learn about the words people use  
- Choose simple words, not complicated expressions  
- Keep words and phrases with special meaning to a minimum
---",Style Guide Content/Plain language and word choice.md,214,401,
61995994-d7a4-40cb-bb32-41004ab64c79,Plain language and word choice.md,"['Plain language and word choice', 'Use everyday words']",16,46,238,#plain-language-and-word-choice/use-everyday-words,,"## Use everyday words
Choose words that people are familiar with. Unfamiliar words make content harder to read and understand.
**Like this**
> Email your receipt by 5 pm today to claim the prize.
**Not this**
> You are required to disclose financial documentation in a timely manner or you will be deemed to be disqualified from this prize offer.
---
### Accessibility requirements
**User need:**
> I can read and understand text, even if the content includes unusual words and shortened forms, or features languages other than English.
**Fundamentals:**
- Write in plain language. This helps all users and is essential for some.  
- Avoid (or explain) unusual words, phrases, idioms and so on. Expand all acronyms on their first use.  
- Avoid using double negatives.
**Web Content Accessibility Guidelines success criteria:**
- 3.1.5 Reading level – level AAA. Level AAA requires a lower secondary education reading level, after removal of proper names and titles, (year 7 or between 12 and 14 years old)  
- 3.1.3 Unusual words – level AAA  
- 3.1.4 Abbreviations – level AAA
---",Style Guide Content/Plain language and word choice.md,403,1485,
b2a79aa1-c6f0-4d5f-b5c0-7d28dea84b87,Plain language and word choice.md,"['Plain language and word choice', 'Use ‘we’, ‘you’ and ‘us’ if you can']",47,62,133,#plain-language-and-word-choice/use-we-you-and-us-if-you-can,,"## Use ‘we’, ‘you’ and ‘us’ if you can
Use personal pronouns (like ‘we’, ‘you’, ‘us’) when it suits the voice and tone.
A direct, active voice and tone helps to engage users. Active voice and tone makes it clear who must do what.
**Like this**
> We will assess your application within 30 days.  
> *(Active voice makes who is doing what clear. Personal pronouns ‘we’ and ‘your’ support a direct tone.)*
**Not this**
> Applications are assessed within 30 days.  
> *(Passive voice makes who is doing what less clear. There are no pronouns in this sentence.)*
---",Style Guide Content/Plain language and word choice.md,1487,2048,
31175b54-df5b-4bed-b924-c43dbd506dc7,Plain language and word choice.md,"['Plain language and word choice', 'Avoid jargon']",63,75,53,#plain-language-and-word-choice/avoid-jargon,,"## Avoid jargon
Remove jargon, slang and idioms.
**Like this**
> They changed their decision in response to new information.
**Not this**
> They changed their decision in light of new information.  
> *(‘In light of’ is an idiom.)*
---",Style Guide Content/Plain language and word choice.md,2050,2285,
93403ab8-5fb3-4a08-8f3d-af3ef2f8b24c,Plain language and word choice.md,"['Plain language and word choice', 'Use inclusive language']",76,81,36,#plain-language-and-word-choice/use-inclusive-language,,"## Use inclusive language
People can relate to content when it uses inclusive language. Choose words that respect all people, including their rights and their heritage.
---",Style Guide Content/Plain language and word choice.md,2287,2459,
85990b74-080d-42a2-91f9-c5e076a46be4,Plain language and word choice.md,"['Plain language and word choice', 'Learn about the words people use']",82,96,154,#plain-language-and-word-choice/learn-about-the-words-people-use,,"## Learn about the words people use
Find out if your word choice matches the words people will use to find the content. What is obvious to you might not be obvious to them.
Including the everyday words and phrases you discover also helps people understand your content. People engage more readily with familiar language.
You can build insight through user research and content testing. For example, you can check whether:
- you are using unfamiliar jargon  
- you need to highlight unfamiliar concepts and explain them.
Check search engine analytics for terms people are using to find related content online. You can discover useful search terms and keywords to include in search engine optimisation.
---",Style Guide Content/Plain language and word choice.md,2461,3165,
8cc7ee84-d992-4db9-b9cc-379de4165a23,Plain language and word choice.md,"['Plain language and word choice', 'Choose simple words, not complicated expressions']",97,165,52,#plain-language-and-word-choice/choose-simple-words-not-complicated-expressions,,"## Choose simple words, not complicated expressions
There is usually more than one way to express something. Find the simplest, clearest option.
Replace longer words and phrases with simpler alternatives. You can use this table as a starting point.",Style Guide Content/Plain language and word choice.md,3167,3415,
6bd9dadf-0464-4ac0-8505-5adb06122139,Plain language and word choice.md,"['Plain language and word choice', 'Choose simple words, not complicated expressions']",103,166,657,#plain-language-and-word-choice/choose-simple-words-not-complicated-expressions,,"| Don’t write this | Try this instead |
|------------------|------------------|
| acquire | buy, get |
| additional | more, extra |
| adequate number of | enough |
| address the issue | solve the problem |
| advising in relation to | advising on, advising about |
| amongst | among |
| a number of | some, many, few *(or tell people how many there were)* |
| approximately | about |
| as a consequence of | because |
| ascertain | find out |
| assist | help, support, guide |
| at a later date | later, soon *(or tell people a specific or rough timeframe)* |
| at this point in time | now |
| attempt (verb) | try |
| cease | stop, end |
| cognisant of | aware of, know |
| collaborate with | work with |
| commence | start, begin |
| concerning | about |
| consequently | so |
| create a dialogue | speak, discuss, talk |
| deliver, drive | say what you are doing – for example, ‘increasing’ ... |
| desire | want |
| despite the fact that | although *(or break up the sentence to avoid this phrase)* |
| disburse | pay |
| discontinue | stop, end |
| dispatch | send |
| due to the fact that | because |
| exit (verb) | leave |
| give consideration to | consider |
| impact, impact on (verb) | affect |
| implement | apply, install, do, start |
| in order to | to |
| in receipt of | get, have, receive |
| in relation to / in regards to / in respect of | about, on |
| in the event that | if, when |
| inquire | ask |
| is unable to | can’t, cannot |
| it is requested that you declare | declare |
| leverage | use, build on |
| make an application | apply |
| make a complaint | complain |
| manner | way |
| methodology | method |
| notwithstanding | even though, though, even if, despite |
| obtain | get, have |
| presently | now |
| prior to | before |
| primary | main |
| provide a response to | respond to |
| provide assistance with | help, support |
| pursuant to | under |
| reach or make a decision | decide |
| require | need, must |
| subsequently | after |
| table (verb) – unless tabling a document in parliament | address, discuss, release |
| thereafter | then, afterwards |
| until such time as | until |
| upon | on |
| utilise | use |
| whilst | while |
| with reference to / with regard to / with respect to | about |",Style Guide Content/Plain language and word choice.md,0,0,
a256e574-f077-41a8-9e32-49bf36039f98,Plain language and word choice.md,"['Plain language and word choice', 'Choose simple words, not complicated expressions']",168,169,1,#plain-language-and-word-choice/choose-simple-words-not-complicated-expressions,,---,Style Guide Content/Plain language and word choice.md,3417,3420,
a2809bd4-4b54-4b27-b718-2a38670bf7d2,Plain language and word choice.md,"['Plain language and word choice', 'Keep words and phrases with special meaning to a minimum']",170,203,347,#plain-language-and-word-choice/keep-words-and-phrases-with-special-meaning-to-a-minimum,,"## Keep words and phrases with special meaning to a minimum
People can be unfamiliar with words you need to use, for example:
- official titles  
- Acts of parliament  
- names of organisations.
For names and terms with special meaning, follow style rules and conventions. This helps users scan content.
Be selective about shortened forms, such as abbreviations, contractions, acronyms and initialisms.
Some shortened forms are better known than the full form of the term, for example ‘DNA’. Check a dictionary to see if the acronym or initialism is listed.
Shorten only the words and phrases that are well known or used many times in your content. Shortened forms can help people read and understand content, but too many can be difficult to keep track of.
Spell them out the first time you use them.
**Example**
> The Digital Transformation Agency (DTA) helps government agencies create digital services.
Shortened forms can be a type of jargon that is not suitable in plain language content. Try to avoid them altogether if they are used only once or twice.
You can include technical or specialist terms if your research shows your audience uses them. But start with plain language words as the default to keep the reading level accessible. Plain language helps everyone.
To help people understand specialist or technical content:
- explain terms – for example, use a glossary  
- include a short summary without using specialist terms.
In content with many specialist terms, reserve shortened forms for the most frequently used terms only. Spell out other terms in full.
---",Style Guide Content/Plain language and word choice.md,3422,5000,
b488fe0b-868f-4929-8af0-6ac5e572ba46,Plain language and word choice.md,"['Plain language and word choice', 'Release notes']",204,208,44,#plain-language-and-word-choice/release-notes,,"## Release notes
The digital edition has practical guidance on plain language. It relates plain language to writing in the English language.
The sixth edition and Content Guide referred to ‘plain English’ only.",Style Guide Content/Plain language and word choice.md,5002,5212,
1f620713-ac84-4ef1-b10c-f27e6273cc71,Plants and animals.md,['Plants and animals'],1,6,36,#plants-and-animals,,"# Plants and animals
Names for plants and animals come from classification systems. The right style for the classification conveys meaning to people reading the content.
---",Style Guide Content/Plants and animals.md,0,173,
27197eb7-d7e7-40df-8359-ef45f2116578,Plants and animals.md,"['Plants and animals', 'Guidance']",7,16,68,#plants-and-animals/guidance,,"## Guidance
- *Italicise genus and species names*
- Write common names in lower case and roman type
- Include the genus and species at first mention of the common name
- Refer to classification systems to help you name plants and animals
- Use specialised resources for more information
---",Style Guide Content/Plants and animals.md,175,465,
0e1e3878-2fa8-49c4-8a52-b09fb6a411c9,Plants and animals.md,"['Plants and animals', 'Italicise genus and species names']",17,38,207,#plants-and-animals/italicise-genus-and-species-names,,"## Italicise genus and species names
The genus and species form the definitive name of a plant or animal. By convention:
- the genus is in *italics* and takes an initial capital
- the species is in *italics* and is lower case.
**Example**  
*Backhousia citriodora* is the scientific name of the lemon myrtle.  
*Ornithorhynchus anatinus* is the scientific name of the platypus.
Subspecies and the names of varieties are also italicised. In these names, abbreviations for the words ‘subspecies’ and ‘variety’ take a full stop. This is an exception to the general rule for abbreviations.
**Example**  
*Eucalyptus pauciflora subsp. hedraia* is a subspecies of snow gum found only in the Mount Bogong and Falls Creek areas of Victoria.  
*Acacia alata var. platyptera* is a variety of winged wattle that is found only in Western Australia.
**Accessibility requirements**  
Screen readers don’t pronounce italics. Use the semantic tag `<em>` to provide emphasis for italicised names in HTML.
---",Style Guide Content/Plants and animals.md,467,1458,
a1bf9b5c-5b18-4b2f-adbb-3f6eb7b5be09,Plants and animals.md,"['Plants and animals', 'Write common names in lower case and roman type']",39,94,352,#plants-and-animals/write-common-names-in-lower-case-and-roman-type,,"## Write common names in lower case and roman type
Most plants and animals have a common name as well as their genus and species name.
For common names:
- Use lower case unless they are also a proper noun, a registered trade mark or in some specialised content such as genetics.
- Do not use italics.
**Example**  
The Tasmanian devil is named after its home range of Tasmania.  
The grasslands were home to more than a million red kangaroos.  
Tuross River was home to a family of platypus.
Use initial capitals when the name includes a proper noun.
**Example**  
Norfolk Island pine  
Mount Arthur burrowing crayfish
---
### Plant and animal names that are also common English words
Names that have become everyday words are shown in roman type and don’t need a capital letter.
**Example**  
acacia  
eucalypt
This includes English derivatives. These are plant and animal names that came from the scientific classification system and are now in everyday use.
**Example**  
feline [From the subfamily *Felinae*]  
carnivore [From the order *Carnivora*]
You usually don’t need to use an initial capital for breeds, even if they are derived from a regional name.
**Example**  
labrador  
siamese cat  
friesian cattle
---
### Registered trade marks
Use an initial capital for names of registered cultivars or breeds. In a sentence, the registered name is sometimes in quotation marks.
**Example**  
*Acacia* ‘Cascade’ is a registered cultivar derived from Australian native flora.
It’s best to check a dictionary or another reputable source to confirm whether the name has an initial capital. Refer to related guidance on commercial terms.
---",Style Guide Content/Plants and animals.md,1460,3102,
81f8e09c-b9f8-4487-8827-810284409b00,Plants and animals.md,"['Plants and animals', 'Birds (ornithology)']",95,115,222,#plants-and-animals/birds-ornithology,,"## Birds (ornithology)
In generalist Australian Government content, use lower case for the names of birds unless the name contains a proper noun.
**Example**  
The silver gull (*Larus novaehollandiae*) is a common gull of the Australian coast.  
South-west Western Australia is the only place where Carnaby’s black cockatoo is found.
This style may vary in some specialist content and content following international conventions. If writing for these, check and use the style that readers will understand. For example, in some contexts the common names of bird species start with a capital letter but are lower case when used as a generic term.
**Example**  
The Silver Gull (*Larus novaehollandiae*) is frequently observed in Australian coastal regions.  
A species of cockatoo, Carnaby’s Black Cockatoo, is native to south-west Western Australia.
In both generalist and specialist content, use lower case for bird names in a list of common names of plants and animals.
**Example**  
The area was inhabited by green tree frogs, carpet pythons, bush rats and silver gulls.
---",Style Guide Content/Plants and animals.md,3104,4180,
edd878e3-6611-44d2-9071-bc1ae0ff7f8a,Plants and animals.md,"['Plants and animals', 'Genetics']",116,128,74,#plants-and-animals/genetics,,"## Genetics
When using genetic terms for plants and animals:
- Use *italics* for the names of genes.
- Use roman type for the names of proteins (enzymes).
- Capitalisation varies for the names of genes, but proteins usually take an initial capital only.
**Example**  
In plants, the gene *Sbe1* encodes starch-branching enzyme one, Sbe1.
---",Style Guide Content/Plants and animals.md,4182,4523,
2711f354-c82f-4f07-a2b3-54ce54855444,Plants and animals.md,"['Plants and animals', 'Include the genus and species at first mention of the common name']",129,162,374,#plants-and-animals/include-the-genus-and-species-at-first-mention-of-the-common-name,,"## Include the genus and species at first mention of the common name
The common name of a plant or animal can be a local name for more than one species in different places. Only the scientific name is the definitive name.
For this reason, include the species name in parentheses when you first mention the common name so it is clear which plant or animal you are writing about.
**Example**  
Royal grevillea (*Grevillea victoriae*) is one of more than 350 species in the genus *Grevillea*.
A common name is often a local name for a species:
- A common name can be used for several species.
- A species can have different common names in different places.
**Example**  
Black wattle is used as a common name for several *Acacia* species, such as *Acacia mearnsii*, *A. aulacocarpa*, *A. auriculiformis*, *A. concurrens* and *A. crassicarpa*.  
*Acacia dealbata* is known by several common names, such as ‘silver wattle’, ‘blue wattle’ and ‘mimosa’.
---
### When the genus is repeated, it can be abbreviated
If you have already written the full name of the genus, use a shortened form for later mentions. This is often just the first letter of the genus name, followed by a full stop. This is an exception to the general rule for abbreviations.
**Example**  
*Ornithorhynchus anatinus* belongs to the Ornithorhynchidae family. The elusive *O. anatinus* can be spotted in the riparian zone of our freshwater rivers.
When there are several genera that start with the same letter, include the second letter in the abbreviation.
**Example**  
*Anopterus macleayanus* and *Aleuries moluccana* are small Australian trees. Although *An. macleayanua* is found in cool places, *Al. moluccana* can tolerate tropical conditions.
---",Style Guide Content/Plants and animals.md,4525,6244,
d67cb0d8-417b-41ba-b76b-8945cd93a16e,Plants and animals.md,"['Plants and animals', 'Refer to classification systems to help you name plants and animals']",163,218,412,#plants-and-animals/refer-to-classification-systems-to-help-you-name-plants-and-animals,,"## Refer to classification systems to help you name plants and animals
Plants and animals are classified in a hierarchy from general to specific. The style you use is set by where the name is in the hierarchy:
- Names down to genus level start with capital letters.
- Species names are in lower case.
- Genus and species names are in italics.
The examples in the table show the classification for:
- a plant, lemon-scented myrtle
- an animal, the platypus.
| Classification terms | Lemon-scented myrtle (botany) | Platypus (zoology) |
|----------------------|--------------------------------|--------------------|
| Kingdom              | Plantae                        | Animalia           |
| Division / Phylum    | Tracheophyta                   | Chordata           |
| Class                | —                              | Mammalia           |
| Order                | Myrtales                       | Monotremata        |
| Family               | Myrtaceae                      | Ornithorhynchidae  |
| Genus                | *Backhousia*                   | *Ornithorhynchus*  |
| Species              | *Backhousia citriodora*        | *Ornithorhynchus anatinus* |
---
### Scientific names often have Latin endings
The scientific names of plants and animals often derive from Latin. Check the spelling when you use them.
It can help to recognise spelling patterns:
- The family names of plants usually end in ‘ceae’.
- The family names of animals usually end in ‘idae’.
**Example**  
*Ornithorhynchus anatinus* belongs to the Ornithorhynchidae family.
All classification names above genus level are in roman type and take initial capitals.
**Example**  
*Backhousia citriodora* is in the family Myrtaceae.  
*Ornithorhynchus anatinus* is in the order Monotremata.
---
### Scientific names can include the name of a person
Technical content often includes the name of the person who first described the species.
The person's name follows the first mention of the species in the content. The publishing date of the description can also follow the name.
The name and date, if they are included, appear in roman type.
**Example**  
*Grevillea victoriae* F.Muell. was first described by botanist Ferdinand von Mueller.",Style Guide Content/Plants and animals.md,6246,8469,
2823e083-c200-4166-8699-7ac2b82190e4,Plants and animals.md,"['Plants and animals', 'Refer to classification systems to help you name plants and animals', 'Scientific names can include the name of a person']",219,219,51,#plants-and-animals/refer-to-classification-systems-to-help-you-name-plants-and-animals,,"There is a standard form for writing the person’s name. In this example, ‘F.Muell.’ is a standard abbreviation in biology – it uses full stops and has no spaces. Check a biology dictionary if you are not certain.",Style Guide Content/Plants and animals.md,0,0,
1be1dc57-b02c-4a8f-99d4-df3f458d4385,Plants and animals.md,"['Plants and animals', 'Refer to classification systems to help you name plants and animals', 'Scientific names can include the name of a person']",221,258,290,#plants-and-animals/refer-to-classification-systems-to-help-you-name-plants-and-animals,,"Plants and animals are sometimes allocated to a different genus from the one they were given when they were first described. In this case, the name and date appear in parentheses after the genus and species name.
**Example**  
*Robshelfordia circumducta* (Walker, 1869)
[This shows that Walker first described the cockroach in 1869 as a species, but another author has since allocated it to the genus *Robshelfordia*.]
---
### Subcategories of species are usually abbreviated
For plants, there are 5 taxonomic categories below species level:
- subspecies (abbreviated as 'subsp.' for a single subspecies and 'subspp.' for more than one subspecies)
- variety (abbreviated as 'var.')
- subvariety (abbreviated as 'subvar.')
- form (abbreviated as 'f.')
- subform (abbreviated as 'subf.')
The abbreviations are in roman type and lower case. The subspecies and varietal names themselves are in italics.
**Example**  
*Grevillea victoriae subsp. nivalis* is one of the subspecies of this *Grevillea* genus.  
*Grevillea banksii var. fosteri* has beautiful blood-red flowers.
If the species or variety is unknown or unspecified, there is no word after the abbreviation.
**Example**  
*Grevillea victoriae subsp.*  
*Grevillea banksii var.*
For animals, there is only one taxonomic level below that of species: subspecies. By convention, the abbreviation ‘subsp.’ is not used.
**Example**  
*Macropus agilis jardinii* is a subspecies of the agile wallaby (*M. agilis*).
---",Style Guide Content/Plants and animals.md,8471,9937,
ea2eebf9-ca80-4322-b744-13b9015fe87c,Plants and animals.md,"['Plants and animals', 'Use specialised resources for more information']",259,269,57,#plants-and-animals/use-specialised-resources-for-more-information,,"## Use specialised resources for more information
Check the names of plants and animals. Make sure the information is up to date.
Use reliable sources such as:
- the [Australian National Herbarium’s Australian Plant Name Index](https://www.anbg.gov.au/apni/)
- the [Atlas of Living Australia](https://www.ala.org.au/)
---",Style Guide Content/Plants and animals.md,9939,10260,
56db81c8-846c-4dc2-be10-e56a400707b1,Plants and animals.md,"['Plants and animals', 'Release notes']",270,274,66,#plants-and-animals/release-notes,,"## Release notes
The digital edition builds on content from the sixth edition. It provides more examples, and links to specialised resources. It consolidates information from other parts of the sixth edition.
The *Content Guide* did not have specific content about the style for the names of plants and animals.",Style Guide Content/Plants and animals.md,10262,10573,
0b22c3c2-96c2-4e0d-a4c7-8f2287911f84,Prepositions.md,['Prepositions'],1,6,35,#prepositions,,"# Prepositions
A preposition creates relationships between words or phrases. Some words only work with specific prepositions. Choose them deliberately to convey meaning to users.
---",Style Guide Content/Prepositions.md,0,182,
7e134eae-131d-4cdb-b56e-84d95e0b19b1,Prepositions.md,"['Prepositions', 'Guidance']",7,13,27,#prepositions/guidance,,"## Guidance
- A preposition creates relationships between words or phrases  
- Some words only work with specific prepositions
---",Style Guide Content/Prepositions.md,184,314,
9b9d2c3e-61ae-4e71-8fb8-749ab76f058a,Prepositions.md,"['Prepositions', 'A preposition creates relationships between words or phrases']",14,51,266,#prepositions/a-preposition-creates-relationships-between-words-or-phrases,,"## A preposition creates relationships between words or phrases
Prepositions show a relationship between a noun or verb. Use prepositions to give information about the time and place of an action or thing.
Examples of prepositions are:
- in  
- before  
- around  
- since  
- between
Prepositions often come before related words or phrases.
**Example**
> Put the book on the table.  
> ['On' shows the position of 'the book' in relation to 'the table'.]  
>   
> During her time in office, she launched 50 projects.  
> ['During' refers to 'her time'; 'in' refers to 'office'.]  
>   
> They had many discussions about the restructure.  
> ['About' refers to 'the restructure'.]
You can use some prepositions as a different type of word, depending on their function in the sentence. For example, *down* can be a preposition, part of a verb or an adverb.
**Example**
> I walked down the hill.  
> ['Down' is a preposition.]  
>   
> Prices came down from an all-time high.  
> ['Down' is part of the phrasal verb 'came down'. 'From' is the preposition.]  
>   
> Please read down to the bottom of the page.  
> ['Down' is an adverb describing the verb 'read'.]
---",Style Guide Content/Prepositions.md,316,1480,
a8e447f7-5ad9-48d0-8b6f-e64094d48382,Prepositions.md,"['Prepositions', 'Some words only work with specific prepositions']",52,65,104,#prepositions/some-words-only-work-with-specific-prepositions,,"## Some words only work with specific prepositions
Not all prepositions work for every word or phrase. Some words are always followed by particular prepositions. For example, *different* is always followed by *to* or *from*, but not by *than*. Check a dictionary if you are not sure.
**Correct**
> This is different from that.  
> The discussion about the program is continuing.
**Incorrect**
> This is different than that.  
> The discussion around the program is continuing.
---",Style Guide Content/Prepositions.md,1482,1962,
f8dd339b-eb0a-419e-a8ab-42027d8e01d8,Prepositions.md,"['Prepositions', 'Release notes']",66,74,121,#prepositions/release-notes,,"## Release notes
The digital edition relates grammatical concepts to the principles of plain language. It relates word choice to grammatical information about types of words.
It provides an overview on types of words to introduce grammatical concepts about parts of speech and how they relate to sentence structure.
The sixth edition called types of words *‘word classes’*. It had summary information about parts of speech on pages 68 to 70. This formed part of Chapter 5 on grammar.
The *Content Guide* did not have any in-depth information on grammatical concepts.",Style Guide Content/Prepositions.md,1964,2530,
98dfc101-5503-4033-b2af-43ecea12dc93,Pronouns.md,['Pronouns'],1,6,25,#pronouns,,"# Pronouns
Pronouns replace other words. People will find content easier to read when pronouns match their context.
---",Style Guide Content/Pronouns.md,0,119,
3fc27079-fa1d-4670-8cff-3ecf3be951f6,Pronouns.md,"['Pronouns', 'Guidance']",7,15,49,#pronouns/guidance,,"## Guidance
- Pronouns stand in for other words  
- Types of pronouns function as different types of words  
- Pronouns take different forms depending on their function  
- Relative pronouns show essential or non-essential information
---",Style Guide Content/Pronouns.md,121,359,
ad344bb1-29ba-427f-986f-ca5313b56615,Pronouns.md,"['Pronouns', 'Pronouns stand in for other words']",16,34,92,#pronouns/pronouns-stand-in-for-other-words,,"## Pronouns stand in for other words
Pronouns stand in for nouns. They stand in for groups of words that function as nouns (noun phrases and noun clauses). They can also act like determiners.
**Example**
> I, he, she, they, it  
> myself, yourself, ourselves  
> who, which, that  
> any, several
Pronouns can be singular or plural.
**Example**
> I, we  
> she, they  
> me, us
---",Style Guide Content/Pronouns.md,361,742,
de6723a3-c2dd-4203-b7c5-b41bc8d62655,Pronouns.md,"['Pronouns', 'Types of pronouns function as different types of words']",35,74,315,#pronouns/types-of-pronouns-function-as-different-types-of-words,,"## Types of pronouns function as different types of words
There are 6 main types of pronouns:
1. **Personal pronouns** replace the names of people or things.
   Include: `I`, `me`, `we`, `us`, `it`, `they`, `them`, `she`, `her`, `he`, `him`.
2. **Reflexive pronouns** reflect the action of the verb back to the subject.
   Include: `myself`, `ourselves`, `itself`, `themself`, `themselves`, `herself`, `himself`.
3. **Relative pronouns** refer to nouns that are already known from the context.
   Include: `who`, `whom`, `whose`, `which`, `that`.
4. **Interrogative pronouns** ask questions.
   Include: `what`, `which`, `who`, `whom`, `whose`.
5. **Demonstrative pronouns** specify which noun you are referring to.
   Include: `this`, `that`, `these`, `those`.
6. **Indefinite pronouns** don’t specify quantity or number.
   Include: `any`, `each`, `several`, `some`.
Some pronouns can work as other types of words. For example, `my`, `his`, `hers`, `our`, `their`, and `your` work as determiners.
**Example**
> I gave her the report. She gave me a card. [Personal pronouns]  
> I told myself I could finish on time. [Reflexive pronoun]  
> The person who wrote the report has left. [Relative pronoun]  
> Who left the lights on in the office? [Interrogative pronoun]  
> This is mine. That one is yours. [Demonstrative pronouns]  
> Do you have any feedback? Yes, I have some. [Indefinite pronouns]
Singular pronouns have a gender-neutral form. Use:
- `they` instead of `he` or `she`
- `them` instead of `him` or `her`
- `their` instead of `his` or `hers`.
---",Style Guide Content/Pronouns.md,744,2306,
c613dd2b-b4a8-4486-9f01-eeb31c3570f1,Pronouns.md,"['Pronouns', 'Pronouns take different forms depending on their function']",75,124,336,#pronouns/pronouns-take-different-forms-depending-on-their-function,,"## Pronouns take different forms depending on their function
The form of a pronoun changes depending on whether it is the subject or the object of the verb. This is the *case* of the pronoun.
- **Subjective case** – pronoun is the subject in a sentence (`I`, `they`).  
- **Objective case** – pronoun is the object in a sentence (`me`, `them`).
**Example**
> I emailed them. [‘I’ is the subject and ‘them’ is the object.]  
> They emailed me. [‘They’ is the subject and ‘me’ is the object.]
When the singular `they` is used as a gender-neutral term, it takes the plural form of a verb.
**Use the correct case:**
**Correct**
> My colleague and I travelled with the delegation.  
> My manager sent their director and me an email.
**Incorrect**
> My colleague and me travelled with the delegation.  
> My manager sent their director and I an email.
---
### Reflexive pronouns
Sentences can have reflexive pronouns when the subject is also the object of the verb.
**Example**
> The manager emailed themself. [‘Themself’ is the object but refers to ‘the manager’, which is the subject.]
Don’t use a reflexive pronoun if the subject and the object are not the same person or thing.
**Correct**
> I emailed myself.
**Incorrect**
> The manager emailed myself.
Don’t use reflexive pronouns such as `yourself` and `myself` as the subject of the verb.
**Correct**
> My colleague and I travelled with the delegation.
**Incorrect**
> My colleague and myself travelled with the delegation.
---",Style Guide Content/Pronouns.md,2308,3787,
f3212e6d-d275-456c-84ab-191e4b05622f,Pronouns.md,"['Pronouns', 'Relative pronouns show essential or non-essential information']",125,141,140,#pronouns/relative-pronouns-show-essential-or-non-essential-information,,"## Relative pronouns show essential or non-essential information
To make your writing clear, use:
- `that` for essential information
- `which`, with punctuation, for non-essential information.
Punctuation (e.g., commas) shows whether information is essential or non-essential.
**Example**
> The farm that produces oats is for sale. [The only farm for sale is the one that produces oats.]  
> The farm, which produces oats, is for sale. [The farm, which happens to produce oats, is for sale.]
Choosing between relative pronouns can be a matter of style, depending on voice and tone. It is the use of punctuation with the relative pronoun that clarifies meaning.
---",Style Guide Content/Pronouns.md,3789,4453,
b8d5ba41-fb77-4962-ab1b-595743673a75,Pronouns.md,"['Pronouns', 'Release notes']",142,152,206,#pronouns/release-notes,,"## Release notes
The digital edition relates grammatical concepts to the principles of plain language and links word choice to grammatical information about types of words.
It provides an overview on types of words to introduce grammatical concepts about parts of speech and how they relate to sentence structure.
The sixth edition called types of words *‘word classes’* and had summary information about parts of speech on pages 68–70 in Chapter 5 on grammar.
The digital edition consolidates information about pronouns. It gives an overview of the types of pronouns and highlights common cases of incorrect use. Some of the information in the sixth edition – for example, gender-neutral pronouns – is relevant to inclusive language for gender and sexual diversity.
The *Content Guide* did not have in-depth grammatical concepts. It recommended avoiding gender-specific pronouns, consistent with the Style Manual’s advice to use gender-neutral language. It also had some information on using pronouns for tone.",Style Guide Content/Pronouns.md,4455,5466,
75125c70-48b6-4e44-9fad-63acaceb2709,Punctuation and capitalisation.md,['Punctuation and capitalisation'],1,6,31,#punctuation-and-capitalisation,,"# Punctuation and capitalisation
Punctuation and capitalisation have rules for correct use. Use minimal punctuation and capitalisation to make content more readable.
---",Style Guide Content/Punctuation and capitalisation.md,0,169,
7bf6f632-cf14-49e3-84b9-8a00d0c63ede,Punctuation and capitalisation.md,"['Punctuation and capitalisation', 'Guidance']",7,18,89,#punctuation-and-capitalisation/guidance,,"## Guidance
- Use minimal punctuation to make meaning clear  
- Screen readers work best with minimal punctuation  
- Watch out for misplaced punctuation: it can change meaning  
- Use the correct spacing around punctuation marks  
- Capitalise the first word in a sentence and in headings  
- Minimise capitals for common nouns and adjectives  
- Follow the guidance on capitals for titles and government terms
---",Style Guide Content/Punctuation and capitalisation.md,171,586,
6b0f38a6-0e64-4365-b316-5d8da41ed2c9,Punctuation and capitalisation.md,"['Punctuation and capitalisation', 'Use minimal punctuation to make meaning clear']",19,38,222,#punctuation-and-capitalisation/use-minimal-punctuation-to-make-meaning-clear,,"## Use minimal punctuation to make meaning clear
Minimal punctuation doesn’t mean removing all punctuation marks from a sentence. It means removing unnecessary punctuation.
Only use punctuation that makes the sentence grammatically correct and the meaning clear.
Too much punctuation makes text crowded and difficult to read. If a sentence has a lot of punctuation marks, it might be a sign that the sentence is too long or complex. Try to rewrite into shorter, clearer sentences.
To use minimal punctuation:
- Don’t add full stops to the ends of headings, page headers, footers or captions.  
- Don’t use a semicolon at the end of each item in a bullet list.  
- Unless each item is a full sentence or the last item in a list, don’t use a full stop for items in bullet lists.  
- Don’t use full stops between letters in an acronym or initialism.  
- Don’t use a full stop at the end of most abbreviations.
Minimal punctuation helps users understand your content.
---",Style Guide Content/Punctuation and capitalisation.md,588,1555,
b7fd38bc-f0f1-4630-866d-c8a2cb454abb,Punctuation and capitalisation.md,"['Punctuation and capitalisation', 'Screen readers work best with minimal punctuation']",39,48,121,#punctuation-and-capitalisation/screen-readers-work-best-with-minimal-punctuation,,"## Screen readers work best with minimal punctuation
Some screen readers will announce punctuation marks. Some will change the modulation of the voice depending on the punctuation mark.
By default, screen readers that people who are blind or have low vision use do not usually announce punctuation. They may pause briefly when they encounter a comma, full stop, or semicolon. They may also change inflection when they encounter a question mark.
Screen readers usually ignore most other punctuation unless verbosity is set high, or a person reads character by character.
---",Style Guide Content/Punctuation and capitalisation.md,1557,2130,
cd749989-2f0d-4477-8eba-0c1204b83edd,Punctuation and capitalisation.md,"['Punctuation and capitalisation', 'Watch out for misplaced punctuation: it can change meaning']",49,59,77,#punctuation-and-capitalisation/watch-out-for-misplaced-punctuation-it-can-change-meaning,,"## Watch out for misplaced punctuation: it can change meaning
Use punctuation marks to:
- end sentences (full stops, exclamation marks and question marks)  
- break up sentences and show the relationship between words and phrases (commas, colons, semicolons, dashes, forward slashes and ellipses)  
- show possession and contractions (apostrophes)  
- connect related words (hyphens and dashes).
---",Style Guide Content/Punctuation and capitalisation.md,2132,2531,
22d8c343-53a9-48ba-93e2-3769ab09a68a,Punctuation and capitalisation.md,"['Punctuation and capitalisation', 'Use the correct spacing around punctuation marks']",60,69,108,#punctuation-and-capitalisation/use-the-correct-spacing-around-punctuation-marks,,"## Use the correct spacing around punctuation marks
Check the relevant topic in this manual for advice on how to treat each punctuation mark.
There are different rules for putting spaces around punctuation marks. For example, some punctuation marks have no spaces around them. Some have a space on either side.
Include a single space after a punctuation mark at the end of a sentence. Never use double spaces. Check each document for double and multiple spaces and delete them.
---",Style Guide Content/Punctuation and capitalisation.md,2533,3014,
f97ac554-3f33-4e8f-9bac-109e5361bd0a,Punctuation and capitalisation.md,"['Punctuation and capitalisation', 'Capitalise the first word in a sentence and in headings']",70,84,128,#punctuation-and-capitalisation/capitalise-the-first-word-in-a-sentence-and-in-headings,,"## Capitalise the first word in a sentence and in headings
Capitalise the first word in a sentence. Use lower case for all other words, unless those words include proper nouns. This is called ‘sentence case’.
Use sentence case for:
- opening quoted speech within a sentence  
- headings.
Do not use all capitals for headings, unless the visual design for the content meets WCAG in all respects.
Use sentence case with italics for titles of works mentioned in the content. This applies even when the reference is included in a heading within the content.
---",Style Guide Content/Punctuation and capitalisation.md,3016,3573,
e111c72d-5a73-475e-99b2-0567b2058c09,Punctuation and capitalisation.md,"['Punctuation and capitalisation', 'Minimise capitals for common nouns and adjectives']",85,121,297,#punctuation-and-capitalisation/minimise-capitals-for-common-nouns-and-adjectives,,"## Minimise capitals for common nouns and adjectives
Proper nouns generally have an initial capital letter for each word in the noun.
Common nouns and adjectives don’t use initial capitals, with few exceptions. For example, adjectives often have capitals when they refer to a national, religious or linguistic group.
---
### Differences between proper and common names
This manual contains guidance for names and terms by topic. Always check a dictionary if in doubt.
---
### Shortened forms
Use shortened forms only when this choice supports plain English.
Rules for capitalisation and punctuation differ from rules for terms spelt out in full. The rules depend on where the terms are in the sentence.
The spelt-out form might not need initial capitals, even if an acronym or initialism has them. Use normal capitalisation practices for proper and common nouns. If in doubt, check a dictionary.
If the shortened form represents a proper noun, start each word with a capital letter.
**Example**  
‘NSW’ is written out as ‘New South Wales’.
If the shortened form represents a common noun, do not begin each word of the full form with a capital letter.
**Example**  
‘EIS’ is written out as ‘environmental impact statement’.  
‘TB’ is written out as ‘tuberculosis’.
Only use capitals when the style is standardised or specified in regulations, for symbols of units of measurement.
---",Style Guide Content/Punctuation and capitalisation.md,3575,4957,
d0a358e2-485c-4d81-a2a8-7871d03c032a,Punctuation and capitalisation.md,"['Punctuation and capitalisation', 'Follow the guidance on capitals for titles and government terms']",122,151,347,#punctuation-and-capitalisation/follow-the-guidance-on-capitals-for-titles-and-government-terms,,"## Follow the guidance on capitals for titles and government terms
Follow conventions for using capitals for titles, honours and forms of address. Use capitals when an official title precedes the name of the office holder. This includes titles for executives specified in legislation.
Unless advised in this manual, avoid using capitals in body text for a particular position or role within an organisation. This practice goes against readability and does not support clarity.
You do not need to use capitals when the title is an organisational name given to an office holder. Deference for positions within an organisation might follow house style. Do not use house style outside of the organisational context. Detail any special use of capitals in a style sheet.
Preferences for capitals when the terms ‘traditional owner’, ‘elder’ and ‘custodian’ are used as titles should come directly from the relevant First Nations community.
**Write this**
> Chief Defence Scientist Tanya Monro presented the award ...
**Not this**
> The Senior Policy Adviser offered their view ...
---
Follow the rules of capitalisation for government terms, for example:
- government programs and agreements  
- mentions of parliament  
- references to states and territories.
Legal material has its own conventions for capitalisation. Content that has a legislative focus might use complementary sources to the guidance on citing legal material in this manual.
Legal documents often use initial capitals to show terms with a defined meaning (such as ‘Department’, ‘Schedule’, ‘Vendor’ and ‘Recipient’). In these cases, use the form of the name as it is written in the legislation.
---",Style Guide Content/Punctuation and capitalisation.md,4959,6621,
850658b4-b2c2-4a2c-aa9d-ee6346dd7ef0,Punctuation and capitalisation.md,"['Punctuation and capitalisation', 'Release notes']",152,169,287,#punctuation-and-capitalisation/release-notes,,"## Release notes
The digital edition gives a brief overview of the main rules of punctuation. It gives the user the main points and provides links to detailed guidance in the manual.
The sixth edition had comprehensive information about punctuation dealt with under 2 main sections: spelling and word punctuation and sentence punctuation.
The *Content Guide* covered punctuation symbols as individual topics, but did not give an overview.
The digital edition is consistent with the *Content Guide*, which used ‘sentence case’ and ‘title case’ as terms for capitalisation style. This is a departure from the sixth edition in terminology for capitalisation styles.
The sixth edition used ‘maximal capitalisation’, not ‘title case’. The sixth edition used ‘minimal capitalisation’ for ‘sentence case’, which refers to the style for publication titles and headings in the digital edition.
The digital edition uses ‘minimal capitalisation’ to refer to a principle, rather than a capitalisation style. Minimal capitalisation is the principle of writing with the minimum amount of capitalisation required to make the context understood. It is paired with the principle or convention of minimal punctuation.
Consistent with the sixth edition, an ‘initial capital’ means that the first letter of a word is capitalised. It is a descriptive phrase, not a capitalisation style. The *Content Guide* did not use this phrase.
---",Style Guide Content/Punctuation and capitalisation.md,6623,8037,
7d47968a-cd7f-49a6-9e53-d13a0c0b9a8c,Punctuation and capitalisation.md,"['Punctuation and capitalisation', 'About this page']",170,183,189,#punctuation-and-capitalisation/about-this-page,,"## About this page
### References
- Australian House of Representatives (1965) *Debates*, HR18:5.  
- Dixon JC and Bolitho B (2005–2019) *Course notes and exercises: editing and proofreading for the workplace*, Centre for Continuing Education, Australian National University, Canberra.  
- Murphy EM with Cadman H (2014) *Effective writing: plain English at work*, 2nd edn, Lacuna, Westgate.  
- Seely J (2001) *Oxford everyday grammar*, Oxford University Press, Oxford.  
- Selk A (2018) ‘One space or two spaces after a full stop? Scientists have finally found the answer’, *Independent*, accessed 5 March 2020.  
- Stilman A (2004) *Grammatically correct*, Writer’s Digest Books, Ohio.  
- Stone A and Ford R (2017) ‘Chasing after a century of punctuation’, *Procedia Computer Science*, 118:15–21, doi:0.1016/j.procs.2017.11.144.  
- Truss L (2003) *Eats, shoots and leaves: the zero tolerance approach to punctuation*, Profile Books, London.
**Last updated**: Friday 15 December 2023",Style Guide Content/Punctuation and capitalisation.md,8039,9026,
4fa19b86-b968-4984-a88c-dac68df5def3,Question marks.md,['Question marks'],1,6,35,#question-marks,,"# Question marks
Users expect direct questions and requests to end with a question mark. Indirect questions, commands and rhetorical questions can take other punctuation.
---",Style Guide Content/Question marks.md,0,174,
33a4e31b-555e-4503-9133-bad4ba637b4f,Question marks.md,"['Question marks', 'Guidance']",7,15,61,#question-marks/guidance,,"## Guidance
- Question marks usually go after the last letter in a sentence  
- Direct questions and requests end in a question mark  
- Indirect questions and commands don’t use a question mark  
- Rhetorical questions end in a question mark or exclamation mark
---",Style Guide Content/Question marks.md,176,442,
a2724ad4-3db4-4b18-a68d-14d5be773dff,Question marks.md,"['Question marks', 'Question marks usually go after the last letter in a sentence']",16,52,294,#question-marks/question-marks-usually-go-after-the-last-letter-in-a-sentence,,"## Question marks usually go after the last letter in a sentence
Like other punctuation marks, question marks stay with the text they refer to. Usually, this is immediately after the last letter of the last word of the sentence.
### Brackets and quotation marks change the position of question marks
For brackets and quotation marks, place the question mark:
- **before** a closing bracket or quotation mark if the question is part of the text in the brackets or quotation marks  
- **after** the closing bracket or quotation mark if the question is part of the surrounding text.
**Example**
> **Question mark before the closing bracket or quote**  
> She asked, ‘Is the report due on Tuesday?’  
>  
> They decided (and why wouldn’t they?) to cancel the program.  
>  
> **Question mark after the closing bracket or quote**  
> What did she mean by ‘the report is due ASAP’?  
>  
> Did they decide to cancel the program (the EDTA program)?
---
### Inserted question marks can show uncertainty
Question marks can express doubt and uncertainty about dates or other specific details.
**Example**
> John Limeburner (?1743–1785) was a convict who arrived in Australia on the First Fleet.  
>  
> Pery Baylee (1784–?) was commandant of Macquarie Harbour penal station in Van Diemen’s Land from 1831 to 1833.
---",Style Guide Content/Question marks.md,444,1751,
723333ce-3b63-4d3b-8359-2119cb952cd2,Question marks.md,"['Question marks', 'Direct questions and requests end in a question mark']",53,95,254,#question-marks/direct-questions-and-requests-end-in-a-question-mark,,"## Direct questions and requests end in a question mark
Direct questions end with a question mark. Most begin with one of these words:
- ‘who’, ‘what’, ‘when’, ‘where’, ‘why’, ‘how’, ‘which’, ‘whose’  
- ‘are’, ‘is’, ‘was’, ‘were’  
- ‘has’, ‘have’  
- ‘did’, ‘do’, ‘does’  
- ‘can’, ‘will’, ‘could’, ‘would’, ‘should’, ‘might’.
These types of questions are called *interrogative sentences*.
**Example**
> Who will attend the meeting next week?  
> Whose turn is it to take the minutes?  
> Are you ready to start the meeting?  
> Have they finished voting?  
> Did you attend the meeting?  
> Will the new government deliver a budget surplus?  
> Could you please make your changes by tomorrow?
Some sentences don’t start with one of the words above but still end with a question mark.
**Example**
> That’s your proposal?
Sometimes questions are tagged on to the end of another clause.
**Example**
> They would say that, wouldn’t they?
Requests are often framed as questions. Requests suggest that people have the option of saying ‘no’.
**Example**
> Can you consider who your future colleagues might be?  
> Can you please upload your edits?
---",Style Guide Content/Question marks.md,1753,2900,
5bf6c912-860f-4b8d-b698-14ff7e83a474,Question marks.md,"['Question marks', 'Indirect questions and commands don’t use a question mark']",96,135,265,#question-marks/indirect-questions-and-commands-dont-use-a-question-mark,,"## Indirect questions and commands don’t use a question mark
Indirect questions don’t end with question marks, even if they include a word such as ‘who’ or ‘does’.
**Example**
> He asked who will attend the meeting next week.
Indirect questions are often used in headings.
**Example**
> Who we are [Heading]  
> How to submit a claim [Heading]
To turn indirect questions into direct questions you can:
- rearrange the words so the verb comes before the subject  
- introduce a word such as ‘can’ or ‘why’ – but make sure there is a subject.
**Example**
> Who are we?  
> How do I submit a claim?
Guidance in this manual recommends avoiding questions as headings, except for Easy Read materials.
Spellcheckers often recommend that you change indirect questions to end with a question mark. This isn’t always correct. It depends on whether you are asking a question.
Instructions and commands aren’t framed as questions. They don’t start with words such as ‘what’, ‘are’ or ‘does’, and don’t end with a question mark.
Commands and instructions don’t suggest that people have a choice.
**Example**
> Consider who your future colleagues might be.  
> Please upload your edits.
---",Style Guide Content/Question marks.md,2902,4078,
3d0f70c6-e02f-424f-847f-7216dffb9da2,Question marks.md,"['Question marks', 'Rhetorical questions end in a question mark or exclamation mark']",136,146,76,#question-marks/rhetorical-questions-end-in-a-question-mark-or-exclamation-mark,,"## Rhetorical questions end in a question mark or exclamation mark
Depending on the context, a rhetorical question can end in a question mark or an exclamation mark. Exclamation marks add emphasis – this can make a rhetorical question sound blunt.
**Example**
> Will you ever stop asking questions?  
> Will you ever stop asking questions!
---",Style Guide Content/Question marks.md,4080,4423,
6664781f-c2c5-4733-b80d-6a6172403c76,Question marks.md,"['Question marks', 'Release notes']",147,154,57,#question-marks/release-notes,,"## Release notes
The digital edition has targeted advice on how to use a question mark. It has the same information as the sixth edition but provides more examples to help users.
The *Content Guide* had no specific guidance about question marks.
---",Style Guide Content/Question marks.md,4425,4674,
d72c72de-518b-4cbb-a963-34e4b60a1581,Question marks.md,"['Question marks', 'About this page']",155,166,126,#question-marks/about-this-page,,"## About this page
**References**
- Dixon JC and Bolitho B (2005–2019) *Course notes and exercises: editing and proofreading for the workplace*, Centre for Continuing Education, Australian National University, Canberra.  
- Murphy EM with Cadman H (2014) *Effective writing: plain English at work*, 2nd edition, Lacuna, Westgate.  
- Seely J (2001) *Oxford everyday grammar*, Oxford University Press, Oxford.  
- Stilman S (2004) *Grammatically correct*, Writer’s Digest Books, Ohio.  
- Truss L (2003) *Eats, shoots and leaves: the zero tolerance approach to punctuation*, Profile Books, London.
**Last updated**  
This page was updated Monday 6 September 2021.",Style Guide Content/Question marks.md,4676,5338,
164fb884-95dc-4a29-979c-30d23134967c,Quotation marks.md,['Quotation marks'],1,6,44,#quotation-marks,,"# Quotation marks
Quotation marks draw attention to words and reference certain kinds of titles. Write most direct speech in single quote marks. For long quotes, use block quotations without quotation marks.
---",Style Guide Content/Quotation marks.md,0,211,
ed370856-3fb9-4378-8c96-9aaa19c9f160,Quotation marks.md,"['Quotation marks', 'Guidance']",7,17,78,#quotation-marks/guidance,,"## Guidance
- Quote direct speech in single quote marks  
- Format long quotes as block quotations with no quotation marks  
- Write speech in transcripts and plays with no quotation marks  
- Refer to certain kinds of titles using quotation marks  
- Draw attention to words using quotation marks  
- Keep quoted punctuation marks in the quote
---",Style Guide Content/Quotation marks.md,213,561,
81941660-7c13-42fa-9361-84d52eee8fc1,Quotation marks.md,"['Quotation marks', 'Quote direct speech in single quote marks']",18,76,412,#quotation-marks/quote-direct-speech-in-single-quote-marks,,"## Quote direct speech in single quote marks
Single quotation marks are also known as ‘quote marks’, ‘quotes’, ‘speech marks’ or ‘inverted commas’.
Use them to:
- show direct speech and the quoted work of other writers  
- enclose the title of certain works  
- draw attention to a word you’re defining.
Double quotation marks aren’t Australian Government style. Use them only for quotations within quotations.
Short quotations of direct speech are enclosed in single quotation marks.
**Example**
> ‘Yes, that’s all that happened,’ she replied.  
> The opposition leader asked, ‘But where’s the money going to come from?’
Don’t use quotation marks for long quotations. Instead, use block quotations.
---
### Quotes within quotes
For quotations within quotations, use double quotation marks inside single ones.
**Example**
> He also wrote, ‘The decisions of the department for “major procurement” were always political choices.’
---
### Omissions in direct speech
When quoting direct speech, take great care to be accurate. Writers and publishers have been sued for inaccurate quotations attributed as direct speech.
If you use ellipses for omitted words, ensure that the omission won’t mislead readers about the content or tone of the source you’re quoting.
**Correct**
> He said, ‘I don’t agree with the proposal because we need to do more research.’  
> He said, ‘I don’t agree with the proposal …’
**Incorrect**
> He said, ‘I don’t agree with the proposal.’  
> He said, ‘I … agree with the proposal.’
If the quotation needs the information for context, add specific detail in square brackets. You must be sure that the specific detail is correct and that it retains the meaning intended by the original speaker.
**Example**
> ‘The [Queensland] government agrees.’
If you paraphrase omitted material, place the paraphrasing in square brackets.
**Example**
> ‘They all listened to [the new manager’s] speech.’
---
### Errors in quoted material",Style Guide Content/Quotation marks.md,563,2508,
d7ce5f33-cbcc-47e7-b430-ea3e6ce5e55f,Quotation marks.md,"['Quotation marks', 'Quote direct speech in single quote marks', 'Errors in quoted material']",77,77,12,#quotation-marks/quote-direct-speech-in-single-quote-marks,,Quoted material sometimes contains a spelling or grammatical error.,Style Guide Content/Quotation marks.md,0,0,
fcaf533e-820b-42e5-a676-6c5f757215fa,Quotation marks.md,"['Quotation marks', 'Quote direct speech in single quote marks', 'Errors in quoted material']",79,101,193,#quotation-marks/quote-direct-speech-in-single-quote-marks,,"To show the error is in the original, insert an italicised ‘sic’ in non-italicised square brackets after the error. This shows the reader that the error comes from the original.
**Example**
> The email read, ‘At the time, the population of Sydney was much higher than Melberne [sic].’
---
### Non-Australian English quotes
In quoted material use the original spelling of the quoted material, even if it uses US spellings such as ‘color’. The capitalisation of words must also be the same as in the original.
If the US material uses the US conventions for quotation marks, you can update them to the Australian convention.
**Example**
Australian style:
> The President said, ‘The Prime Minister told me “No”, so I’m working on an updated plan.’
US style:
> The President said, “The Prime Minister told me ‘No,’ so I’m working on an updated plan.”
---",Style Guide Content/Quotation marks.md,2510,3359,
e067378d-5f32-470d-935d-71acba1028f1,Quotation marks.md,"['Quotation marks', 'Format long quotes as block quotations with no quotation marks']",102,128,246,#quotation-marks/format-long-quotes-as-block-quotations-with-no-quotation-marks,,"## Format long quotes as block quotations with no quotation marks
Quotations that are longer than about 30 words are:
- usually indented from the text margin  
- sometimes set in a smaller font size or a different font.
When they are set like this, they are called ‘block quotations’.
Don’t use quotation marks to identify the quoted material – the formatting does that instead. Block quotations should also be coded with the HTML `<blockquote>` element.
**Example**
> As Templeton (2019) writes:  
>   
> According to the ACT Auditor-General, the transport benefits from the project are projected to be lower than the costs. She noted other benefits that had been included by the ACT Government to justify the project.
To include several paragraphs of quoted speech without the attribution tag, such as in a media release, use a quotation mark:
- at the beginning of each paragraph  
- at the end of the last paragraph only.
**Example**
> Dr Nicoll said, ‘My experience as a public servant helped me learn how to run workshops.  
> ‘My experience also helps me make my workshops practical.’
---",Style Guide Content/Quotation marks.md,3361,4456,
ad825d6c-2221-4536-909a-1fc471767c94,Quotation marks.md,"['Quotation marks', 'Write speech in transcripts and plays with no quotation marks']",129,145,120,#quotation-marks/write-speech-in-transcripts-and-plays-with-no-quotation-marks,,"## Write speech in transcripts and plays with no quotation marks
Quotation marks are unnecessary in transcripts and plays if the name of the speaker comes before the direct speech.
**Example**
> Senator MARCELLUS: Look at the latest report. These results aren’t great.  
> Dr BERNARDO: I’ve seen this happen before. It looks like we might be over budget.
The same applies for questions and answers (Q&As).
**Example**
> Q. Have you ever been convicted of an offence, other than a parking or speeding offence?  
>   
> A. No.
---",Style Guide Content/Quotation marks.md,4458,4986,
e8ade724-d7b9-4588-9637-2df5c275577b,Quotation marks.md,"['Quotation marks', 'Refer to certain kinds of titles using quotation marks']",146,161,98,#quotation-marks/refer-to-certain-kinds-of-titles-using-quotation-marks,,"## Refer to certain kinds of titles using quotation marks
When referring to these titles, use quotation marks in references and citations:
- a chapter in a book or report  
- an article in a periodical  
- an essay  
- a lecture  
- a poem  
- a song.
**Example**
> Read the chapter titled ‘Number and natural language’ in *The innate mind: structure and contents*. It describes how people learn to recognise numbers.
---",Style Guide Content/Quotation marks.md,4988,5409,
85803d9d-8ff5-4a0b-b0a4-02537d8e107b,Quotation marks.md,"['Quotation marks', 'Draw attention to words using quotation marks']",162,181,223,#quotation-marks/draw-attention-to-words-using-quotation-marks,,"## Draw attention to words using quotation marks
You can use quotation marks instead of italics to make words stand out from your sentence. Examples include:
- a technical term on its first mention in a non-technical document  
- a word or phrase that has been coined or that you’re using in a specific sense  
- colloquial words, nicknames, slang, or ironic or humorous words and phrases, in formal writing.
You don’t usually need to repeat the quotation marks the next time you use the word. They might be useful if the next mention is a long way from the first.
Another use of quotation marks is for words introduced by expressions such as ‘titled’, ‘marked’, ‘the term’ and ‘defined as’.
**Example**
> The papers were marked ‘Five Eyes only’.  
> Can anyone here define ‘entropion’?  
> The survey used the term ‘companion animal’ to describe assistance dogs in workplaces.  
> He said the new policy was ‘obviously a great success’ and then explained its many failings.
---",Style Guide Content/Quotation marks.md,5411,6389,
cf8be510-a7b3-48ee-9861-6ae873e5e3cb,Quotation marks.md,"['Quotation marks', 'Keep quoted punctuation marks in the quote']",182,218,394,#quotation-marks/keep-quoted-punctuation-marks-in-the-quote,,"## Keep quoted punctuation marks in the quote
Punctuation in and after quotation marks depends on the punctuation of the quoted text and how it is used in the content.
If the punctuation mark is part of the quoted text, place the punctuation mark before the closing quotation mark.
**Example**
> ‘Is it okay to ask a colleague out for a coffee?’ I asked the HR section.  
> He asked, ‘Has it arrived?’
The same rule applies for directly quoted speech followed by the attribution.
**Example**
> ‘It has arrived,’ said the manager.  
> ‘Has it arrived?’ asked the manager.
If the punctuation mark is part of the sentence outside the quoted text, it follows the closing quotation mark.
**Example**
> She said that it was ‘time to start work’.  
> Many things have been called ‘the new black’, but they usually fade to grey.  
> Did the complainant at any time ask you to ‘Please turn down the noise’?
Quoted material can appear as parenthetical information, enclosed in parentheses, dashes or commas. In these cases, place the quotation marks inside the sentence punctuation.
**Example**
> His stirring speech (‘We shall never surrender’) galvanised the UK and its allies.  
> His stirring speech – ‘We shall never surrender’ – galvanised the UK and its allies.  
> His stirring speech, ‘We shall never surrender’, galvanised the UK and its allies.
If the quotation ends a sentence or is a sentence in its own right, place the final full stop before the final quotation mark.
**Example**
> She said, ‘It’s time to start work.’  
> ‘When we get the final figures,’ the manager said, ‘we’ll know how it will affect our bottom line.’  
> ‘I have the final figures,’ the manager said. ‘This will ruin our bottom line.’",Style Guide Content/Quotation marks.md,6391,8102,
8a364a0a-e1f5-4e9d-95b4-90a0486a80d6,Quotation marks.md,"['Quotation marks', 'Keep quoted punctuation marks in the quote']",219,219,37,#quotation-marks/keep-quoted-punctuation-marks-in-the-quote,,"Sometimes, there are 2 punctuation marks – one for the quotation and one for the sentence. Decide which is stronger and use it. Don’t use both punctuation marks.",Style Guide Content/Quotation marks.md,0,0,
ff6675e5-2e07-46b5-a2e6-235205732af3,Quotation marks.md,"['Quotation marks', 'Keep quoted punctuation marks in the quote']",221,236,132,#quotation-marks/keep-quoted-punctuation-marks-in-the-quote,,"**Correct**
> The Speaker called ‘Order!’  
> Did you hear him say, ‘That’s unlikely’?
**Incorrect**
> The Speaker called ‘Order!’.  
> Did you hear him say, ‘That’s unlikely.’?
The surrounding text determines the font (roman, italic, or bold) of the quotation marks. If the content inside the quotation marks is in italics, but the sentence is in roman, use roman for the quotation marks.
**Example**
> She described it as ‘weird’. [The quotation marks are in roman even though ‘weird’ is in italics.]  
> ‘Wow,’ he said. [Both the quote marks and the quote are in roman type.]
---",Style Guide Content/Quotation marks.md,8104,8686,
b9f4be24-4708-4dc3-9070-77041145e7db,Quotation marks.md,"['Quotation marks', 'Release notes']",237,246,128,#quotation-marks/release-notes,,"## Release notes
The digital edition revises advice about punctuation used with quotation marks. It departs from advice in the sixth edition about the position of punctuation and quotation marks in sentences interrupted by expressions, such as ‘they said’.
The sixth edition recommended the comma be placed outside the quotation mark, before the expression. The digital edition recommends the comma be placed inside the quotation mark: the quotation mark comes directly before the expression.
The *Content Guide* had advice on the use of single and double quotation marks, with which the digital edition is consistent.
---",Style Guide Content/Quotation marks.md,8688,9310,
155efb1b-44b8-4ad6-8197-c6816d024c64,Quotation marks.md,"['Quotation marks', 'About this page']",247,269,370,#quotation-marks/about-this-page,,"## About this page
**Evidence**
- Oxford University Press (2016) ‘9.2 Layout of quoted text’, *New Oxford style manual*, Oxford University Press, Oxford.  
- University of Chicago (2017) ‘6.40 Commas with quotations’, *Chicago manual of style*, 17th edn, University of Chicago Press, Chicago.
**References**
- Dixon JC and Bolitho B (2005–2019) *Course notes and exercises: editing and proofreading for the workplace*, Centre for Continuing Education, Australian National University, Canberra.  
- Houston K (2015) ‘The long and fascinating history of quotation marks’, *Slate*, accessed 20 February 2020.  
- Microsoft Corporation (2019) *Keyboard shortcuts in Word: insert international characters*, Microsoft website, accessed 1 December 2019.  
- Mozilla (n.d.) ‘<blockquote>: the block quotation element’, *HTML elements*, MDN Web Docs website, accessed 3 December 2020.  
- Murphy EM and Cadman H (2014) *Effective writing: plain English at work*, 2nd edn, Lacuna.  
- Owen M (2018) *How to type accented letters in macOS three different ways*, appleinsider website, accessed 4 December 2019.  
- Oxford University Press (2016) ‘Quotations and direct speech’, *New Oxford style manual*, Oxford University Press, Oxford.  
- Seely J (2001) *Oxford everyday grammar*, Oxford University Press, Oxford.  
- Stilman S (2004) *Grammatically correct*, Writer’s Digest Books, Ohio.  
- Truss L (2003) *Eats, shoots and leaves: the zero tolerance approach to punctuation*, Profile Books, London.  
- The Unicode Consortium (2019) Unicode, Unicode website, accessed 2 December 2019.  
- University of Chicago (2017) ‘6.115: “Smart” quotation marks’, *Chicago manual of style*, 17th edn, University of Chicago Press, Chicago.  
- World Wide Web Consortium (W3C) (n.d.) ‘HTML <blockquote> tag’, W3CSchools website, accessed 3 December 2020.  
- Whitbread D (2009) *Design manual*, 2nd edn, UNSW Press, Sydney, Australia.
**Last updated**: Wednesday 19 March 2025",Style Guide Content/Quotation marks.md,9312,11268,
efe716a3-fc16-4d58-a134-5bb8702a6065,"Royalty, vice-royalty and nobility.md","['Royalty, vice-royalty and nobility']",1,6,27,#royalty-vice-royalty-and-nobility,,"# Royalty, vice-royalty and nobility
Royalty and representatives of the royal family should be addressed with their correct title.
---","Style Guide Content/Royalty, vice-royalty and nobility.md",0,134,
35a49db1-9978-4e39-99a3-047ccd67c98c,"Royalty, vice-royalty and nobility.md","['Royalty, vice-royalty and nobility', 'Guidance']",7,14,47,#royalty-vice-royalty-and-nobility/guidance,,"## Guidance
- Always capitalise the titles of current royals  
- Use regnal numbers (I, II, V) for titles of monarchs and religious leaders  
- Capitalise ‘Governor-General’ when it’s part of the formal title
---","Style Guide Content/Royalty, vice-royalty and nobility.md",136,348,
781f2032-2c4c-4cb9-a979-8fd8d95192ed,"Royalty, vice-royalty and nobility.md","['Royalty, vice-royalty and nobility', 'Always capitalise the titles of current royals']",15,57,298,#royalty-vice-royalty-and-nobility/always-capitalise-the-titles-of-current-royals,,"## Always capitalise the titles of current royals
Always use capitals for the title of the current Australian monarch.
The full title of the current monarch of Australia is:
> Charles the Third, by the Grace of God King of Australia and His other Realms and Territories, Head of the Commonwealth
**Example**
> His Majesty The King  
> Next week, the King will visit Australia.  
> Address letters to the King to his private secretary.
**Example**
> To the Private Secretary to His Majesty The King
---
### The royal family
The title of the King’s wife, Queen Camilla, is ‘Her Majesty The Queen’.
The title of the late Queen Elizabeth II is ‘Her Majesty Queen Elizabeth II’.
The title of the late Queen’s husband, Prince Philip, is ‘His Royal Highness The Duke of Edinburgh’.
The King’s elder son, Prince William, is titled ‘His Royal Highness The Prince of Wales’.
Prince William’s wife, Catherine, is titled ’Her Royal Highness The Princess of Wales’.
Address letters to Prince William to his private secretary. You can use the shortened form for ‘His Royal Highness’ in this instance.
**Example**
> To the Private Secretary to HRH The Prince of Wales
Use an initial capital for ‘The’ for the formal titles of the King and his immediate family.
**Example**
> The Prince George  
> The Princess Royal
---","Style Guide Content/Royalty, vice-royalty and nobility.md",350,1654,
4c7916d2-753a-4cfe-b420-6d4cca7a6a9c,"Royalty, vice-royalty and nobility.md","['Royalty, vice-royalty and nobility', 'Use regnal numbers (I, II, V) for titles of monarchs and religious leaders']",58,98,270,#royalty-vice-royalty-and-nobility/use-regnal-numbers-i-ii-v-for-titles-of-monarchs-and-religious-leaders,,"## Use regnal numbers (I, II, V) for titles of monarchs and religious leaders
Regnal numbers are upper case roman numerals that are used for the titles of monarchs and popes.
Don’t use digits or ordinal numbers, even though you might pronounce them like that.
**Correct**
> Margrethe II  
> Rama IX  
> Gewargis III
**Incorrect**
> Margrethe the second  
> Rama 9  
> Gewargis the 3rd
---
### Use a non-breaking space for names with regnal numbers
Put a non-breaking space between the name and the regnal number. A non-breaking space means that line breaks won’t split up both elements of the name. The name and number will stay together on one line.
You can insert a non-breaking space using the Unicode character `U+00A0`.
In HTML, use the entity `&nbsp;` to insert a non-breaking space. You can also use the keyboard shortcut **Ctrl+Shift+Spacebar** in Word.
---
### Print considerations
Use a narrow no-break space between the name and the regnal number.
The narrow no-break space ensures that the:
- name and number stays together on one line  
- spacing between name and number doesn’t change when text is justified.
You can insert a narrow no-break space using the Unicode character `U+202F`.
---","Style Guide Content/Royalty, vice-royalty and nobility.md",1656,2859,
56cd7281-0993-4fe7-93fe-7ff90ef37911,"Royalty, vice-royalty and nobility.md","['Royalty, vice-royalty and nobility', 'Capitalise ‘Governor-General’ when it’s part of the formal title']",99,126,245,#royalty-vice-royalty-and-nobility/capitalise-governor-general-when-its-part-of-the-formal-title,,"## Capitalise ‘Governor-General’ when it’s part of the formal title
The position of governor-general in Australia is known as vice-royalty. The Governor-General represents the King in Australia.
Address the Governor-General of Australia in the following style and order:
1. ‘His/Her Excellency the Honourable’  
2. prefixed titles  
3. given name and family name  
4. post-nominals  
5. ‘Governor-General of the Commonwealth of Australia’
You might need to vary the order of the items in the title to suit the titles of the incumbent. For example, place:
- military rank before ‘the Honourable’  
- ‘Sir’ or ‘Dame’ after ‘the Honourable’
**Example**
> His Excellency General the Honourable David Hurley AC DSC (Retd), Governor-General of the Commonwealth of Australia  
> Her Excellency the Honourable Dame Quentin Bryce AD CVO, Governor-General of the Commonwealth of Australia
When you are referring to the generic term, use lower case ‘governor-general’. When you are referring to 2 or more people who hold or have held the title, use lower case and refer to them as ‘governors-general’.
**Example**
> Australia has had 28 governors-general. A governor-general’s role is to represent the monarch.
---","Style Guide Content/Royalty, vice-royalty and nobility.md",2861,4064,
2346c02f-7123-411c-abf3-c77a90477624,"Royalty, vice-royalty and nobility.md","['Royalty, vice-royalty and nobility', 'Correspondence to the Governor-General']",127,147,105,#royalty-vice-royalty-and-nobility/correspondence-to-the-governor-general,,"## Correspondence to the Governor-General
Address correspondence to the Governor-General to the Official Secretary at Government House, Canberra.
To address the Governor-General personally in formal correspondence:
- **Open with:** ‘Your Excellency’  
- **Conclude with:** ‘Yours faithfully’
In less formal correspondence:
- **Open with:** ‘Dear Governor-General’  
- **Conclude with:** ‘Yours sincerely’
For the partner of the Governor-General:
- Address a female partner as ‘Her Excellency’ or ‘Your Excellency’  
- Address a male partner as ‘His Excellency’ or ‘Your Excellency’
---","Style Guide Content/Royalty, vice-royalty and nobility.md",4066,4651,
a6c19d56-1ff2-4aff-92b1-b00c43574088,"Royalty, vice-royalty and nobility.md","['Royalty, vice-royalty and nobility', 'Release notes']",148,158,144,#royalty-vice-royalty-and-nobility/release-notes,,"## Release notes
The digital edition was updated to reflect changes to royal titles upon the coronation of King Charles III.
The digital edition gives updated guidance and examples on forms of address for royalty, vice-royalty and nobility.
These examples do not follow the sixth edition’s requirement for a comma before and between post-nominals. This is consistent with the digital edition’s recommendation to use minimal punctuation. The digital edition also includes advice on regnal numbers.
The sixth edition had relevant information on titles for royal and vice-royals. Advice on numbers in titles was in a different part of the manual.
The *Content Guide* did not cover this topic.","Style Guide Content/Royalty, vice-royalty and nobility.md",4653,5342,
d0ae5cec-78d6-4d70-aac1-0a85c15a4375,Schedules.md,['Schedules'],1,6,43,#schedules,,"# Schedules
Refer to schedules that appear at the end of legislation using style conventions. Follow the drafting rules for amending and non-amending schedules so people can find the source information.
---",Style Guide Content/Schedules.md,0,206,
3ef3de58-7344-43d9-8c9d-63c7b7b82bb2,Schedules.md,"['Schedules', 'Guidance']",7,14,39,#schedules/guidance,,"## Guidance
- Schedules are components of legislation  
- Style for schedule titles is an initial capital  
- The basic unit of an amending schedule is an item
---",Style Guide Content/Schedules.md,208,371,
278586dd-6382-4dc0-bcd4-38fdeef5043c,Schedules.md,"['Schedules', 'Schedules are components of legislation']",15,28,181,#schedules/schedules-are-components-of-legislation,,"## Schedules are components of legislation
Schedules are components (not units) of bills, Acts and some instruments. They appear at the end of legislation. Schedules are either amending or non-amending.
Amending schedules are more common. There are drafting rules about their use and the order in which each schedule appears.
Most amending schedules list amendments to other Acts, bills and instruments that will take effect when the legislation commences. Some contain other provisions such as savings and transitional arrangements.
Non-amending schedules have many different purposes. Units of non-amending schedules are named differently depending on the purpose. Non-amending schedules sometimes include text that could be contained in the body of the legislation as a section. In this case, the basic unit is a clause.
Cite at schedule level, not the basic unit level, for most content.
---",Style Guide Content/Schedules.md,373,1268,
df6a53bc-0f55-4777-8825-c7f00cd6d657,Schedules.md,"['Schedules', 'Style for schedule titles is an initial capital']",29,43,130,#schedules/style-for-schedule-titles-is-an-initial-capital,,"## Style for schedule titles is an initial capital
Use capital ‘S’ for long and shortened forms of named schedules.
Always capitalise ‘Schedule’ or ‘Schedules’ when you write the title of schedules or refer to particular schedules.
The shortened form is ‘Sch’ for singular and plural.
**Example**
> ... the age factor under Schedule 1 of the Judges’ Pensions Regulations 1998  
> ... the age factor (Judges’ Pensions Regulations 1998, Sch 1).  
> … namely items 28, 41, 45 and 52 of Schedule 1 to the Electoral and Referendum Amendment (Electoral Integrity and Other Measures) Act 2006.
---",Style Guide Content/Schedules.md,1270,1860,
84499619-3bb9-4ccd-b208-2a2a91542442,Schedules.md,"['Schedules', 'The basic unit of an amending schedule is an item']",44,53,121,#schedules/the-basic-unit-of-an-amending-schedule-is-an-item,,"## The basic unit of an amending schedule is an item
For most texts, you don’t need to identify the units of different types of schedules or to decide how units should be cited. It is enough to cite at schedule level.
Amending schedules are divided into parts, then into divisions. Both are given arabic numerals – for example, Part 1 Division 3. Divisions contain items divided into subitems, which are given numbers in parentheses – (1), (2) and so on.
There is no shortened form for ‘item’ or ‘subitem’.
---",Style Guide Content/Schedules.md,1862,2372,
8334a7c6-6fbe-46ad-98e8-d43f729e440d,Schedules.md,"['Schedules', 'Release notes']",54,62,162,#schedules/release-notes,,"## Release notes
The digital edition has considerable advice on how to cite legal material. It includes new material on Commonwealth tribunals and Australian Tax Office rulings. It expands on sixth edition information on treaties.
The digital edition departs from sixth edition guidance about the capitalisation, punctuation and italicisation of citation elements for some legal material. The current edition also recommends the contraction ‘Cth’ rather than ‘Cwlth’.
These departures are informed by legal material and general publications from Australian courts, government agencies working in the legislative context and academic sources. The digital edition style is for general, rather than specialist, legal content.
The *Content Guide* briefly mentioned legislation in relation to capitalisation. There was no detailed guidance about how to cite legislation.",Style Guide Content/Schedules.md,2374,3239,
b5d93357-1dbd-4578-8b13-45c899fa3e91,Semicolons.md,['Semicolons'],1,6,35,#semicolons,,"# Semicolons
Semicolons link sentences. They complicate sentences for users if overused. Do not use them at the end of bullet and numbered list items.
---",Style Guide Content/Semicolons.md,0,154,
aa0ebfc3-110b-4d2b-af23-c3603ac5a2b2,Semicolons.md,"['Semicolons', 'Guidance']",7,15,55,#semicolons/guidance,,"## Guidance
- Avoid using a semicolon to link sentences  
- Don’t end bullet and numbered list items with semicolons  
- Separate in-text references with semicolons  
- Use a bullet or numbered list instead of semicolons in a complex sentence
---",Style Guide Content/Semicolons.md,156,402,
e568931a-5c6e-43dc-ac79-6693484f8344,Semicolons.md,"['Semicolons', 'Avoid using a semicolon to link sentences']",16,50,386,#semicolons/avoid-using-a-semicolon-to-link-sentences,,"## Avoid using a semicolon to link sentences
Short, simple sentences are easier to read. Overusing semicolons makes writing more difficult to understand.
Semicolons can create a break that is stronger than a comma but weaker than a full stop. They can link 2 sentences that share or develop an idea. The information must be closely related.
**Example**
> He wrote a report for each group. The red report was for one group; the blue report was for the other.  
> Sometimes it’s optional; sometimes it’s compulsory.
Instead of a semicolon, it’s usually best to use either:
- a full stop followed by a new sentence  
- a comma before the last item, followed by a conjunction.
Sentences should be in plain language and no longer than 25 words. Don’t use a semicolon if all it does is make your sentence longer.
**Write this**
> Find out if it’s optional or compulsory before you start. Ask someone to help you if you don’t know the difference.
**Not this**
> Find out if it’s optional or compulsory before you start; ask someone to help you if you don’t know the difference.
Too much punctuation makes text crowded and difficult to read. If a sentence has a lot of punctuation marks, it might be a sign that the sentence is too long or complex. Try to rewrite into shorter, clearer sentences.
If you have to use a semicolon, on both sides of the semicolon write full sentences. Other than in some sentence lists, it’s incorrect to have a sentence fragment on one side of the semicolon.
**Correct**
> Staff can leave at any time; they don’t need a work schedule.
**Incorrect**
> Staff can leave at any time; no work schedule.
---",Style Guide Content/Semicolons.md,404,2028,
1e22b601-f697-489e-96cb-87367f48ae65,Semicolons.md,"['Semicolons', 'Don’t end bullet and numbered list items with semicolons']",51,70,137,#semicolons/dont-end-bullet-and-numbered-list-items-with-semicolons,,"## Don’t end bullet and numbered list items with semicolons
You don’t need a semicolon at the end of each list item for bullet and numbered lists. It clutters the list and makes it hard to read.
**Like this**
> The successful applicant will demonstrate:  
>   
> - integrity, persistence and good judgement  
> - experience in projects of this type  
> - a sound understanding of interdepartmental relationships.
**Not this**
> The successful applicant will demonstrate:  
>   
> - integrity, persistence and good judgement;  
> - experience in projects of this type; and  
> - a sound understanding of interdepartmental relationships.
---",Style Guide Content/Semicolons.md,2030,2669,
89bfd0f3-f8c0-464b-8088-99e36f78abc8,Semicolons.md,"['Semicolons', 'Separate in-text references with semicolons']",71,79,47,#semicolons/separate-in-text-references-with-semicolons,,"## Separate in-text references with semicolons
Use a semicolon between each reference when you have more than one in-text reference in brackets.
**Example**
> Effective leaders are adaptable (Nicoll 2019; Taylor 2018; Weir 2020).
---",Style Guide Content/Semicolons.md,2671,2904,
54addcde-9c79-43d0-886a-783e2fb3606c,Semicolons.md,"['Semicolons', 'Use a bullet or numbered list instead of semicolons in a complex sentence']",80,105,295,#semicolons/use-a-bullet-or-numbered-list-instead-of-semicolons-in-a-complex-sentence,,"## Use a bullet or numbered list instead of semicolons in a complex sentence
Complex lists in sentences can be hard to read. If you can’t use a bullet or numbered list, separate list items with:
- commas if the list is simple, such as a list of single words  
- semicolons if the list is complex, such as a list of items that already contain commas or conjunctions.
In complex lists, you need semicolons to show what goes with what.
It is almost always better to break a complex list into a bullet or numbered list to make it easier to read.
**Example**
> The successful applicant will demonstrate integrity, persistence and confidence.  
> [No semicolon is needed, as each item is a single word or phrase with no other punctuation.]
> The successful applicant will demonstrate integrity, persistence and confidence; experience in projects of this type; and a sound understanding of interdepartmental relationships.  
> [Semicolons are needed, as some list items have a comma in them.]
> The project will go ahead in Tasmania, Queensland and Victoria.  
> [No semicolon is needed, as each item is a single word.]
> The project will go ahead in Rose Bay, Tasmania; West End, Queensland; and Fitzroy North, Victoria.  
> [Semicolons are needed, as some list items have a comma in them.]
---",Style Guide Content/Semicolons.md,2906,4194,
92144346-a115-4aa4-a4bf-b56c66221679,Semicolons.md,"['Semicolons', 'Release notes']",106,113,65,#semicolons/release-notes,,"## Release notes
The digital edition is consistent with the sixth edition in its advice on semicolons. A minor change is that it promotes use of other punctuation marks instead.
The *Content Guide* recommended avoiding semicolons. Sources cited as evidence support the uses explained in the digital edition.
---",Style Guide Content/Semicolons.md,4196,4507,
ac9af334-e851-44ab-8c51-8ada2c3393d9,Semicolons.md,"['Semicolons', 'About this page']",114,135,246,#semicolons/about-this-page,,"## About this page
**Evidence**
- Australian Broadcasting Corporation (2020) ‘Punctuation: semicolon’, *The ABC style guide*, ABC website, accessed 21 January 2020.  
- American Psychological Association (2020) ‘6.4 Semicolon’, *Publication manual of the American Psychological Association*, 7th edn, American Psychological Association, Washington DC.  
- Murphy EM with Cadman H (2014) ‘7.4: semicolon’, *Effective writing: plain English at work*, 2nd edn, Lacuna, Westgate.  
- Oxford University Press (2016) ‘4.4 Semicolon’, *New Oxford style manual*, Oxford University Press, Oxford.  
- University of Chicago (2017) ‘6.56 Use of the semicolon’, *Chicago manual of style*, 17th edn, University of Chicago Press, Chicago.
**References**
- Dixon JC and Bolitho B (2005–2019) *Course notes and exercises: editing and proofreading for the workplace*, Centre for Continuing Education, Australian National University, Canberra.  
- Seely J (2001) *Oxford everyday grammar*, Oxford University Press, Oxford.  
- Stilman S (2004) *Grammatically correct*, Writer’s Digest Books, Ohio.  
- Strunk W and White EB (2000) *The elements of style*, 4th edn, Longman, New York.  
- Truss L (2003) *Eats, shoots and leaves: the zero-tolerance approach to punctuation*, Profile Books, London, 2003.
---
**Last updated**  
Tuesday 19 October 2021",Style Guide Content/Semicolons.md,4509,5840,
3b92f06b-d141-4b05-8bfb-bf895967ef8d,Sentences.md,['Sentences'],1,6,24,#sentences,,"# Sentences
Clear sentences in active voice improve readability. Keep sentences short to help people scan content.
---",Style Guide Content/Sentences.md,0,118,
1b403e24-3803-4254-ae0c-1d4532a02ca5,Sentences.md,"['Sentences', 'Guidance']",7,17,41,#sentences/guidance,,"## Guidance
- Write plain language sentences  
- Use active voice  
- Construct positive, unambiguous sentences  
- Eliminate unnecessary words  
- Vary sentence structure  
- Build simple phrases and clauses
---",Style Guide Content/Sentences.md,120,332,
865d203c-86b8-4b12-910d-3dcc483b2d71,Sentences.md,"['Sentences', 'Write plain language sentences']",18,40,254,#sentences/write-plain-language-sentences,,"## Write plain language sentences
Standard English sentences are built on subject–verb–object order. This structure forms the basis of plain language writing.
Keep sentences to an average of 15 words and no more than 25 words, especially for digital content. Too many words, phrases and clauses affect people’s ability to scan sentences.
Sometimes it’s hard to avoid longer sentences – for example, if you have to include a long department name. Sentences over 25 words can usually be broken up using different techniques, like using lists.
### Accessibility requirements
**User need:**
> I can read and understand text, even if the content includes unusual words and shortened forms, and features languages other than English.
**Fundamentals:**
- Write in plain language. This helps all users and is essential for some.  
- Avoid (or explain) unusual words, phrases, idioms and so on. Expand all acronyms on their first use.  
- Avoid using double negatives.
**Web Content Accessibility Guidelines success criterion:**
> 3.1.5 Reading level – level AAA. Level AAA requires a lower secondary education reading level, after removal of proper names and titles (year 7 or between 12 and 14 years old).
---",Style Guide Content/Sentences.md,334,1536,
8af2d3b7-2328-4a95-b35b-9e474f4b80ef,Sentences.md,"['Sentences', 'Use active voice']",41,59,177,#sentences/use-active-voice,,"## Use active voice
Use active rather than passive voice. Active voice helps users understand who is doing what. It can also help people know exactly what their responsibility is.
**Example**
> Eligible students can access the subsidy by completing the application. **[Active voice]**  
> The subsidy can be accessed by completing the application. **[Passive voice]**
The difference is clearest with action verbs:
- **Active voice:** the grammatical subject is performing the action in a sentence.  
- **Passive voice:** the grammatical subject is undergoing the action.
**Example**
> Active voice: The student filed the application. [‘The student’ is the grammatical subject, who did the filing. ‘The application’ is the object.]  
> Passive voice: The application was filed by the student. [‘The application’ is the grammatical subject, but did not do the filing.]
---",Style Guide Content/Sentences.md,1538,2408,
89ee3234-710b-492c-923e-5433908408a4,Sentences.md,"['Sentences', 'Construct positive, unambiguous sentences']",60,89,177,#sentences/construct-positive-unambiguous-sentences,,"## Construct positive, unambiguous sentences
Words, phrases and sentences can have more than one meaning. Write exactly what you mean and construct your sentences so there is no ambiguity.
**Like this**
> The graduate with a broken leg sat at the desk. [The graduate has a broken leg.]
**Not this**
> The graduate sat at the desk with a broken leg. [Either the graduate or the desk could have a broken leg.]
Write sentences so they are positive rather than negative.
**Like this**
> Include these documents when you apply.
**Not this**
> You can’t submit your application if you don’t include these documents.
### Avoid double negatives
Double negatives can lead to misunderstandings, so avoid them.
**Write this**
> It was acceptable …
**Not this**
> It was not unacceptable …
---",Style Guide Content/Sentences.md,2410,3191,
82646474-7d6d-442a-9786-f18ab185295a,Sentences.md,"['Sentences', 'Eliminate unnecessary words']",90,128,386,#sentences/eliminate-unnecessary-words,,"## Eliminate unnecessary words
Make each word work for its place in the sentence. Sentence structure is clearer if each word plays a necessary role. Clear sentences improve readability.
It helps to test the combination to know which words are necessary.
- Keep the words that play a critical function in the sentence.  
- Remove all the words except the subject, verb and object (if applicable).  
- Check if the sentence is grammatically correct when you remove the other words.  
- Build the sentence back together, leaving out any words that aren’t absolutely necessary. Adverbs and adjectives are usually good candidates to leave out.
**Write this**
> We provide statistics for trade reports. Contact us with trade data requests and we’ll respond within 2 business days.  
> [19 words – concise and relevant.]
**Not this**
> Our team will happily provide you with any statistics you might be seeking for the purpose of producing better and more factually accurate trade reports. Let us know if you’re seeking specific trade data and we’ll seek to provide it to you as soon as we can, usually within 2 business days.  
> [52 words – contains unnecessary adverbs, adjectives and irrelevant information.]
### Be precise
Avoid unnecessary words. Keep the words needed to make meaning clear.
**Like this**
> Call us if you have any questions.
**Not this**
> If you were unsure about any of the information or needed more details, you are welcome to telephone our office to acquire what you needed.
Avoid using ‘there is’ and ‘there are’ when they only add extra words.
**Write this**
> If anything doesn’t fit within this framework ...
**Not this**
> If there is anything that doesn’t fit within this framework ...
---",Style Guide Content/Sentences.md,3193,4910,
7741ba9f-38e8-4400-8e62-d43a4659ae72,Sentences.md,"['Sentences', 'Vary sentence structure']",129,149,134,#sentences/vary-sentence-structure,,"## Vary sentence structure
Vary your sentence structure to suit the content.
Sentence structures can be simple, compound or complex.
- **Simple:** easier to scan, fewer parts to take in.  
- **Compound/complex:** add variety and flow but must still be easy to scan.
Complex structures take more effort to read, even if punctuated properly.
**Like this**
> You can delete your application within an hour of applying.  
> [‘Within an hour of applying’ modifies the main clause.]
**Not this**
> You can, within an hour of applying, delete your application.  
> [Modifier inserted into the main clause – slows reading.]
---",Style Guide Content/Sentences.md,4912,5531,
9943c4f4-f04c-4c45-8578-db81907e732c,Sentences.md,"['Sentences', 'Build simple phrases and clauses']",150,217,412,#sentences/build-simple-phrases-and-clauses,,"## Build simple phrases and clauses
Sentences consist of phrases and clauses. Each group of words carries out a different function.
**Example of layering**
> The plane arrived.  
> The plane arrived in Darwin.  
> The plane arrived in Darwin carrying freight.  
> The plane arrived in Darwin carrying freight that needs inspection.  
> The plane arrived in Darwin carrying freight that needs inspection for dangerous goods.  
> The plane arrived in Darwin carrying freight that – before being unloaded – needs inspection for dangerous goods.
Some bureaucratic constructions add words but not meaning. Instead of turning verbs into nouns, use the verb form.
**Like this**
> Please apply. [‘Apply’ is the verb.]
**Not this**
> Please make an application. [‘Application’ is the noun form.]
---
### Use fewer than 3 adjectives or nouns at a time
Break up long strings of adjectives or noun trains.
**Write this**
> The goal is to analyse how we can reallocate human resources. The analysis will inform our business plan.
**Not this**
> The human resource reallocation analysis will inform our business plan.
---
### Avoid using ‘if’ and ‘unless’ together
**Like this**
> From 1 October, your partner can sign forms on your behalf.
**Not this**
> If your partner signed the form on your behalf, we can accept it unless they signed it before 1 October.
---
### Use ‘other than’ carefully
**Write this**
> A person who is younger than 60, other than a teacher ...
**Not this**
> A person other than a teacher who is younger than 60 ...
---
### Avoid ‘such ... as’ and ‘being’
**Like this**
> Take appropriate steps.
**Not this**
> Take such steps as are appropriate.
Use ‘and’ instead of ‘being’ or ‘not being’.
**Write this**
> A person who is 70 or over and has a driving licence ...
**Not this**",Style Guide Content/Sentences.md,5533,7324,
191b268d-00a5-4264-8138-00985520f38d,Sentences.md,"['Sentences', 'Build simple phrases and clauses', 'Avoid ‘such ... as’ and ‘being’']",218,221,24,#sentences/build-simple-phrases-and-clauses,,"> A person who is 70 or over, being a person who has a driving licence ...

---",Style Guide Content/Sentences.md,0,5,
6c093bf6-56d4-427b-a965-d7f7dcca9f88,Sentences.md,"['Sentences', 'Release notes']",222,236,145,#sentences/release-notes,,"## Release notes
The digital edition has practical guidance on plain language:
- Discusses plain language sentences and relates grammatical concepts to plain language principles.  
- Consolidates sixth edition info and highlights clause basics.  
- Breaks grammar topics into subject areas like ‘phrases’ and ‘types of words’.  
- Provides an overview on types of words to introduce grammatical concepts about parts of speech and their relationship to sentence structure.
The sixth edition:
- Called types of words ‘word classes’.  
- Included summary info about parts of speech (pages 68–70 in Chapter 5 on grammar).  
- Referred to ‘plain English’ only.
The *Content Guide* did not have in-depth grammatical information.",Style Guide Content/Sentences.md,7326,8048,
f4fb1341-7e34-43bd-9c34-c412879931ad,"Ships, aircraft and other vehicle.md","['Ships, aircraft and other vehicles']",1,6,41,#ships-aircraft-and-other-vehicles,,"# Ships, aircraft and other vehicles
Names of ships, aircraft and other vehicles follow a set style. Using the correct style helps people identify the names of vehicles in text.
---","Style Guide Content/Ships, aircraft and other vehicle.md",0,181,
254fd2a3-cef0-447f-ad01-82137fa14ffb,"Ships, aircraft and other vehicle.md","['Ships, aircraft and other vehicles', 'Guidance']",7,14,37,#ships-aircraft-and-other-vehicles/guidance,,"## Guidance
- **Italicise specific names and use capitals**
- **Don’t write brands or types of vehicles in italics**
- **Refer to vehicles with the pronoun ‘it’**
---","Style Guide Content/Ships, aircraft and other vehicle.md",183,349,
1b4cd863-1506-4968-a029-b3119f18d016,"Ships, aircraft and other vehicle.md","['Ships, aircraft and other vehicles', 'Italicise specific names and use capitals']",15,37,146,#ships-aircraft-and-other-vehicles/italicise-specific-names-and-use-capitals,,"## Italicise specific names and use capitals
Write the names of individual ships, aircraft and other vehicles:
- in *italics*
- with initial capitals.
This makes the name of the ship, aircraft or other vehicle clear. The name contrasts with the rest of the sentence.
Don't use the definite article for navy ships.
**Example**
> *HMAS Canberra* is the Royal Australian Navy’s flagship.  
> Australian–American astronaut Andy Thomas flew his first flight in space aboard the *Endeavour*.  
> *The Indian Pacific* travels 4,532 kilometres from Perth to Sydney.
### Accessibility requirements
Screen readers don’t pronounce italics. Use the semantic tag `<em>` to provide emphasis for italicised names in HTML.
---","Style Guide Content/Ships, aircraft and other vehicle.md",351,1061,
9bdc1d86-dd30-41b5-8d50-b8e76c261f7a,"Ships, aircraft and other vehicle.md","['Ships, aircraft and other vehicles', 'Names in citations']",38,51,150,#ships-aircraft-and-other-vehicles/names-in-citations,,"## Names in citations
Separate the names of vehicles from titles in citations and reference lists. Separate them according to the type of publication:
- If the title is in *italics* (such as in book and website titles), use roman type for the name of the vehicle.
- If the title is in roman type (such as a journal article), use *italics* for the name of the vehicle.
**Example**
> Mair C (2013) *The lucky ship: the nine lives of the Australian coaster Tambar 1912–1960*, Nautical Association of Australia, Australia.  
> McMaugh D (21 March 2020) ‘Albatross breaks bread with women in need of a hand’, *Navy Daily*, accessed 24 March 2020.
---","Style Guide Content/Ships, aircraft and other vehicle.md",1063,1708,
2654087f-79d3-425a-beb6-d287020e9c3a,"Ships, aircraft and other vehicle.md","['Ships, aircraft and other vehicles', 'Don’t write brands or types of vehicles in italics']",52,91,327,#ships-aircraft-and-other-vehicles/dont-write-brands-or-types-of-vehicles-in-italics,,"## Don’t write brands or types of vehicles in italics
Begin the names of the brands, models and classes of vehicles with an initial capital letter but don’t use italics.
**Example**
> She was driving a Toyota Corolla.  
> A Boeing 737 brought the Australians home.  
> They travelled in a Commodore for the last part of the journey.
Don’t italicise or capitalise types of ships, aircraft or other vehicles. Use an initial capital for a generic name only if it starts a sentence.
**Example**
> During the Second World War, flying boats were deployed to strike remote enemy targets to Australia’s north.  
> The Waco 10 was an open-cockpit biplane introduced in 1927.  
> Mail trains stop at every town, adding hours to the trip.
Don’t italicise the definite article (the word ‘the’) before the vehicle’s name unless it is part of the name.
**Example**
> *The Ghan* takes 54 hours to travel from Adelaide to Darwin. [The definite article is part of the train’s name.]  
> The *Dreamtime* was on the shortlist for the name of Qantas’s new fleet of Boeing 787 Dreamliners. [The definite article is not part of the ship's name.]
Don’t put the abbreviated parts of a ship’s name in italics.
**Example**
> HMAS *Arunta*, HMAS *Sydney*  
> The PS *Albury* travelled the Murray River in the mid-1800s.
Don’t use italics for the ship’s class name.
**Example**
> HMAS *Anzac* (III) is the lead ship of eight Anzac Class frigates.
---","Style Guide Content/Ships, aircraft and other vehicle.md",1710,3132,
c1646f20-c458-4d33-8cca-56cf52eaeae0,"Ships, aircraft and other vehicle.md","['Ships, aircraft and other vehicles', 'Refer to vehicles with the pronoun ‘it’']",92,101,70,#ships-aircraft-and-other-vehicles/refer-to-vehicles-with-the-pronoun-it,,"## Refer to vehicles with the pronoun ‘it’
Use the pronoun ‘it’ for ships, aircraft and other vehicles. Do not write ‘she’ when referring to vehicles in government content. Use pronouns that reflect gender-neutral language.
**Example**
> Brisbane was the first stop for the replica *Endeavour* on its maiden circumnavigation of Australia.
---","Style Guide Content/Ships, aircraft and other vehicle.md",3134,3476,
557424f6-94e5-45df-91fa-b0d8452ce981,"Ships, aircraft and other vehicle.md","['Ships, aircraft and other vehicles', 'Release notes']",102,106,61,#ships-aircraft-and-other-vehicles/release-notes,,"## Release notes
The digital edition expands on advice from the sixth edition about ships, aircraft and other vehicles. It adds explicit advice about using gender-neutral language to refer to ships. It includes guidance on referring to spacecraft.
The Content Guide did not cover this topic.","Style Guide Content/Ships, aircraft and other vehicle.md",3478,3769,
b33323fe-8a9f-4b63-88bb-760f7faa0de2,SiteMap.md,['Home'],1,2,3,#home,,# Home,Style Guide Content/SiteMap.md,0,6,
f0963121-4c6c-4881-b14b-91438efa60a1,SiteMap.md,['about-style-manual'],3,3,3,#about-style-manual,,# about-style-manual,Style Guide Content/SiteMap.md,8,28,
bf4da3de-da0c-4eeb-902d-70abf10411cb,SiteMap.md,"['about-style-manual', 'foreword-hon-patrick-gorman-mp']",4,4,3,#about-style-manual/foreword-hon-patrick-gorman-mp,,## foreword-hon-patrick-gorman-mp,Style Guide Content/SiteMap.md,30,63,
4b4baca7-9486-4fa1-a978-fd7bdf8fb55b,SiteMap.md,"['about-style-manual', 'how-use-style-manual']",5,6,5,#about-style-manual/how-use-style-manual,,"## how-use-style-manual
### video-transcript",Style Guide Content/SiteMap.md,65,109,
3f1c326b-e53d-4a3c-b5f5-ff63f906ef8e,SiteMap.md,"['about-style-manual', 'how-cite-style-manual']",7,7,3,#about-style-manual/how-cite-style-manual,,## how-cite-style-manual,Style Guide Content/SiteMap.md,111,135,
86a9475d-878f-4590-a1e5-7ea9e38f5399,SiteMap.md,"['about-style-manual', 'government-writing-handbook']",8,41,90,#about-style-manual/government-writing-handbook,,"## government-writing-handbook
### front-matter
#### foreword-hon-patrick-gorman-mp
#### introduction
#### acknowledgements
#### note-terminology
#### how-cite-publication
### section-1-write-your-readers
#### understand-who-you-are-writing-and-why
#### relate-your-readers
#### tell-readers-what-they-need-know
#### tell-story-and-follow-flow
#### make-argument
#### mechanics-writing
### section-2-write-so-your-meaning-clear
#### be-clear-being-grammatical
#### keep-it-simple-plain-language
#### use-structure-make-it-readable-bullet-lists
#### make-it-accessible-and-inclusive
### editors-tips
#### active-and-passive-voice
#### always-use-australian-dictionary
#### headings
#### its-and-its
#### numbers-choosing-numerals-or-words
#### paragraphs-structure-and-narratives-flow
#### parallel-structure-lists
#### positive-sentences
#### punctuation-and-quotation-marks
#### sentence-length
#### word-order
#### you-and-me-or-you-and-i
### afterword
### accessible-pdf",Style Guide Content/SiteMap.md,137,1110,
151f1cfd-88a8-4dfb-a697-76007c636c8f,SiteMap.md,"['about-style-manual', 'training-and-professional-development']",42,42,3,#about-style-manual/training-and-professional-development,,## training-and-professional-development,Style Guide Content/SiteMap.md,1112,1152,
15014050-5eb6-4a52-9781-b9724a0f08ce,SiteMap.md,"['about-style-manual', 'blog']",43,43,3,#about-style-manual/blog,,## blog,Style Guide Content/SiteMap.md,1154,1161,
14cb1d77-ec39-4137-9082-df9c7b65d76a,SiteMap.md,"['about-style-manual', 'changelog']",44,44,3,#about-style-manual/changelog,,## changelog,Style Guide Content/SiteMap.md,1163,1175,
ba634eae-8596-4ca9-8e50-35f3112f9ad6,SiteMap.md,"['about-style-manual', 'acknowledgements']",45,45,3,#about-style-manual/acknowledgements,,## acknowledgements,Style Guide Content/SiteMap.md,1177,1196,
10962e70-675d-44f5-aec2-3d8d3cf4dc32,SiteMap.md,"['about-style-manual', 'accessibility-statement-style-manual']",46,46,3,#about-style-manual/accessibility-statement-style-manual,,## accessibility-statement-style-manual,Style Guide Content/SiteMap.md,1198,1237,
3ca42bcb-d8da-4a6c-a9f2-173ba56b32a7,SiteMap.md,"['about-style-manual', 'disclaimer-and-copyright']",47,48,3,#about-style-manual/disclaimer-and-copyright,,## disclaimer-and-copyright,Style Guide Content/SiteMap.md,1239,1266,
f22cd614-0cb6-4ae8-9b4a-13a36524c05e,SiteMap.md,['accessible-and-inclusive-content'],49,49,3,#accessible-and-inclusive-content,,# accessible-and-inclusive-content,Style Guide Content/SiteMap.md,1268,1302,
b2b77010-4c3a-49a5-bfe3-fe5296b18497,SiteMap.md,"['accessible-and-inclusive-content', 'make-content-accessible']",50,50,3,#accessible-and-inclusive-content/make-content-accessible,,## make-content-accessible,Style Guide Content/SiteMap.md,1304,1330,
7e4aa9a8-d4ed-4940-a0e2-026d3ec5e168,SiteMap.md,"['accessible-and-inclusive-content', 'agency-responsibilities-and-commitments']",51,51,3,#accessible-and-inclusive-content/agency-responsibilities-and-commitments,,## agency-responsibilities-and-commitments,Style Guide Content/SiteMap.md,1332,1374,
e79bf425-20db-458e-ba12-7d6947fd21ee,SiteMap.md,"['accessible-and-inclusive-content', 'apply-accessibility-principles']",52,52,3,#accessible-and-inclusive-content/apply-accessibility-principles,,## apply-accessibility-principles,Style Guide Content/SiteMap.md,1376,1409,
aa64a98c-cffa-4745-a664-9e5bd35dd26c,SiteMap.md,"['accessible-and-inclusive-content', 'design-accessibility-and-inclusion']",53,53,3,#accessible-and-inclusive-content/design-accessibility-and-inclusion,,## design-accessibility-and-inclusion,Style Guide Content/SiteMap.md,1411,1448,
47e504be-8f0d-4c3d-8df0-5637b0c368b8,SiteMap.md,"['accessible-and-inclusive-content', 'literacy-and-access']",54,54,3,#accessible-and-inclusive-content/literacy-and-access,,## literacy-and-access,Style Guide Content/SiteMap.md,1450,1472,
83e3bc31-b7ef-42d6-bda3-506eddddc484,SiteMap.md,"['accessible-and-inclusive-content', 'how-people-read']",55,55,3,#accessible-and-inclusive-content/how-people-read,,## how-people-read,Style Guide Content/SiteMap.md,1474,1492,
f09a4860-2561-4765-9279-abd375ba16d3,SiteMap.md,"['accessible-and-inclusive-content', 'inclusive-language']",56,62,16,#accessible-and-inclusive-content/inclusive-language,,"## inclusive-language
### aboriginal-and-torres-strait-islander-peoples
### age-diversity
### cultural-and-linguistic-diversity
### gender-and-sexual-diversity
### people-disability",Style Guide Content/SiteMap.md,1494,1675,
ba06236e-f066-46d0-bc3c-7a2a04f9c281,SiteMap.md,['writing-and-designing-content'],63,63,3,#writing-and-designing-content,,# writing-and-designing-content,Style Guide Content/SiteMap.md,1677,1708,
89670f9b-5012-4225-8796-5af82193d072,SiteMap.md,"['writing-and-designing-content', 'user-research-and-content']",64,64,3,#writing-and-designing-content/user-research-and-content,,## user-research-and-content,Style Guide Content/SiteMap.md,1710,1738,
f4dc0b0d-15d1-4743-ba17-2c47cd2e9a8f,SiteMap.md,"['writing-and-designing-content', 'clear-language-and-writing-style']",65,68,11,#writing-and-designing-content/clear-language-and-writing-style,,"## clear-language-and-writing-style
### plain-language-and-word-choice
### sentences
### voice-and-tone",Style Guide Content/SiteMap.md,1740,1843,
0a2a99ba-0bbb-43dc-8be9-e26cc5192521,SiteMap.md,"['writing-and-designing-content', 'findable-content']",69,73,13,#writing-and-designing-content/findable-content,,"## findable-content
### how-people-find-information
### understanding-search-engines
### keywords-and-search-engines
### page-optimisation",Style Guide Content/SiteMap.md,1845,1983,
f1142262-8cf6-44e6-8e86-d40ee2b74fdc,SiteMap.md,"['writing-and-designing-content', 'editing-and-proofreading']",74,74,3,#writing-and-designing-content/editing-and-proofreading,,## editing-and-proofreading,Style Guide Content/SiteMap.md,1985,2012,
e8938ad8-66f9-4621-96fc-9cea9bbb4283,SiteMap.md,"['writing-and-designing-content', 'security']",75,76,3,#writing-and-designing-content/security,,## security,Style Guide Content/SiteMap.md,2014,2025,
6d7bdc82-3653-4b29-bec8-8f52c97874dd,SiteMap.md,['grammar-punctuation-and-conventions'],77,77,3,#grammar-punctuation-and-conventions,,# grammar-punctuation-and-conventions,Style Guide Content/SiteMap.md,2027,2064,
c6783e61-2718-4c9c-a1b3-7b470f144717,SiteMap.md,"['grammar-punctuation-and-conventions', 'abbreviations-and-acronyms']",78,78,3,#grammar-punctuation-and-conventions/abbreviations-and-acronyms,,## abbreviations-and-acronyms,Style Guide Content/SiteMap.md,2066,2095,
988baa59-9ea1-415c-9534-10db50ab59e9,SiteMap.md,"['grammar-punctuation-and-conventions', 'capitalisation']",79,79,3,#grammar-punctuation-and-conventions/capitalisation,,## capitalisation,Style Guide Content/SiteMap.md,2097,2114,
844ae4b6-b6df-418c-abb9-86dcad7f01da,SiteMap.md,"['grammar-punctuation-and-conventions', 'compound-words']",80,80,3,#grammar-punctuation-and-conventions/compound-words,,## compound-words,Style Guide Content/SiteMap.md,2116,2133,
efa7d799-f029-4048-8132-65dccaf08f9c,SiteMap.md,"['grammar-punctuation-and-conventions', 'contractions']",81,81,3,#grammar-punctuation-and-conventions/contractions,,## contractions,Style Guide Content/SiteMap.md,2135,2150,
f6a56797-fcfc-41fd-8679-ca09efaaedc6,SiteMap.md,"['grammar-punctuation-and-conventions', 'dates']",82,82,3,#grammar-punctuation-and-conventions/dates,,## dates,Style Guide Content/SiteMap.md,2152,2160,
a4113262-43d3-457d-b396-c2237691326c,SiteMap.md,"['grammar-punctuation-and-conventions', 'dashes-and-hyphens']",83,83,3,#grammar-punctuation-and-conventions/dashes-and-hyphens,,## dashes-and-hyphens,Style Guide Content/SiteMap.md,2162,2183,
90ee8ac1-3e4a-4e40-a085-8698ebfcd297,SiteMap.md,"['grammar-punctuation-and-conventions', 'ellipses']",84,84,3,#grammar-punctuation-and-conventions/ellipses,,## ellipses,Style Guide Content/SiteMap.md,2185,2196,
71471553-750c-4993-a9d7-9b84b4ec9472,SiteMap.md,"['grammar-punctuation-and-conventions', 'italics']",85,85,3,#grammar-punctuation-and-conventions/italics,,## italics,Style Guide Content/SiteMap.md,2198,2208,
db9a4b55-4b69-49c2-b8f7-fc938c395e65,SiteMap.md,"['grammar-punctuation-and-conventions', 'lists']",86,86,3,#grammar-punctuation-and-conventions/lists,,## lists,Style Guide Content/SiteMap.md,2210,2218,
0b599dd3-779c-4180-8dda-e1161f278cfb,SiteMap.md,"['grammar-punctuation-and-conventions', 'numbers']",87,87,3,#grammar-punctuation-and-conventions/numbers,,## numbers,Style Guide Content/SiteMap.md,2220,2230,
994f8329-eb0e-43d4-974e-b32b1e992e4b,SiteMap.md,"['grammar-punctuation-and-conventions', 'plurals']",88,88,3,#grammar-punctuation-and-conventions/plurals,,## plurals,Style Guide Content/SiteMap.md,2232,2242,
d3b33696-6963-4523-a651-073e8c06b30d,SiteMap.md,"['grammar-punctuation-and-conventions', 'punctuation']",89,89,3,#grammar-punctuation-and-conventions/punctuation,,## punctuation,Style Guide Content/SiteMap.md,2244,2258,
cc5e5932-9b0a-4c6b-850d-403ad9105235,SiteMap.md,"['grammar-punctuation-and-conventions', 'quotation-marks']",90,90,3,#grammar-punctuation-and-conventions/quotation-marks,,## quotation-marks,Style Guide Content/SiteMap.md,2260,2278,
b384405e-4b3f-4d07-85f3-f1e3222a189c,SiteMap.md,"['grammar-punctuation-and-conventions', 'spacing']",91,91,3,#grammar-punctuation-and-conventions/spacing,,## spacing,Style Guide Content/SiteMap.md,2280,2290,
55fc0a19-1a02-4ee2-8efb-caaa77261422,SiteMap.md,"['grammar-punctuation-and-conventions', 'spelling']",92,92,3,#grammar-punctuation-and-conventions/spelling,,## spelling,Style Guide Content/SiteMap.md,2292,2303,
e8426828-85a7-40b9-90f9-9eb4e39df4b7,SiteMap.md,"['grammar-punctuation-and-conventions', 'time']",93,93,3,#grammar-punctuation-and-conventions/time,,## time,Style Guide Content/SiteMap.md,2305,2312,
1c1b59ab-14fb-4e50-9a49-5a911b617444,SiteMap.md,"['grammar-punctuation-and-conventions', 'verbs']",94,94,3,#grammar-punctuation-and-conventions/verbs,,## verbs,Style Guide Content/SiteMap.md,2314,2322,
17101b1d-8413-44ea-b87d-cf328f02b15f,SiteMap.md,"['grammar-punctuation-and-conventions', 'pronouns']",95,96,3,#grammar-punctuation-and-conventions/pronouns,,## pronouns,Style Guide Content/SiteMap.md,2324,2335,
03d2d0e5-a84a-4a09-9160-6d1b930ddb48,SiteMap.md,['content-types'],97,97,3,#content-types,,# content-types,Style Guide Content/SiteMap.md,2337,2352,
28c795b0-5a92-4a61-9f59-072f118edbfb,SiteMap.md,"['content-types', 'annual-reports']",98,98,3,#content-types/annual-reports,,## annual-reports,Style Guide Content/SiteMap.md,2354,2371,
aedb89d7-b8bd-42dd-b667-1e8bd48627f4,SiteMap.md,"['content-types', 'blogs']",99,99,3,#content-types/blogs,,## blogs,Style Guide Content/SiteMap.md,2373,2381,
fa3678ad-537a-4cad-90bd-19710e2f7c36,SiteMap.md,"['content-types', 'business-and-corporate-documents']",100,100,3,#content-types/business-and-corporate-documents,,## business-and-corporate-documents,Style Guide Content/SiteMap.md,2383,2418,
7714eabe-9b3e-4775-9adc-ba5e591fa0d9,SiteMap.md,"['content-types', 'correspondence']",101,101,3,#content-types/correspondence,,## correspondence,Style Guide Content/SiteMap.md,2420,2437,
6543fbe6-1800-496c-9402-870bca1d0f64,SiteMap.md,"['content-types', 'forms']",102,102,3,#content-types/forms,,## forms,Style Guide Content/SiteMap.md,2439,2447,
c7a819db-b58e-4c42-aa22-50bdaf7b3e91,SiteMap.md,"['content-types', 'legal-material']",103,103,3,#content-types/legal-material,,## legal-material,Style Guide Content/SiteMap.md,2449,2466,
5e6314c6-be30-47bb-9068-73576841ca74,SiteMap.md,"['content-types', 'maps-and-diagrams']",104,104,3,#content-types/maps-and-diagrams,,## maps-and-diagrams,Style Guide Content/SiteMap.md,2468,2488,
82f1f160-377d-4a16-a71f-83c207d99410,SiteMap.md,"['content-types', 'media-releases']",105,105,3,#content-types/media-releases,,## media-releases,Style Guide Content/SiteMap.md,2490,2507,
0aab73e0-bddb-48cc-95f0-2a43ac109a82,SiteMap.md,"['content-types', 'minutes-and-agendas']",106,106,3,#content-types/minutes-and-agendas,,## minutes-and-agendas,Style Guide Content/SiteMap.md,2509,2531,
f312e572-4363-40d7-9854-b47e557d3f00,SiteMap.md,"['content-types', 'speeches']",107,107,3,#content-types/speeches,,## speeches,Style Guide Content/SiteMap.md,2533,2544,
de0b1fc9-d0cf-4608-9d0d-24a6edc3e70f,SiteMap.md,"['content-types', 'tables']",108,109,3,#content-types/tables,,## tables,Style Guide Content/SiteMap.md,2546,2555,
4aec7f2e-b091-4125-85b9-dd78169b7691,SiteMap.md,['structuring-content'],110,110,3,#structuring-content,,# structuring-content,Style Guide Content/SiteMap.md,2557,2578,
af93d42d-9c0f-458b-8b4d-c1bbcab290aa,SiteMap.md,"['structuring-content', 'content-structure']",111,111,3,#structuring-content/content-structure,,## content-structure,Style Guide Content/SiteMap.md,2580,2600,
6d76ba63-fc96-4966-b38b-00671e2efbe0,SiteMap.md,"['structuring-content', 'headings']",112,112,3,#structuring-content/headings,,## headings,Style Guide Content/SiteMap.md,2602,2613,
8485aad9-a87b-481a-904c-bd40fe906d4e,SiteMap.md,"['structuring-content', 'links']",113,113,3,#structuring-content/links,,## links,Style Guide Content/SiteMap.md,2615,2623,
7ef44112-ba57-405e-a39d-18af0ca754fc,SiteMap.md,"['structuring-content', 'lists']",114,114,3,#structuring-content/lists,,## lists,Style Guide Content/SiteMap.md,2625,2633,
317e9edd-e346-4266-bf67-40ea71459013,SiteMap.md,"['structuring-content', 'paragraphs']",115,115,3,#structuring-content/paragraphs,,## paragraphs,Style Guide Content/SiteMap.md,2635,2648,
0dff6e23-4718-45e8-9512-310d6dd5a8a3,SiteMap.md,"['structuring-content', 'tables']",116,116,3,#structuring-content/tables,,## tables,Style Guide Content/SiteMap.md,2650,2659,
a0ced700-e150-49e7-9ffb-fea8ecdcd0f7,SiteMap.md,"['structuring-content', 'text-boxes-and-callouts']",117,117,3,#structuring-content/text-boxes-and-callouts,,## text-boxes-and-callouts,Style Guide Content/SiteMap.md,2661,2687,
34b37656-22d7-488f-b862-aa7590111998,SiteMap.md,"['structuring-content', 'types-structure']",118,119,3,#structuring-content/types-structure,,## types-structure,Style Guide Content/SiteMap.md,2689,2707,
4af229ff-dbb7-4e1c-a128-f426d4b4880b,SiteMap.md,['referencing-and-attribution'],120,120,3,#referencing-and-attribution,,# referencing-and-attribution,Style Guide Content/SiteMap.md,2709,2738,
a4875d8b-64a5-498a-9b9b-5a187632b0c1,SiteMap.md,"['referencing-and-attribution', 'acts-parliament']",121,121,3,#referencing-and-attribution/acts-parliament,,## acts-parliament,Style Guide Content/SiteMap.md,2740,2758,
e30a7ede-9da3-411f-bd26-55ca2f00e83b,SiteMap.md,"['referencing-and-attribution', 'authoritative-reports']",122,122,3,#referencing-and-attribution/authoritative-reports,,## authoritative-reports,Style Guide Content/SiteMap.md,2760,2784,
984fdf7e-501c-43bb-8f47-79e5c29d40c7,SiteMap.md,"['referencing-and-attribution', 'bills-and-explanatory-material']",123,123,3,#referencing-and-attribution/bills-and-explanatory-material,,## bills-and-explanatory-material,Style Guide Content/SiteMap.md,2786,2819,
7a08b525-aabe-4e82-b8fc-71d2ff45b4fa,SiteMap.md,"['referencing-and-attribution', 'cases-and-legal-authorities']",124,124,3,#referencing-and-attribution/cases-and-legal-authorities,,## cases-and-legal-authorities,Style Guide Content/SiteMap.md,2821,2851,
027174c6-adc6-4c6d-ae48-c153d65d6bd3,SiteMap.md,"['referencing-and-attribution', 'delegated-legislation']",125,125,3,#referencing-and-attribution/delegated-legislation,,## delegated-legislation,Style Guide Content/SiteMap.md,2853,2877,
6f6f7325-722b-4e6e-a0a9-1f732ac5c298,SiteMap.md,"['referencing-and-attribution', 'schedules']",126,126,3,#referencing-and-attribution/schedules,,## schedules,Style Guide Content/SiteMap.md,2879,2891,
f0af6f08-7a32-48ee-ba89-9a9590bb70ff,SiteMap.md,"['referencing-and-attribution', 'treaties']",127,127,3,#referencing-and-attribution/treaties,,## treaties,Style Guide Content/SiteMap.md,2893,2904,
fc3ce862-9183-4888-9bc1-488f945f8895,Spelling.md,['Spelling'],1,6,27,#spelling,,"# Spelling
Spelling errors detract from readability. Follow one dictionary for consistency and use it to check variable spellings.
---",Style Guide Content/Spelling.md,0,134,
0f430638-6066-468b-90e1-cd8c6baf6f18,Spelling.md,"['Spelling', 'Guidance']",7,17,47,#spelling/guidance,,"## Guidance
- Choose one dictionary for consistency  
- Dictionaries describe language usages  
- Follow guidance in this manual  
- Spelling in this manual  
- Release notes  
- Help us improve the Style Manual
---",Style Guide Content/Spelling.md,136,351,
ebf7a75c-1bfb-4bf0-97a3-c196d9453210,Spelling.md,"['Spelling', 'Choose one dictionary for consistency']",18,51,317,#spelling/choose-one-dictionary-for-consistency,,"## Choose one dictionary for consistency
Government organisations should choose one dictionary of Australian English.
This manual recommends either:
- the *Australian concise Oxford dictionary* (ACOD)  
- the *Macquarie dictionary*.
Use your organisation’s preferred dictionary as a spelling reference when you write. Spelling and word usage can change over time. Make sure you use an up-to-date edition that reflects current language usages.
Dictionaries include any variable spellings for words. Always use the first entry in the list. This helps to ensure words are spelt consistently in government content.
Only use an alternative spelling listed for a word if you have evidence it will meet a user need. Record decisions you make about alternative spellings in a style sheet.
The entry for a spelling can expand on changes to the basic form of a word. These changes show things like the plural, past tense, or the root from which a word is formed. These changes are called ‘inflections’ and ‘derivations’.
Dictionaries will also show hyphenation, when to use capital letters and how to write foreign words and phrases.
---
### Specialist dictionaries
General dictionaries won’t meet all needs. Other dictionaries may have helpful features, for example:
- more details on origins of words (etymologies)  
- clearer examples  
- word division for breaking words over lines of text  
- appendices.
Specialist dictionaries are essential for scientific or technical writing. The style sheet for the content should include specialist terms.
---",Style Guide Content/Spelling.md,353,1896,
1be08d5c-82fe-424e-bed3-dc8cf9f5c145,Spelling.md,"['Spelling', 'Dictionaries describe language usages']",52,67,250,#spelling/dictionaries-describe-language-usages,,"## Dictionaries describe language usages
English is a global language. There are many regional varieties of written and spoken English. Dictionary spellings capture standard English words. Dictionaries also capture words and usages particular to varieties of English, including Australian English.
Dictionaries are descriptive not prescriptive. They describe how people actually use and spell English rather than prescribing rules for using English correctly. Dictionaries objectively record language for the people who speak it.
This is why dictionary entries include different meanings for each word and alternative spellings. The important thing is to use the word that matches the meaning you want to convey.
Most words have a single spelling. This can lead people to assume there is always a ‘correct spelling’. But spellings aren’t uniform or consistent around the world. Australian, British and American English share words that have the same meaning, but can be spelt differently.
Australian spellings generally follow British spellings, but there are exceptions. For Australian spellings, always use an Australian English dictionary.
In addition, style guides (like the Style Manual) usually have guidance for their users about how to write specific terms and phrases.
---",Style Guide Content/Spelling.md,1898,3179,
b3285217-ad43-4050-90f4-631a3e229dbc,Spelling.md,"['Spelling', 'Follow guidance in this manual']",68,83,86,#spelling/follow-guidance-in-this-manual,,"## Follow guidance in this manual
The Style Manual has specific guidance about writing certain terms and phrases correctly.
Follow our guidance for:
- names and terms, including Australian place names  
- titles, honours and forms of address  
- numbers and measurements  
- terms that support inclusion  
- common misspellings and word confusion.
There is also guidance related to spelling at punctuation and capitalisation.
---",Style Guide Content/Spelling.md,3181,3610,
11562924-1d9a-4433-a375-5ac18346ce5f,Spelling.md,"['Spelling', 'Spelling in this manual']",84,94,169,#spelling/spelling-in-this-manual,,"## Spelling in this manual
The spelling in this manual follows the sixth edition of the ACOD. This dictionary reflects Australian English usage.
Style Manual also recognises conventions and spellings particular to government content.
The spellings used by Australian Government organisations that follow the *Macquarie dictionary* might differ from those in this manual. This is perfectly acceptable – choose either of our recommended dictionaries (or a specialist dictionary) and follow it consistently.
Always follow our guidance for specific terms and phrases.
Users might notice that the Style Manual departs from some spellings used in the sixth edition. For example, we now write ‘ement’ not ‘ment’ in **acknowledgement**, **lodgement** and **judgement** (but we use **judgment** for legal material). This is consistent with current advice in Australian English dictionaries.",Style Guide Content/Spelling.md,3612,4493,
7be2b4f2-64f3-4b16-b664-5aae77e9f4c2,Tables.md,['Tables'],1,6,33,#tables,,"# Tables
Tables provide a structure for complex and detailed information. Design accessible tables and organise data so it’s easy for users to scan.
---",Style Guide Content/Tables.md,0,152,
3e543de2-5cee-41bf-8dff-e0a5039316f7,Tables.md,"['Tables', 'Guidance']",7,20,113,#tables/guidance,,"## Guidance
- Use tables if they make content easier to read  
- Refer to the table in the text  
- Limit tables to only the information the user needs  
- Place data in a consistent and sequential order  
- Set column and row headings that are clear and accurate  
- Add notes to provide sources or help interpret the data  
- Scan-read table data and text for alignment  
- Use lines and contrast to help readability  
- Provide a summary for complex tables
---",Style Guide Content/Tables.md,154,617,
a910a09e-842f-4f58-9fa4-7c2a5a2a6bb9,Tables.md,"['Tables', 'Use tables if they make content easier to read']",21,68,403,#tables/use-tables-if-they-make-content-easier-to-read,,"## Use tables if they make content easier to read
Use a table only if there isn’t a simpler way to present your content, such as a list, paragraph of text or diagram.
Use tables for exact values and information that is too detailed for the text.
Don’t create a table for only one or 2 items. Report them in the body of the text instead.
Design tables to allow users to:
- scan the information  
- find an exact value  
- compare values in different categories  
- understand how you have categorised the information.
Don’t make tables with other tables inside them (known as ‘nested’ tables).
Some people will look at tables before they read the text. For this reason, design tables so they are self-explanatory. You must still refer to the table in the body of the text. Place the table immediately after the reference to it in the text.
---
### Accessibility requirements
**User needs:**
- I can change the content without losing information or structure.  
- I can find and navigate the content and determine where I am on the webpage.
**Fundamentals:**
Tables can be made accessible for all users. The World Wide Web Consortium has tips for setting up tables.
You must give a table:
- a title (also called a caption)  
- row and column headings  
- information (entries)  
- a cross-reference in the text.
You may also need to add notes below the table to help users understand the information and where it comes from.
Don’t rely on colour as the only visual means of conveying information in tables.
Don’t leave cells empty. Use ‘zero’ or ‘nil’ or 'n/a' where there is no data. If it is numeric data, use the numeric zero (0). Only use zero if that is the true value.
**WCAG quick reference:**",Style Guide Content/Tables.md,619,2317,
36e5795f-03af-4a06-a2a0-0d6b63183cea,Tables.md,"['Tables', 'Use tables if they make content easier to read', 'Accessibility requirements']",68,78,41,#tables/use-tables-if-they-make-content-easier-to-read,,"- 1.3.1 Info and relationships – level A  
- 1.4.1 Use of color – level A

---
### Print considerations
Publish long and detailed tables separately or in an appendix.
---",Style Guide Content/Tables.md,0,97,
e9cde518-41fe-4c82-942c-a657602b77cb,Tables.md,"['Tables', 'Refer to the table in the text']",79,108,306,#tables/refer-to-the-table-in-the-text,,"## Refer to the table in the text
Tables support the discussion in the text, not the other way around. It is essential to refer to a table in the text.
A single table on a webpage does not need a table number. If you use tables repeatedly, number tables and include the table number when you refer to the table in the text.
**When using a table:**
- Place the table close to where you mention it in the text and after the paragraph that refers to it. In print, the table should be on the same or facing page.  
- Ensure that the table number referenced in the text matches the table number in the title.  
- Don’t repeat the whole title of the table in the text.  
- Don’t refer to ‘the table below’ or ‘the table above’.  
- Ensure that the information in the text is consistent with the information in the table.
Your text comments on or interprets the table. Where possible, avoid repeating the text or data in the table word for word.
**Write**
> Table 2 shows that average rainfall has …
**Don’t write**
> Table 2 (Average monthly rainfall, June 2017 to December 2019) shows that average rainfall has …
---
### Print considerations
Avoid referring to a page number in the text. Page numbers can change during the publishing process.
---",Style Guide Content/Tables.md,2319,3560,
ae5ab35f-537b-44dd-91c2-fdcc56222fc0,Tables.md,"['Tables', 'Limit tables to only the information the user needs']",109,121,136,#tables/limit-tables-to-only-the-information-the-user-needs,,"## Limit tables to only the information the user needs
Be informative, but don’t include too much information. Use only as much text or data as you need to make sure the table is easy to understand. Make sure information is:
- precise  
- relevant to the title or caption  
- from a credible source and backed by evidence  
- consistent with how it’s presented in the text.
Check text and data in the table against the same information in the body of your content. It is easy to make a last-minute change to one and forget to correct the other.
---",Style Guide Content/Tables.md,3562,4110,
5b64138f-b34f-43fd-aff9-5cf048e6c102,Tables.md,"['Tables', 'Place data in a consistent and sequential order']",122,138,202,#tables/place-data-in-a-consistent-and-sequential-order,,"## Place data in a consistent and sequential order
Ensure that information in the table is correctly grouped and sits under the correct headings. The text or data in a table should use the same grammatical form (for example, noun, noun phrase or sentence).
Organise data in a sequential order. For example, order a list of names alphabetically by family name.
Merged cells can reduce usability for many people, including screen reader users. They can be made accessible in HTML and PDF. Avoid using them in word processing applications.
**To design usable tables:**
- Don’t make tables too long or too wide.  
- Consider splitting a large, complex table into smaller tables.  
- If the content includes a large number of tables, consider putting them in an appendix.  
- Check the structure and content of all the tables in your content. If you repeat or duplicate information, combine or delete tables.
---",Style Guide Content/Tables.md,4112,5019,
4cce860c-9054-45d0-9c22-c3e3ad9fbed1,Tables.md,"['Tables', 'Set column and row headings that are clear and accurate']",139,175,294,#tables/set-column-and-row-headings-that-are-clear-and-accurate,,"## Set column and row headings that are clear and accurate
Use simple language in row and column headings for tables. This makes it easier for people to understand the information. It also helps screen reader users navigate tables.
Structure tables so:
- the first row contains the column headings  
- the first column (also known as the ‘stub’) contains the row headings.
The column and row headings must relate to each other so users can make sense of the information.
Mark up tables to show header cells and data cells. PDF software and web authoring programs have tools to help you with this.
Use the same grammatical form for each entry in a column.
---
### Complex tables
Complex tables have header cells that span more than one column or row. If you use a complex table, you must define the column and row groups and mark up the table accordingly. This is so screen reader users can access the information in the table.
For detailed instructions and tutorials, visit:
- W3C’s web accessibility tutorial *Tables with irregular headers*  
- Adobe’s PDF accessibility repair: examine and repair tables.
---
### Print considerations
If a table runs over pages when printed, ensure:
- column headings appear at the top of each page  
- you repeat row headings on each page.
---",Style Guide Content/Tables.md,5021,6300,
24fe6e3c-ad3d-4a8b-9365-58d1fedf01ab,Tables.md,"['Tables', 'Add notes to provide sources or help interpret the data']",176,212,323,#tables/add-notes-to-provide-sources-or-help-interpret-the-data,,"## Add notes to provide sources or help interpret the data
The notes below a table can apply to the whole table or a specific entry in the table.
Use notes to tell users:
- how to interpret information in the table  
- what the source of the information in the table is.
Don’t include this information in the table title or caption or in ordinary footnotes or endnotes.
To connect the note under the table to the information it refers to in the table use:
- a symbol such as an asterisk (*) or hash (#) for only one note  
- superscript numbers or letters for more than one note.
Use only one type of note in a table. Either use all symbols, all superscript numbers or all superscript letters.
**When writing table notes, list them in the following order:**
1. abbreviations  
2. notes to superscript locators  
3. general note to the table  
4. source of data (use the appropriate form for author–date or documentary–note).
Align notes to the left. They should not extend beyond the edges of the table. Don’t use superscript for the note identifiers (the symbol, number or letter) in the note. They should be the same font size as the text of the notes so that they are easily found.
---
### Copyright requirements
You must attribute copyright material you reference. This includes data tables.
Read the government copyright rules in the *Australian Government intellectual property manual*.
---",Style Guide Content/Tables.md,6302,7698,
a10f1f28-619e-41a5-b033-46d8d3c84454,Tables.md,"['Tables', 'Scan-read table data and text for alignment']",213,248,331,#tables/scan-read-table-data-and-text-for-alignment,,"## Scan-read table data and text for alignment
The text and data in a table are as important as the structure. Align data and text so the table is easy to scan.
**In general:**
- Align text to the left.  
- Align numbers to the right.  
- In addition, decimal points in the column should line up.
Text should be set horizontally so it is easy to read. Don’t rotate text to display vertically.
If you can, use a fixed-width font for numbers in columns to help users scan the column and compare the values.
**For column and row headings:**
- Align column headings with the content in the column.  
- Include the unit in the heading if it is not in the title or caption.  
- Left-align row headings.
---
### Print considerations
Choose a clear typeface in a smaller point size than the text.
Don’t use a point size that is too small. Although typefaces and sizes vary, anything smaller than 8 points is too small.
Try to keep tables on one page. If you must use a long table:
- omit the rule at the bottom of the table – this is a visual cue that the table is not complete  
- at the bottom of the table, insert ‘(continued)’ aligned right to the edge of the table  
- on the next page, repeat the caption and insert ‘(continued)’ after the table number – for example, `Table 3 (continued): Farm output from 1990 to 2000`.
---",Style Guide Content/Tables.md,7700,9023,
d633d625-30c4-486c-83ad-d60e19cd5b82,Tables.md,"['Tables', 'Use lines and contrast to help readability']",249,262,254,#tables/use-lines-and-contrast-to-help-readability,,"## Use lines and contrast to help readability
Design tables for readability.
- Don’t use colour as the only way to convey meaning.  
- Don’t use cell or text formatting to convey meaning. It can make the table difficult to read. Screen reader users cannot ‘see’ the formatting.  
- Use lines where they help people read the table. Short tables need only a line above and below the header row and at the bottom of the table. Longer tables need lines, or shading of alternate rows (zebra shading), to help people follow the alignment across the table.  
- Ensure there is not too much white space between columns. This makes the content harder to read.  
- A table will take up the full width of the screen when viewed on a mobile phone. This may change the white space between columns and make it more or less readable.
A key benefit of tables is that they help people compare information. This is possible only if tables look the same as one another. Use the same font, and font sizes, rule (line) thicknesses and colour schemes for tables throughout the document.
---",Style Guide Content/Tables.md,9025,10093,
1f5a254c-49cf-4332-815c-e826a6b29e73,Tables.md,"['Tables', 'Provide a summary for complex tables']",263,278,125,#tables/provide-a-summary-for-complex-tables,,"## Provide a summary for complex tables
For complex tables, provide a summary to give people who use screen readers an overview of the information in the table.
The summary does not provide the same information as the title or caption.
Examples of summaries and captions and how to include them in HTML are in W3C’s *caption and summary* tutorial.
A summary can include a brief description of what:
- is in the rows and columns  
- is being measured and the units of measurements  
- the relationship between rows and columns is.
---",Style Guide Content/Tables.md,10095,10628,
08cda635-b3f4-4793-ae8d-cb33745c307b,Tables.md,"['Tables', 'Release notes']",279,285,61,#tables/release-notes,,"## Release notes
The digital edition includes detailed information about accessibility and how to structure tables for digital content.
The sixth edition dealt mainly with tables for print. The digital edition includes print considerations.
The *Content Guide* had a general overview on table structure and design.",Style Guide Content/Tables.md,10630,10944,
171e3dc3-5d0b-4c6f-9b52-15a20f8afe45,Telephone numbers.md,['Telephone numbers'],1,6,36,#telephone-numbers,,"# Telephone numbers
Write telephone numbers so people can read and use them easily. There are rules for grouping the numbers, using spacing and creating links.
---",Style Guide Content/Telephone numbers.md,0,163,
5b3cc662-0e05-402a-8a7c-429fdd2e1a30,Telephone numbers.md,"['Telephone numbers', 'Guidance']",7,16,63,#telephone-numbers/guidance,,"## Guidance
- Use ‘chunks’ of digits to help people read telephone numbers  
- Put a non-breaking space between the chunks of digits  
- Write telephone numbers in the national or international format  
- Make telephone numbers accessible through ‘click-to-call’ functionality  
- Don't use ‘phone words’
---",Style Guide Content/Telephone numbers.md,165,473,
761d7754-bf01-4caa-804f-487296786337,Telephone numbers.md,"['Telephone numbers', 'Use ‘chunks’ of digits to help people read telephone numbers']",17,40,238,#telephone-numbers/use-chunks-of-digits-to-help-people-read-telephone-numbers,,"## Use ‘chunks’ of digits to help people read telephone numbers
Break telephone numbers into shorter blocks of digits or ‘chunks’.
Telephone numbers are easier to read when their digits are chunked, rather than written in one large group.
Australian telephone numbers in general use have no more than 10 digits:
- **Landlines** – 2 digits for the area code followed by 8 digits for the rest of the telephone number.  
- **Mobiles** – 10 digits (there is no area code).
There are also categories of telephone numbers that don’t have 10 digits – for example, ‘13’ numbers have 6 digits.
**Example**
> 02 5550 4321 – A landline number in NSW or the ACT  
> 0491 570 159 – An Australian mobile number  
> 1300 975 707 – An Australia-wide local-rate number  
> 13 00 00 – An alternative Australia-wide local-rate number  
> 1800 160 401 – An Australia-wide freephone number  
> +61 2 5550 4321 – An Australian landline number in international format  
> +61 491 570 159 – An Australian mobile number in international format
---",Style Guide Content/Telephone numbers.md,475,1497,
b8236f38-f8e2-4fe7-908a-010d581905e3,Telephone numbers.md,"['Telephone numbers', 'Put a non-breaking space between the chunks of digits']",41,61,172,#telephone-numbers/put-a-non-breaking-space-between-the-chunks-of-digits,,"## Put a non-breaking space between the chunks of digits
Use a non-breaking space between chunks of digits in a telephone number. A non-breaking space means that line breaks won’t split up the number. The telephone number will stay together on one line.
You can insert a non-breaking space using the Unicode character `U+00A0`.
In HTML, use the entity `&nbsp;` to insert a non-breaking space. You can also use the keyboard shortcut **Ctrl+Shift+Spacebar** in Word.
### Print considerations
Use a narrow no-break space between chunks of digits in a telephone number.
The narrow no-break space ensures that the:
- telephone number stays together on one line  
- spacing between digits doesn’t change when text is justified.
You can insert a narrow no-break space using the Unicode character `U+202F`.
---",Style Guide Content/Telephone numbers.md,1499,2301,
095245a4-22d0-468d-a063-5babc09f4da3,Telephone numbers.md,"['Telephone numbers', 'Write telephone numbers in the national or international format']",62,111,340,#telephone-numbers/write-telephone-numbers-in-the-national-or-international-format,,"## Write telephone numbers in the national or international format
Write telephone numbers in a format appropriate for the location of the users.
### National format for telephone numbers
Use Australia’s national format when writing Australian telephone numbers for content that will be used within Australia.
For **landline telephone numbers**, write the 2-digit area code followed by a non-breaking space. Then write the rest of the number in 2 chunks of 4 digits.
Write **mobile telephone numbers** in 1 chunk of 4 digits and then 2 chunks of 3 digits.
**Example**
> 02 5550 4321 – Telephone  
> 0491 570 159 – Mobile
---
### International format for telephone numbers
Use international format for content that will be used outside Australia.
The international format uses a plus symbol ‘+’ to represent the international prefix, followed by a country code (‘61’ for Australia).
For **landline numbers**:
- start with a plus symbol ‘+’ and add the country code (‘61’ for Australia)  
- add the area code without the ‘0’  
- write the telephone number in 2 chunks of 4 digits.
**Example**
> +61 3 7010 4321 – Landline
For **mobile numbers**:
- start with a plus symbol ‘+’ and add the country code (‘61’ for Australia)  
- omit the first ‘0’  
- write the telephone number in 3 chunks of 3 digits.
**Example**
> +61 491 578 888 – Mobile
Always write foreign telephone numbers in the international format.
**Example**
> +1 212 555 0188 – US landline  
> +44 20 7946 0990 – UK landline
---",Style Guide Content/Telephone numbers.md,2303,3792,
a36612a4-8f68-4895-af9d-b464baadf726,Telephone numbers.md,"['Telephone numbers', 'Make telephone numbers accessible through ‘click-to-call’ functionality']",112,135,265,#telephone-numbers/make-telephone-numbers-accessible-through-click-to-call-functionality,,"## Make telephone numbers accessible through ‘click-to-call’ functionality
‘Click-to-call’ allows users to call a telephone number by selecting (clicking) the number shown in content. When the user selects the number, the user’s mobile phone, other mobile device or personal computer (if it has a supporting application) calls the number.
Click-to-call makes telephone numbers more accessible because users don’t need to copy the number manually. Click-to-call also works with screen readers.
Devices sometimes recognise when a number in content is a telephone number and automatically treat the number as a click-to-call link. This is not always the case, so use HTML code to support this functionality. Seek specialist advice if you’re unsure of how to do this.
### Using HTML for click-to-call
Use `tel:[telephone number]` as the URL. Remove spaces between the numbers.
Remember that all webpages can be accessed internationally. Include the international dialling prefix if appropriate.
**Example**
> 02 5550 5722 – HTML: `<a href=""tel:0255505722"">02&nbsp;5550&nbsp;5722</a>`  
> 1300 975 7007 – HTML: `<a href=""tel:13009757007"">1300&nbsp;975&nbsp;7007</a>`  
> 13 83 87 – HTML: `<a href=""tel:138387"">13&nbsp;83&nbsp;87</a>`  
> 1800 160 401 – HTML: `<a href=""tel:1800160401"">1800&nbsp;160&nbsp;401</a>`  
> +61 2 7010 0000 – HTML: `<a href=""tel:+61270100000"">+61&nbsp;2&nbsp;7010&nbsp;0000</a>`  
> +61 491 570 156 – HTML: `<a href=""tel:+61491570156"">+61&nbsp;491&nbsp;570&nbsp;156</a>`
---",Style Guide Content/Telephone numbers.md,3794,5289,
8ee51715-fae9-4592-9a8b-4d88509dac4c,Telephone numbers.md,"['Telephone numbers', ""Don't use ‘phone words’""]",136,149,85,#telephone-numbers/dont-use-phone-words,,"## Don't use ‘phone words’
Always display the telephone number as digits. Don’t use ‘phone words’. Use the relevant 13 or 1300 number instead.
Some organisations use phone words to advertise their telephone number as a digit-word combination. Don’t do this, because some people find it hard to convert letters to numbers.
**Write this**
> 13 83 87
**Not this**
> 13 VETS
---",Style Guide Content/Telephone numbers.md,5291,5665,
dbc9808c-e5a4-4034-94b2-a01041911c5c,Telephone numbers.md,"['Telephone numbers', 'Release notes']",150,156,85,#telephone-numbers/release-notes,,"## Release notes
The digital edition expands on information in the sixth edition. It includes examples and has more advice about spaces in telephone numbers.
The sixth edition guidance mentions non-breaking and thin spaces and includes spacing allowances for handwritten telephone numbers on forms.
The *Content Guide* had information about the format of telephone numbers and how to include a clickable link on webpages.",Style Guide Content/Telephone numbers.md,5667,6088,
d7e6e8cc-dcf0-4a3f-97f8-d7854a0118c9,Text boxes and callouts.md,['Text boxes and callouts'],1,6,31,#text-boxes-and-callouts,,"# Text boxes and callouts
Text boxes, pull-quotes and sidebars draw attention from body text. Make sure they are accessible to everyone.
---",Style Guide Content/Text boxes and callouts.md,0,140,
93284836-a29a-48ca-a3f5-cf2a39c8d14a,Text boxes and callouts.md,"['Text boxes and callouts', 'Guidance']",7,15,51,#text-boxes-and-callouts/guidance,,"## Guidance
- Limit the use of text boxes and callouts  
- Use text boxes for supporting content, not main text  
- Make text boxes accessible in HTML  
- Don’t use text boxes in Microsoft Office documents
---",Style Guide Content/Text boxes and callouts.md,142,351,
6595d35b-0ccf-4170-a380-a7c7936bb21e,Text boxes and callouts.md,"['Text boxes and callouts', 'Limit the use of text boxes and callouts']",16,25,108,#text-boxes-and-callouts/limit-the-use-of-text-boxes-and-callouts,,"## Limit the use of text boxes and callouts
You can draw attention to information in content by using text boxes and callouts (pull-quotes and sidebars).
Before you include a text box or callout in your content, consider how it will help people understand or use the information.
Don’t overuse text boxes or callouts: they become a distraction. Avoid putting content in a text box or callout just because you can’t make it fit into the flow of the text.
---",Style Guide Content/Text boxes and callouts.md,353,810,
0c68acaa-b87b-471d-a728-306ebab28f8d,Text boxes and callouts.md,"['Text boxes and callouts', 'Text boxes']",26,46,140,#text-boxes-and-callouts/text-boxes,,"## Text boxes
Text boxes sit close to the text they support.
Text boxes should contain a summary, examples or an expansion of ideas in the body of the text. This is because people:
- scan text boxes before they read the body text  
- often read text boxes separately from the main body of the text.
Use text boxes to set information apart from the content. You can use text boxes for information that is useful but not part of the main content, for example:
- summaries  
- checklists  
- examples  
- case studies  
- quotes  
- links to related information  
- definitions.
---",Style Guide Content/Text boxes and callouts.md,812,1391,
97dd74c6-17a1-4926-8126-d65387c612de,Text boxes and callouts.md,"['Text boxes and callouts', 'Pull-quotes']",47,57,76,#text-boxes-and-callouts/pull-quotes,,"## Pull-quotes
Pull-quotes are a type of callout. They are often in the form of an incomplete quote and are set apart with distinct formatting. They are not the same as ‘block quotations’.
Pull-quotes are a device to draw the user back into the content.
**Example**
> ‘engaging with the user is vital in government content’
---",Style Guide Content/Text boxes and callouts.md,1393,1720,
378d7d9d-1538-4874-ae96-5357c698ea80,Text boxes and callouts.md,"['Text boxes and callouts', 'Sidebars']",58,63,29,#text-boxes-and-callouts/sidebars,,"## Sidebars
Sidebars are a type of callout. They sit beside the main content and are more common in print publications.
---",Style Guide Content/Text boxes and callouts.md,1722,1845,
31fbbc4a-5207-47c8-a1f5-3c2b537aa97e,Text boxes and callouts.md,"['Text boxes and callouts', 'Use text boxes for supporting content, not main text']",64,79,225,#text-boxes-and-callouts/use-text-boxes-for-supporting-content-not-main-text,,"## Use text boxes for supporting content, not main text
Text boxes do more than highlight information. They also make it clear that it shouldn’t be read as part of the main text.
Use the same presentation for the same type of content. For example, present example text boxes consistently, but differently to summary information.
Use the same rules for capitalisation, punctuation and lists as other text.
Longer text boxes should have a heading or title to show people the purpose of the text box at a glance. Make it distinct from the other headings in the text so you don’t interrupt the heading hierarchy.
In technical or long-form content, text boxes often contain short articles that support the main body of the text. Examples include case studies and descriptions of processes. They often contain images.
Number text boxes if they feature repeatedly in content. Refer to numbered text boxes in the body text. You can use an appropriate identifier, such as ‘Box 1’ or ‘Case study 1’.
---",Style Guide Content/Text boxes and callouts.md,1847,2840,
20f912f2-44e5-4b56-b273-fb6acf987540,Text boxes and callouts.md,"['Text boxes and callouts', 'Make text boxes accessible in HTML']",80,113,239,#text-boxes-and-callouts/make-text-boxes-accessible-in-html,,"## Make text boxes accessible in HTML
Make sure boxes are readable by all users and on all devices.
For text boxes in HTML, use the `<aside>` element.
You can also use the `<role=""complementary"">` attribute to define an ARIA complementary landmark. Use this when it sits outside the `<main>` content.
Alternatively, use the `<role=""region"">` attribute and assign a name if the content needs to sit within the `<main>` section of a page.
For more information about formatting, visit the World Wide Web Consortium (W3C) ARIA landmarks example.
---
### Accessibility requirements
**User needs:**
- I can change the content's presentation without losing information or structure.  
- I can find and navigate the content and determine where I am on the webpage.
**Fundamentals:**
- Organise content in a clear order using section headings.  
- Choose colours and fonts that are readable. The design must be able to work well on mobile devices.
**Web Content Accessibility Guidelines success criteria:**
- 1.3.1 Info and relationships – level A  
- 1.3.2 Meaningful sequence – level A  
- 2.4.10 Section headings – level AAA
---",Style Guide Content/Text boxes and callouts.md,2842,3964,
5614f33c-2a52-442c-976a-1fd614bf3cde,Text boxes and callouts.md,"['Text boxes and callouts', 'Don’t use text boxes in Microsoft Office documents']",114,131,207,#text-boxes-and-callouts/dont-use-text-boxes-in-microsoft-office-documents,,"## Don’t use text boxes in Microsoft Office documents
You should not use text boxes in Word and PowerPoint. They are not accessible for most users of screen readers.
In Word, text boxes can sit above or below the ‘document layer’ that contains the page text – they are floating objects that can't carry a semantic structure. These features mean that not everyone using a screen reader can:
- read floating objects  
- understand how box text relates to page text  
- read the box text and page text in the correct order.
Instead of text boxes, use borders and paragraph styles to highlight content visually. If these styles don't work for your content, there are other solutions.
A one-by-one table is an option. If your document has complex formatting, accessible PDF (Portable Document Format) might be a better option.
Complex Office documents require careful design. To ensure accessibility, get advice from an accessibility professional.
---",Style Guide Content/Text boxes and callouts.md,3966,4912,
5245979d-5914-406d-8791-62fabb5261a8,Text boxes and callouts.md,"['Text boxes and callouts', 'Release notes']",132,138,55,#text-boxes-and-callouts/release-notes,,"## Release notes
This digital edition has an online focus for text boxes and callouts, including when and how to use them.
The sixth edition mentioned text boxes and side panels for printed content.
The *Content Guide* did not mention them.",Style Guide Content/Text boxes and callouts.md,4914,5154,
bdf0ade3-6592-471e-8c8d-7fc438755c7a,Topographic terms.md,['Topographic terms'],1,6,33,#topographic-terms,,"# Topographic terms
Correct capitalisation helps people identify topographic and geographic terms in your content. Refer to landmark features, regions and compass points correctly.
---",Style Guide Content/Topographic terms.md,0,184,
e8108ab6-d99d-455a-9a8d-6a3a1954f583,Topographic terms.md,"['Topographic terms', 'Guidance']",7,17,55,#topographic-terms/guidance,,"## Guidance
- Write official names with capitals  
- Write generic terms in lower case  
- Limit abbreviated names  
- Don’t use an apostrophe for possessive names  
- Spell the plural form correctly  
- Write compass points in lower case
---",Style Guide Content/Topographic terms.md,186,428,
d908a222-15e0-4cd7-9bd2-867c050426fc,Topographic terms.md,"['Topographic terms', 'Write official names with capitals']",18,38,128,#topographic-terms/write-official-names-with-capitals,,"## Write official names with capitals
Check official place names and style them correctly. You can check the spelling of an official name using the [Australian Place Names dataset](https://data.gov.au/dataset/australian-place-names).
The full names of mountains, rivers, valleys, bays, islands and other features always take initial capitals.
**Example**
- the Hunter Valley  
- the Three Sisters  
- the Paroo River
Some shortened forms that are popular names or nicknames are also capitalised.
**Example**
- The Snowy Mountains can also be called the ‘Snowies’.  
- The northern part of the Northern Territory is known as the ‘Top End’.
---",Style Guide Content/Topographic terms.md,430,1072,
7938efb9-08f0-4e3e-a4ea-2183b13b8c40,Topographic terms.md,"['Topographic terms', 'Write generic terms in lower case']",39,72,293,#topographic-terms/write-generic-terms-in-lower-case,,"## Write generic terms in lower case
In most cases, don’t use initial capitals when you use the name as a generic term.
**Example**
> I paddled a kayak 200 km down the Balonne River. The river was in flood for some of the trip.
When using the same generic term for 2 or more names in the same sentence, use lower case for the generic term.
**Example**
> The Barossa and Hunter valleys are important winemaking areas.  
> [The word ‘valley’ refers to both valleys. It’s used generically and does not take an initial capital.]
> The Barossa Valley is in South Australia and the Hunter Valley is in New South Wales.  
> [The word ‘valley’ is part of the name of each valley and so is capitalised.]
Keep the initial capital when the general term is a well-recognised abbreviation and works as a proper name.
**Example**
- The Great Barrier Reef is also called ‘the Reef’.  
- The Gulf of Carpentaria is also known as ‘the Gulf’.
Don’t use an initial capital if you’re using the noun in a generic sense.
**Example**
> The Amazon rainforest is vital to the health of our planet.  
> [The ‘Amazon rainforest’ is not the official name of the region. The word ‘rainforest’ is generic and doesn’t need an initial capital.]
---",Style Guide Content/Topographic terms.md,1074,2290,
142d5542-d31a-4e54-940a-b388d381f439,Topographic terms.md,"['Topographic terms', 'Limit abbreviated names']",73,94,125,#topographic-terms/limit-abbreviated-names,,"## Limit abbreviated names
‘Mt’ is a common and easily recognisable abbreviation for mountains. Use the abbreviation consistently in content and use initial capitals.
**Example**
- Mt Tennent is part of Namadgi National Park.
Spell out the names of other topographic features if you can. Use the abbreviated form only where there’s limited space or a lot of repetition, such as in tables and maps.
Use Geoscience Australia’s authorised abbreviations.
**Example**
- C Tribulation [Cape]  
- L Burley Griffin [Lake]  
- Murray R [River]  
- Green Is [Island]  
- Keppel Bay Is [Islands]
---",Style Guide Content/Topographic terms.md,2292,2880,
9b825f6d-af6a-4f0a-a96c-96987faa54bb,Topographic terms.md,"['Topographic terms', 'Don’t use an apostrophe for possessive names']",95,110,61,#topographic-terms/dont-use-an-apostrophe-for-possessive-names,,"## Don’t use an apostrophe for possessive names
Don’t use an apostrophe for topographic terms involving possessives. Official place names are not possessive and do not usually include punctuation.
Refer to related guidance on [Australian place names](https://www.stylemanual.gov.au/grammar-punctuation-and-conventions/names-and-terms/australian-place-names).
**Correct**
- Careys Peak
**Incorrect**
- Carey’s Peak
---",Style Guide Content/Topographic terms.md,2882,3299,
0f6599a9-c57d-41ef-9bed-835f014fb19b,Topographic terms.md,"['Topographic terms', 'Spell the plural form correctly']",111,121,76,#topographic-terms/spell-the-plural-form-correctly,,"## Spell the plural form correctly
The plural of any topographic name is formed simply by adding ‘s’ or ‘es’.
**Example**
- There are 4 Mount Wellingtons in Australia but only one Mount Coot-tha.  
- There are 3 Mount Jameses in Australia. There is one in Queensland, one in South Australia and one in Western Australia.
---",Style Guide Content/Topographic terms.md,3301,3625,
ef45d10e-4d02-480d-a714-e3356ab5613d,Topographic terms.md,"['Topographic terms', 'Write compass points in lower case']",122,143,161,#topographic-terms/write-compass-points-in-lower-case,,"## Write compass points in lower case
In text, write the points of a compass in lower case. Use hyphens for points such as ‘north-east’.
**Example**
- south  
- north-east  
- west-north-west  
- A north-westerly wind was blowing the fire towards the town.  
- The car was 30 degrees east of where it should have been.  
- A cool change was coming from the south.
You can use initialisms in tables, illustrations and some specialist works. Always use capital letters with no full stops or hyphens.
**Example**
> Points of the compass using initialisms for north, east, south and west and the intercardinal points (northeast, southeast, southwest, and northwest).  
> Initialisms often identify the points on a compass in illustrations.
---",Style Guide Content/Topographic terms.md,3627,4366,
e9780de1-dacf-4073-94d9-87a78e83f2a7,Topographic terms.md,"['Topographic terms', 'Release notes']",144,150,59,#topographic-terms/release-notes,,"## Release notes
The digital edition consolidates and expands information about topographic terms. It relates to guidance on [Australian place names](https://www.stylemanual.gov.au/grammar-punctuation-and-conventions/names-and-terms/australian-place-names).
The sixth edition provided brief information under ‘geographic features’ and ‘compass points’.
The Content Guide did not have specific details on topographic terms.",Style Guide Content/Topographic terms.md,4368,4790,
be40111c-ff89-4a08-a8e1-7e969e5f6b9d,Treaties.md,['Treaties'],1,6,32,#treaties,,"# Treaties
Treaties are made under international law. Follow the correct style to help people to access titles, series information and detailed citations.
---",Style Guide Content/Treaties.md,0,158,
94af7e0d-8e99-4351-a878-cfafd2ab7fce,Treaties.md,"['Treaties', 'Guidance']",7,14,41,#treaties/guidance,,"## Guidance
* Treaty citations need the correct title and series information
* Style for treaty titles is roman type, title case
* Detailed citations for treaties have many elements
---",Style Guide Content/Treaties.md,160,345,
df7e5ed2-764d-44cc-83d2-45c3ee8fc15d,Treaties.md,"['Treaties', 'Treaty citations need the correct title and series information']",15,40,266,#treaties/treaty-citations-need-the-correct-title-and-series-information,,"## Treaty citations need the correct title and series information
A treaty is an international agreement that is binding under international law. The [Department of Foreign Affairs and Trade](https://www.dfat.gov.au/) explains the different types of treaties and how they are made in the *Treaty making process*.
Sometimes a Commonwealth Act of parliament is required to give effect to a treaty – for example, the *Antarctic Treaty Act 1960*.
Treaties also include conventions, international agreements, covenants, an exchange of letters, international instruments, charters or protocols.
Treaties appear in various official series published by countries and international organisations.
Australian treaties are published in the **Australian Treaty Series (ATS)**. Other series include:
* **United Nations Treaty Series (UNTS)**
* **United States Treaties and Other International Agreements (UST)**
* **United Kingdom Treaty Series (UKTS)**
To search for the titles, short titles and series information for treaties that Australia has signed or taken other action on, use the [Australian Treaties Database](https://www.dfat.gov.au/international-relations/treaties). You can also use [AustLII’s Australian Treaties Library](http://www.austlii.edu.au/au/other/dfat/treaties.html).
For other series, use the [WorldLII Treaties and International Agreements database catalogue](http://www.worldlii.org/catalog/2676.html). Alternatively, go directly to the relevant databases:
* [United Nations Treaty Collection](https://treaties.un.org/)
* [UK Treaties Online](https://www.gov.uk/government/collections/treaties)
* [Treaties and Other International Acts Series (US)](https://www.state.gov/treaties-and-other-international-acts-series/)
---",Style Guide Content/Treaties.md,347,2082,
25f230d0-f002-4745-9285-7c624e9e3ab9,Treaties.md,"['Treaties', 'Style for treaty titles is roman type, title case']",41,63,205,#treaties/style-for-treaty-titles-is-roman-type-title-case,,"## Style for treaty titles is roman type, title case
Write titles of treaties in **roman type** with **title case** (maximal capitalisation). Follow the full title with the short title in parentheses and use the short title after that.
**Example**
> The South Pacific Nuclear Free Zone Treaty (SPNFP) is also known as the Treaty of Rarotonga.
The year the treaty is made does not form part of the title. If you include it, write it into the sentence or add it in parentheses after the short title.
**Example**
> International Covenant on Civil and Political Rights (ICCPR) (1966)
In general publications, citing the title of the treaty is usually enough.
**Examples**
> Basel Convention on the Control of Transboundary Movements of Hazardous Wastes and their Disposal (Basel Convention). Australia signed the Basel Convention in 1992.
> The Charter of the Organization of African Unity was adopted by participating governments in May 1963.
---",Style Guide Content/Treaties.md,2084,3027,
dffa1b7f-cf43-4cbe-ad85-0fa98a126c18,Treaties.md,"['Treaties', 'Detailed citations for treaties have many elements']",64,101,310,#treaties/detailed-citations-for-treaties-have-many-elements,,"## Detailed citations for treaties have many elements
You might need a detailed citation for an in-text citation, notes or a reference list.
Write the citation this way:
```
title
(place of making, date of making)
[year treaty entered into force]  
treaty series and volume number
page number in the series volume
```
Don’t use any punctuation between the elements.
The square brackets follow the style used in the *Australian Treaties Database*.
> **Tip:** Use the *registered* year to search the database for the year a treaty entered into force in the *United Nations Treaty Collection*.
**Examples**
> Basel Convention on the Control of Transboundary Movements of Hazardous Wastes and their Disposal (Basel, 22 March 1989) \[1992] UNTS 1673 p 57.
> Singapore–Australia Free Trade Agreement (Singapore, 17 February 2003) \[2003] ATS 16.
> South Pacific Nuclear Free Zone Treaty (Rarotonga, 6 August 1985) \[1986] ATS 32, UNTS 1445 p 177; ILM 24 p 1440; NZTS 1986/7.
If a short title has been introduced and used in the text, you can use the short title in the note.
Always use the long title in a reference list.
**Example**
> The International Covenant on Civil and Political Rights (ICCPR) entered into force on 23 March 1976.¹
> ¹ ICCPR (New York, 16 December 1966) \[1980] ATS 23.
> International Covenant on Civil and Political Rights (New York, 16 December 1966) \[1980] ATS 23.
---",Style Guide Content/Treaties.md,3029,4420,
d3ab4fa4-8697-469d-bfa2-14c90a313da4,Treaties.md,"['Treaties', 'Release notes']",102,110,162,#treaties/release-notes,,"## Release notes
The digital edition has considerable advice on how to cite legal material. It includes new material on Commonwealth tribunals and Australian Tax Office rulings. It expands on sixth edition information on treaties.
The digital edition departs from sixth edition guidance about the capitalisation, punctuation and italicisation of citation elements for some legal material. The current edition also recommends the contraction ‘Cth’ rather than ‘Cwlth’.
These departures are informed by legal material and general publications from Australian courts, government agencies working in the legislative context and academic sources. The digital edition style is for general, rather than specialist, legal content.
The *Content Guide* briefly mentioned legislation in relation to capitalisation. There was no detailed guidance about how to cite legislation.",Style Guide Content/Treaties.md,4422,5287,
0ebd1ad6-4eee-4721-a2e8-3c6a44df896b,Types of structure.md,['Types of structure'],1,6,41,#types-of-structure,,"# Types of structure
Structure supports the user as they search for information. Use the type of structure that suits the content and how people will need to consume it.
---",Style Guide Content/Types of structure.md,0,173,
d8d85b4b-6344-477d-b456-e1211d33c00c,Types of structure.md,"['Types of structure', 'Guidance']",7,14,51,#types-of-structure/guidance,,"## Guidance
- Structure content to help the user to navigate and understand  
- Pick the type of structure that works for the user  
- Design headings and other elements to help the user scan the page
---",Style Guide Content/Types of structure.md,175,379,
fcd20b68-b026-4d1d-a1c2-8470bae5a7ca,Types of structure.md,"['Types of structure', 'Structure content to help the user to navigate and understand']",15,46,279,#types-of-structure/structure-content-to-help-the-user-to-navigate-and-understand,,"## Structure content to help the user to navigate and understand
Structure helps people find information. It helps people to understand and use content by:
- preparing them for what they will read  
- helping them navigate and scan content  
- helping them remember what they’ve read.
Structure also helps search engines. They use structure to find and rank content in a search results listing.
### Accessibility requirements
**User needs:**
- I can change the content's presentation without losing information or structure.  
- I can find and navigate the content and determine where I am on the webpage.
**Fundamentals:**
- Write clear page titles. The title is the first thing a screen reader user will hear and is the first item to appear in search results.  
- Organise content in a clear order using section headings. Describe the topics or the following section in the headings.  
- Make sure all users can navigate through all content in the intended order, regardless of the technology they're using. Use the same navigation elements across services.
**Web Content Accessibility Guidelines success criteria:**
- 1.3.1 Info and relationships – level A  
- 2.4.2 Page titled – level A  
- 2.4.6 Headings and labels – level A  
- 2.4.10 Section headings – level AAA
---",Style Guide Content/Types of structure.md,381,1656,
8db46fa1-f53a-44c0-bb16-34624a0cb2ca,Types of structure.md,"['Types of structure', 'Pick the type of structure that works for the user']",47,60,291,#types-of-structure/pick-the-type-of-structure-that-works-for-the-user,,"## Pick the type of structure that works for the user
Use a structure that matches expectations for the type of content you're creating:
- **Hierarchical structure** – To group content into topics or connected ideas, prioritised by level of importance. People will scan content for relevance to them. Some will use screen readers to list headings in order to understand the content at a high level. Hierarchical structure is economical for people with low attention span, who are time-poor or need to use assistive technologies.  
- **Sequential structure** – To present a sequence of steps or events. People will need to know or do something with the content that is presented as instructional and ordered. Sequential structure helps people know where they are in a process towards a given result.  
- **Narrative structure** – To guide people from beginning to end. People will be interested in knowing the entire story. They will expect signposts that suggest where they are in the journey for ease of reference.
Avoid unconventional or inconsistent structures. They make people work harder to find and understand content. Do user research to understand who will be using the content and their level of literacy.
Your organisation might have templates for content such as reports, letters and emails. Structural elements are built into those templates.
---",Style Guide Content/Types of structure.md,1658,3017,
17089183-7f15-4578-b697-e44c5eb83b4d,Types of structure.md,"['Types of structure', 'Design headings and other elements to help the user scan the page']",61,78,145,#types-of-structure/design-headings-and-other-elements-to-help-the-user-scan-the-page,,"## Design headings and other elements to help the user scan the page
Once you have decided on the type of structure you need to use, plan the structural elements.
- Use a logical hierarchy or sequential steps for headings.  
- Write a topic sentence for each paragraph.  
- Display important information in lists, callout boxes, tables and illustrations.
Structure your content by writing about one idea at a time:
1. Start with the most important idea first.  
2. Group related ideas under headings.  
3. Organise ideas into short paragraphs.  
4. Make sure ideas flow from one paragraph to the next.  
5. Use a logical order for sentences.
---",Style Guide Content/Types of structure.md,3019,3664,
6efa75e5-39c0-48f1-ac7d-a65712fff89f,Types of structure.md,"['Types of structure', 'Release notes']",79,89,129,#types-of-structure/release-notes,,"## Release notes
The digital edition canvasses types of structure. It focuses on the inverted pyramid, and narrative structure is new.
The sixth edition and the *Content Guide* were silent on the inverted pyramid and narrative structure.
The sixth edition had advice on inductive and deductive patterns of writing, and on linear and non-linear structures. These are not covered in the digital edition.
The digital edition builds on a short paragraph from the sixth edition about sequential structure. It also has more concise information on hierarchical structure.
The *Content Guide* did not have advice on these topics.",Style Guide Content/Types of structure.md,3666,4287,
7ccb196a-6f38-4806-a822-d9aa3f0318fc,Types of words.md,['Types of words'],1,6,32,#types-of-words,,"# Types of words
Keep the functions of words in mind to write clear content. Grammar and sentence structure help people understand meaning.
---",Style Guide Content/Types of words.md,0,143,
2c5c9261-c540-4fa4-a0ff-162e366c688c,Types of words.md,"['Types of words', 'Guidance']",7,13,23,#types-of-words/guidance,,"## Guidance
- Words are grouped by function  
- Sentence structure sets the function of words
---",Style Guide Content/Types of words.md,145,242,
44cc4c56-925b-4bed-b965-0a26601b33ee,Types of words.md,"['Types of words', 'Words are grouped by function']",14,32,80,#types-of-words/words-are-grouped-by-function,,"## Words are grouped by function
Each word has a function in a sentence, clause or phrase. You can group words into different types depending on the way they function.
Functions include:
- adjectives  
- adverbs  
- conjunctions  
- determiners  
- nouns  
- prepositions  
- pronouns  
- verbs.
Functional categories for words are also known as ‘parts of speech’.
---",Style Guide Content/Types of words.md,244,612,
f7fea992-2ff3-4371-a346-abf412298ed9,Types of words.md,"['Types of words', 'Sentence structure sets the function of words']",33,63,396,#types-of-words/sentence-structure-sets-the-function-of-words,,"## Sentence structure sets the function of words
Many individual words can belong to different word types. This depends on what the word is doing in the sentence.
The function of the word depends on the role it plays in combination with others.
**Example**
> You can face penalties for using a still to make alcohol without the proper licence. [‘Still’ is a noun.]  
> The dinghy was floating in still water. [‘Still’ is an adjective.]  
> The people stood still during the national anthem. [‘Still’ is an adverb.]
You can change the meaning of a sentence by moving a word.
Place modifying words, such as adjectives and adverbs, next to the thing that they’re modifying. The same applies to adverbial and adjectival phrases and clauses.
If you don’t put the modifier in the right place, people will find it difficult to understand your content.
The following sentences are all grammatically correct. The meaning changes as the modifier **‘only’** is moved.
**Example**
> Only Jamilah told Freddie that she respected him. [No one else told Freddie.]  
> Jamilah only told Freddie that she respected him. [Jamilah didn’t write to Freddie. She just told him.]  
> Jamilah told only Freddie that she respected him. [Jamilah didn’t tell anyone else she respected him. She also didn’t tell anyone else that she respected them.]  
> Jamilah told Freddie only that she respected him. [Jamilah didn’t tell Freddie anything else.]  
> Jamilah told Freddie that only she respected him. [No one else respects Freddie.]  
> Jamilah told Freddie that she only respected him. [Jamilah doesn’t have any other opinion of Freddie.]  
> Jamilah told Freddie that she respected only him. [Jamilah doesn’t respect anyone else.]
Fixing a misplaced modifier is more complicated. Sentences with this issue often need some rewriting.
**Write this**",Style Guide Content/Types of words.md,614,2437,
509a4b23-9b0f-42c4-bfae-f1294ec9e5f1,Types of words.md,"['Types of words', 'Sentence structure sets the function of words']",64,70,90,#types-of-words/sentence-structure-sets-the-function-of-words,,"> The report suggested that the drug is beneficial, even though it’s harmful in larger doses. [‘It’ in the modifier refers to ‘the drug’.]

**Not this**
> Even though it’s harmful in larger doses, the report suggested the drug is beneficial. [‘It’ in the modifier could go with ‘the report’ or ‘the drug’. This structure weakens the modifier’s link with ‘the drug’. It creates ambiguity in meaning.]
---",Style Guide Content/Types of words.md,0,265,
9961bb29-084d-4884-820e-0a6aef9aedcf,Types of words.md,"['Types of words', 'Release notes']",71,79,106,#types-of-words/release-notes,,"## Release notes
The digital edition relates grammatical concepts to the principles of plain language.
It provides an overview on types of words to introduce grammatical concepts about parts of speech and how they relate to sentence structure.
The sixth edition called types of words ‘word classes’. It had summary information about parts of speech on pages 68 to 70. This formed part of Chapter 5 on grammar.
The *Content Guide* did not have any in-depth information on grammatical concepts.",Style Guide Content/Types of words.md,2439,2931,
33bd51b1-be69-47cb-852f-792ca5f16951,Verbs.md,['Verbs'],1,6,37,#verbs,,"# Verbs
Verbs express when something happened, or that something is continuing or finished. Verbs help people make sense of other parts of a sentence or clause.
---",Style Guide Content/Verbs.md,0,164,
272b62c4-dad0-48ad-a5c7-f3b3bbe26a32,Verbs.md,"['Verbs', 'Guidance']",7,17,68,#verbs/guidance,,"## Guidance
- Verbs describe an action, a state, an event or a change  
- Verbs must ‘agree’ with the subject  
- Objects complement some verbs  
- Tense changes the form of the verb  
- The ‘mood’ of a verb conveys meaning  
- Phrasal verbs need a preposition or adverb
---",Style Guide Content/Verbs.md,166,440,
dcc0ddd5-2ec6-417b-a511-8aed971ac4d1,Verbs.md,"['Verbs', 'Verbs describe an action, a state, an event or a change']",18,36,102,#verbs/verbs-describe-an-action-a-state-an-event-or-a-change,,"## Verbs describe an action, a state, an event or a change
Verbs are words that describe:
- an action  
- a state  
- an event  
- a change.
**Example**
> to work, to discuss, to try [actions]  
> to be, to have, to seem [states]  
> to happen, to occur, to result in [events]  
> to become, to grow, to dissolve [changes]
The form of the verb changes depending on the grammatical subject and tense.
---",Style Guide Content/Verbs.md,442,845,
3367c8da-74a0-4bc4-892b-034edda29326,Verbs.md,"['Verbs', 'Verbs must ‘agree’ with the subject']",37,58,219,#verbs/verbs-must-agree-with-the-subject,,"## Verbs must ‘agree’ with the subject
The form of the verb changes to show whether the subject is singular or plural (the number). This is called *subject–verb agreement*.
**Correct**
> The analyst works in the office on Mondays. [There is one specific analyst, so the verb takes the singular form ‘works’.]
**Incorrect**
> Jan work in the office on Mondays. [There is one person, Jan, so the verb should not take the plural form ‘work’.]
To decide which form of the verb you need, find its subject and ask ‘who’ or ‘what’ is doing the verb.
**Example**
> Question: Who works in the office on Mondays?  
> Answer: The analyst.
Subject–verb agreement is not always intuitive. A common mistake is to use the plural form of a verb with a collective noun.
Sentences contain at least a subject and a verb. Keep the relationship between the grammatical subject and the verb clear to users. This is the basis for writing plain language sentences.
---",Style Guide Content/Verbs.md,847,1791,
bba98fdc-6cea-40b8-af83-6235492c1195,Verbs.md,"['Verbs', 'Objects complement some verbs']",59,87,241,#verbs/objects-complement-some-verbs,,"## Objects complement some verbs
Some verbs need an object to have meaning. These are *transitive* verbs.
**Example**
> They need advice before the hearing. [‘Advice’ is the object of the verb ‘need’.]  
> Take my advice. [‘My advice’ is the object of the verb ‘take’.]
Some verbs don’t have an object. These are *intransitive* verbs. Intransitive verbs can have a complement in the form of an adverb or adverbial phrase.
**Example**
> The power grid failed. [The verb ‘failed’ has no object.]  
> The candidate campaigned tirelessly. [‘Tirelessly’ is an adverb complementing the verb.]
Some verbs can be transitive or intransitive.
**Example**
> They opened the door. [The object is ‘the door’.]  
> The door opened. [No object.]
A complement can also link the subject to an attribute, quality or characteristic. This is not an object but completes the sentence, often as an adjectival phrase or adjective.
**Example**
> The door is open. [‘Open’ is an adjective complementing ‘is’.]  
> The forecasts seem reasonable. [‘Reasonable’ complements ‘seem’.]  
> Each agency has its own arrangements. [‘Its own arrangements’ complements ‘has’.]
---",Style Guide Content/Verbs.md,1793,2937,
166c9379-de50-4233-9362-8fe0f97e7a1e,Verbs.md,"['Verbs', 'Tense changes the form of the verb']",88,105,149,#verbs/tense-changes-the-form-of-the-verb,,"## Tense changes the form of the verb
Verb form changes to show:
- when something happened (past, present or future) – this is the tense  
- whether something is continuing or has finished.
**Example**
> I was writing the report last week, but I couldn’t finish it. [Past tense, continuing.]  
> I wrote the report yesterday. [Past tense, finished.]  
> I am writing another report today. [Present tense, continuing.]  
> I will write a final report tomorrow. [Future tense, finished tomorrow.]  
> By next week, the executive will have reviewed the report. [Future perfect tense.]
Verbs like *will* change the form of the main verb. Added verbs are *auxiliary* verbs.
---",Style Guide Content/Verbs.md,2939,3611,
41a27fd0-0d46-484c-b3b5-3b876428f838,Verbs.md,"['Verbs', 'The ‘mood’ of a verb conveys meaning']",106,169,329,#verbs/the-mood-of-a-verb-conveys-meaning,,"## The ‘mood’ of a verb conveys meaning
You can use verbs to describe a fact, express a wish, or make a command or request. This is called *mood*.
### Indicative mood
Expresses simple statements or questions.
**Example**
> Jan went into the office on Monday.  
> The commander ordered the troops to stand at ease.  
> Was the report tabled in July this year?
### Imperative mood
Expresses urgency, commands, pleas and requests. It is direct and works well for instructions.
**Example**
> Apply now.  
> Lodge your submission by 31 July.  
> Verify your corporate credit card.  
> Please speak up.
Be aware that imperative commands can seem blunt, even with *please*.
### Subjunctive mood
Expresses possibility, hypotheticals or desirability.
**Example**
> If supply were to stop, we wouldn’t be able to meet demand.  
> If only they would update the data!  
> You should apply now.
The subjunctive can work with other words to express a condition.
**Example**
> If you took a sample, you would have some data.  
> If you applied now, we could process your application tomorrow.
Recommendations can also use this form.
**Example**
> That the Minister meet with peak body representatives.
Auxiliary verbs can convey ability, possibility, permission or obligation:
- can  
- could  
- may  
- might  
- will  
- would  
- shall  
- should  
- must  
- ought to
**Example**
> This could take some time.  
> You must submit your application by close of business.
---",Style Guide Content/Verbs.md,3613,5074,
4b48df19-5931-43d8-8095-2c71d9338d23,Verbs.md,"['Verbs', 'Phrasal verbs need a preposition or adverb']",170,185,104,#verbs/phrasal-verbs-need-a-preposition-or-adverb,,"## Phrasal verbs need a preposition or adverb
Phrasal verbs combine a verb with one or more prepositions, or with an adverb.
**Example**
> We need to check in with each other. [‘Check’ + ‘in’ + ‘with’.]  
> They found out 6 breaches had occurred. [‘Found’ + ‘out’.]
When a phrasal verb needs an object, the object can go between the parts.
**Example**
> The clue gave away the answer.  
> The clue gave the answer away.
---",Style Guide Content/Verbs.md,5076,5499,
3a3528da-2c85-4a7c-ae9a-14ae2b76fa83,Verbs.md,"['Verbs', 'Release notes']",186,194,98,#verbs/release-notes,,"## Release notes
The digital edition relates grammatical concepts to plain language principles, linking word choice to grammatical information about types of words.
It provides an overview on types of words to introduce grammatical concepts about parts of speech and their relationship to sentence structure.
The sixth edition called types of words *word classes* and summarised them on pages 68–70 of Chapter 5 on grammar.
The *Content Guide* did not have in-depth grammatical concepts.",Style Guide Content/Verbs.md,5501,5988,
f2b82134-3cae-49c8-a718-4d10e9915233,Voice and tone.md,['Voice and tone'],1,6,40,#voice-and-tone,,"# Voice and tone
Writing style is a result of voice and tone. Adjust your style to meet user needs. It influences whether and how people engage with content.
---",Style Guide Content/Voice and tone.md,0,161,
60597da2-43f0-4091-88c7-3f1aa37eb693,Voice and tone.md,"['Voice and tone', 'Guidance']",7,15,37,#voice-and-tone/guidance,,"## Guidance
- Adapt writing style with tone and voice  
- Align tone to context  
- Choose how formal tone should be  
- Identify the right voice
---",Style Guide Content/Voice and tone.md,163,312,
c02f9045-682c-4a33-b063-1c8292a6f6d7,Voice and tone.md,"['Voice and tone', 'Adapt writing style with tone and voice']",16,41,254,#voice-and-tone/adapt-writing-style-with-tone-and-voice,,"## Adapt writing style with tone and voice
Writing style describes the way you express ideas in content. The tone and voice you use influence the writing style for any type of content.
**Tone** is the way you express ideas. It includes the words you use, the way you put them together and their level of formality.
**Example**
> By registering with us, you can access a range of member services online.  
> *[Standard tone]*  
>  
> Online services are only available to members who have registered.  
> *[Formal tone]*
**Voice** captures who is writing – a persona people understand when they engage with the content. Voice can be objective and institutional or personal and friendly.
**Example**
> Over the next 3 years, the department will bolster its investment in cyber security.  
> *[Institutional voice, standard tone]*  
>  
> Our investment in workforce capability will create an ‘army of cyber experts’.  
> *[Personal voice, standard tone]*
Adapt tone and voice to engage users, so the content can meet their needs. For example, briefs for ministers will use a different tone and voice to a speech or information on a website.
---",Style Guide Content/Voice and tone.md,314,1456,
10ed3bce-c3ac-41bf-9557-93df498f5b1e,Voice and tone.md,"['Voice and tone', 'Align tone to context']",42,71,205,#voice-and-tone/align-tone-to-context,,"## Align tone to context
Tone is created by 4 elements:
- choice of words  
- viewpoint  
- grammar  
- level of formality.
### Word choice
Word choice will influence how users respond to you and your organisation. The smallest details, such as using contractions, can affect how content comes across.
### Viewpoint
The way the user relates to the content can depend on what pronouns feature in sentence structure.
- The **second person** (using the pronoun *you*) is active, direct and personal. It can be more engaging for people reading and using government content.  
- Using the **first person singular** (*I*) is rarely suitable in government content, except in correspondence.
### Grammar
Grammar is about sentence structure. It affects the way your writing sounds and how easy it is to read.
### Formality
Formality is about how closely you follow standard English and how familiar the tone of content needs to be.
---",Style Guide Content/Voice and tone.md,1458,2384,
cbad9b57-2181-4371-b9ec-4928e2419fea,Voice and tone.md,"['Voice and tone', 'Choose how formal tone should be']",72,135,372,#voice-and-tone/choose-how-formal-tone-should-be,,"## Choose how formal tone should be
The appropriate level of formality depends on the relationship between content and its user. There are 3 levels of formality:
- **formal**  
- **standard**  
- **informal**
A **formal tone** creates a distance between the content’s persona and the content’s reader.  
An **informal tone** suggests a relationship that is more casual and intimate.  
A **standard tone** sits between these two and is appropriate for most government content.
**Example**
> Guests should be seated 15 minutes before the performance starts.  
> *[Formal]*  
>  
> Why don’t you come in early and grab a seat before things get started?  
> *[Informal]*  
>  
> Please arrive 15 minutes before the concert starts.  
> *[Standard]*
Formality does not affect plain language.
---
### Formal tone
Formal tone:
- doesn’t use contractions  
- is literal – words are used with their dictionary meaning  
- doesn’t use metaphor, slang or idioms  
- often uses the third person (*he, she, they, them*).
**Uses:** legal writing, policies, reports, ministerial letters, formal correspondence to people you haven’t met, ceremonies, and showing respect to authority.
---
### Standard tone
Standard tone combines formal and informal tone. Most people find it easiest to understand.
Standard tone:
- can use contractions and personal pronouns  
- doesn’t use metaphors, idioms or slang.
**Uses:** most government content, including emails, letters, online services, corporate communications, media releases, articles.
---
### Informal tone
Informal tone:
- uses contractions and personal pronouns  
- can use metaphors and idioms (though these may reduce inclusivity and are not plain language)  
- never uses slang in government writing.
**Uses:** social media, blogs, and communication that becomes more casual over time with the audience.
---",Style Guide Content/Voice and tone.md,2386,4229,
2123be5e-1359-4da1-ab5d-642aa118a794,Voice and tone.md,"['Voice and tone', 'Identify the right voice']",136,202,414,#voice-and-tone/identify-the-right-voice,,"## Identify the right voice
Voice (or persona) refers to the personality implicit in the content.
It can be:
- **objective, formal and institutional**  
- **personal and friendly**
The right voice depends on the persona fit for the content. Voice and tone elements are closely connected, and voice can convey equality or authority.
A voice can be:
- supportive, friendly, positive and empowering  
- expert, impartial and balanced  
- serious and authoritative, but reasonable, legitimate and measured.
---
### Government voice
If your organisation has no set guidance, start with a basic government voice – a *definitive source* voice that is:
- respectful  
- clear and direct  
- objective and impartial.
#### A respectful writing style:
- uses inclusive language  
- expresses ideas in everyday words  
- speaks directly to people (*you*)  
- avoids inflammatory language, name-calling or sarcasm  
- is not condescending but not overly familiar.
#### A clear and direct writing style:
- is in plain language  
- uses active voice  
- is concise  
- structures ideas clearly  
- makes it easy for people to understand what to know or do.
**Write this**
> We will not be funding any new projects this year.
**Not this**
> In-flight projects will be funded subject to FAS FMDC approval. Other projects have not passed the first capital bid round and are deemed unsuccessful.
#### Objective and impartial writing:
- relies on facts  
- excludes opinion  
- is balanced and unbiased.
The difference between fact and opinion can be subtle. Viewpoint, adjectives and adverbs can affect neutrality.
**Write this**
> There was 15 mm of rain last summer. This made it the driest summer for 120 years.  
> *[Impersonal viewpoint; 120 years provides an objective benchmark]*
**Not this**
> Only 15 mm of rain meant last summer was the driest we’ve ever had.  
> *[Personal viewpoint via “we”; “only” implies subjectivity]*
---",Style Guide Content/Voice and tone.md,4231,6150,
dc8f1921-2707-4a4a-8ca3-3114b5a65250,Voice and tone.md,"['Voice and tone', 'Release notes']",203,209,73,#voice-and-tone/release-notes,,"## Release notes
The digital edition has mostly new content on voice and tone.
It uses the terms **voice** and **tone**, not the term **register** used in the sixth edition. This edition uses voice and tone to describe different aspects of register.
The *Content Guide* had brief advice on voice and tone in “Writing style”.",Style Guide Content/Voice and tone.md,6152,6476,
